fnid,region,departement,produit,saison,annee_semis,mois_semis,annee_recolte,mois_recolte,systeme_production,indicateur_qualite,superficie_ha,production_t,rendement_t_ha
SN2008A20103,Dakar,Rufisque,Niébé,Principale,1962,6,1962,11,None,0,4651.06067946904,1301.9730156284688,0.2799303439268611
SN2008A20103,Dakar,Rufisque,Niébé,Principale,1963,6,1963,11,None,0,3536.722966248407,1437.6373889521194,0.4064885496183205
SN2008A20103,Dakar,Rufisque,Niébé,Principale,1964,6,1964,11,None,0,3037.262089335464,1306.0226984142494,0.4299999999999999
SN2008A20103,Dakar,Rufisque,Niébé,Principale,1965,6,1965,11,None,0,3037.262089335464,674.9471309634364,0.2222222222222221
SN2008A20103,Dakar,Rufisque,Niébé,Principale,1966,6,1966,11,None,0,3611.642097785348,1577.3514450615507,0.4367407961128761
SN2008A20103,Dakar,Rufisque,Niébé,Principale,1967,6,1967,11,None,1,2523.6273226722888,4711.130974124786,1.8668093073014167
SN2008A20103,Dakar,Rufisque,Niébé,Principale,1968,6,1968,11,None,0,4051.7076271735086,527.1337092824439,0.1301016158587373
SN2008A20103,Dakar,Rufisque,Niébé,Principale,1969,6,1969,11,None,0,4308.862484070578,3065.609868835928,0.7114661654135338
SN2008A20103,Dakar,Rufisque,Niébé,Principale,1970,6,1970,11,None,0,2817.229324641384,1178.4576906621598,0.4183037853378054
SN2008A20103,Dakar,Rufisque,Niébé,Principale,1971,6,1971,11,None,0,1693.442351587262,201.13424502710404,0.118772419290554
SN2008A20103,Dakar,Rufisque,Niébé,Principale,1972,6,1972,11,None,0,2767.2832369500893,968.5491329325312,0.35
SN2008A20103,Dakar,Rufisque,Niébé,Principale,1973,6,1973,11,None,0,533.2082334611148,50.62103482225773,0.0949367088607594
SN2008A20103,Dakar,Rufisque,Niébé,Principale,1974,6,1974,11,None,0,2805.7552234150053,408.343014232879,0.145537647341833
SN2008A20103,Dakar,Rufisque,Niébé,Principale,1975,6,1975,11,None,0,1935.748371603136,757.2906809409757,0.3912133891213389
SN2008A20103,Dakar,Rufisque,Niébé,Principale,1976,6,1976,11,None,0,2007.9677146162232,465.7135203647711,0.2319327731092437
SN2008A20103,Dakar,Rufisque,Niébé,Principale,1977,6,1977,11,None,0,1984.344565032503,132.96458479979697,0.0670068027210884
SN2008A20103,Dakar,Rufisque,Niébé,Principale,1978,6,1978,11,None,0,431.9661638165993,172.78646552663972,0.3999999999999999
SN2008A20103,Dakar,Rufisque,Niébé,Principale,1979,6,1979,11,None,0,1474.7594811551085,304.4011560645098,0.2064073226544622
SN2008A20103,Dakar,Rufisque,Niébé,Principale,1980,6,1980,11,None,0,2026.8662342831992,480.5623572459667,0.2370962370962371
SN2008A20103,Dakar,Rufisque,Niébé,Principale,1981,6,1981,11,None,0,1825.057042125132,637.150091629484,0.3491124260355029
SN2008A20103,Dakar,Rufisque,Niébé,Principale,1982,6,1982,11,None,0,1768.3614831242037,93.14270407295422,0.0526717557251908
SN2008A20103,Dakar,Rufisque,Niébé,Principale,1983,6,1983,11,None,0,1768.3614831242037,92.4677569419908,0.0522900763358778
SN2008A20103,Dakar,Rufisque,Niébé,Principale,1986,6,1986,11,None,0,1542.0,581.5,0.3771076523994812
SN2008A20103,Dakar,Rufisque,Niébé,Principale,1987,6,1987,11,None,0,697.4,363.0,0.5205047318611987
SN2008A20103,Dakar,Rufisque,Niébé,Principale,1988,6,1988,11,None,0,884.0,252.9,0.2860859728506787
SN2008A20103,Dakar,Rufisque,Niébé,Principale,1989,6,1989,11,None,0,1311.0,598.4,0.4564454614797864
SN2008A20103,Dakar,Rufisque,Arachide (en coque),Principale,1960,6,1960,11,None,0,3500.0,3500.0,1.0
SN2008A20103,Dakar,Rufisque,Arachide (en coque),Principale,1961,6,1961,11,None,0,5000.0,3000.0,0.6
SN2008A20103,Dakar,Rufisque,Arachide (en coque),Principale,1962,6,1962,11,None,0,3000.0,2100.0,0.7
SN2008A20103,Dakar,Rufisque,Arachide (en coque),Principale,1963,6,1963,11,None,0,5380.0,2155.0,0.4005576208178438
SN2008A20103,Dakar,Rufisque,Arachide (en coque),Principale,1964,6,1964,11,None,0,4186.0,1860.0,0.4443382704252269
SN2008A20103,Dakar,Rufisque,Arachide (en coque),Principale,1965,6,1965,11,None,0,4000.0,2400.0,0.6
SN2008A20103,Dakar,Rufisque,Arachide (en coque),Principale,1966,6,1966,11,None,0,3575.0,1965.0,0.5496503496503496
SN2008A20103,Dakar,Rufisque,Arachide (en coque),Principale,1967,6,1967,11,None,0,5115.0,3282.0,0.6416422287390029
SN2008A20103,Dakar,Rufisque,Arachide (en coque),Principale,1968,6,1968,11,None,0,2836.0,713.0,0.251410437235543
SN2008A20103,Dakar,Rufisque,Arachide (en coque),Principale,1970,6,1970,11,None,0,3809.0,1000.0,0.2625360987135731
SN2008A20103,Dakar,Rufisque,Arachide (en coque),Principale,1971,6,1971,11,None,0,13.0,7.0,0.5384615384615384
SN2008A20103,Dakar,Rufisque,Arachide (en coque),Principale,1973,6,1973,11,None,0,2130.0,1069.0,0.5018779342723004
SN2008A20103,Dakar,Rufisque,Arachide (en coque),Principale,1974,6,1974,11,None,0,2000.0,1200.0,0.6
SN2008A20103,Dakar,Rufisque,Arachide (en coque),Principale,1976,6,1976,11,None,0,1421.0,515.0,0.362420830401126
SN2008A20103,Dakar,Rufisque,Arachide (en coque),Principale,1989,6,1989,11,None,0,724.0,607.0,0.8383977900552486
SN2008A20103,Dakar,Rufisque,Maïs,Principale,1988,6,1988,11,None,0,315.0,151.0,0.4793650793650794
SN2008A20103,Dakar,Rufisque,Maïs,Principale,1989,6,1989,11,None,0,145.0,159.0,1.096551724137931
SN2008A20103,Dakar,Rufisque,Mil,Principale,1960,6,1960,11,None,0,800.0,320.0,0.4
SN2008A20103,Dakar,Rufisque,Mil,Principale,1961,6,1961,11,None,0,800.0,320.0,0.4
SN2008A20103,Dakar,Rufisque,Mil,Principale,1962,6,1962,11,None,0,800.0,320.0,0.4
SN2008A20103,Dakar,Rufisque,Mil,Principale,1963,6,1963,11,None,0,385.5,115.5,0.2996108949416342
SN2008A20103,Dakar,Rufisque,Mil,Principale,1967,6,1967,11,None,0,572.5,225.5,0.393886462882096
SN2008A20103,Dakar,Rufisque,Mil,Principale,1968,6,1968,11,None,0,345.5,67.0,0.1939218523878437
SN2008A20103,Dakar,Rufisque,Mil,Principale,1970,6,1970,11,None,0,1147.5,515.5,0.4492374727668845
SN2008A20103,Dakar,Rufisque,Mil,Principale,1971,6,1971,11,None,0,473.0,373.0,0.7885835095137421
SN2008A20103,Dakar,Rufisque,Riz,Principale,1963,6,1963,11,None,0,19.0,19.0,1.0
SN2008A20103,Dakar,Rufisque,Riz,Principale,1967,6,1967,11,None,0,28.5,24.0,0.8421052631578947
SN2008A20103,Dakar,Rufisque,Riz,Principale,1971,6,1971,11,None,0,10.5,7.5,0.7142857142857143
SN2008A20104,Dakar,Dakar,Niébé,Principale,1962,6,1962,11,None,0,2239.93932053096,627.0269843715311,0.2799303439268611
SN2008A20104,Dakar,Dakar,Niébé,Principale,1963,6,1963,11,None,0,1703.277033751593,692.3626110478804,0.4064885496183206
SN2008A20104,Dakar,Dakar,Niébé,Principale,1964,6,1964,11,None,0,1462.737910664536,628.9773015857505,0.43
SN2008A20104,Dakar,Dakar,Niébé,Principale,1965,6,1965,11,None,0,1462.737910664536,325.05286903656355,0.2222222222222222
SN2008A20104,Dakar,Dakar,Niébé,Principale,1966,6,1966,11,None,0,1739.3579022146516,759.648554938449,0.4367407961128761
SN2008A20104,Dakar,Dakar,Niébé,Principale,1967,6,1967,11,None,1,1215.372677327711,2268.869025875213,1.8668093073014176
SN2008A20104,Dakar,Dakar,Niébé,Principale,1968,6,1968,11,None,0,1951.292372826491,253.86629071755613,0.1301016158587373
SN2008A20104,Dakar,Dakar,Niébé,Principale,1969,6,1969,11,None,0,2075.1375159294216,1476.3901311640716,0.7114661654135338
SN2008A20104,Dakar,Dakar,Niébé,Principale,1970,6,1970,11,None,0,1356.7706753586162,567.5423093378399,0.4183037853378054
SN2008A20104,Dakar,Dakar,Niébé,Principale,1971,6,1971,11,None,0,815.557648412738,96.86575497289594,0.118772419290554
SN2008A20104,Dakar,Dakar,Niébé,Principale,1972,6,1972,11,None,0,1332.7167630499105,466.4508670674687,0.35
SN2008A20104,Dakar,Dakar,Niébé,Principale,1973,6,1973,11,None,0,256.7917665388852,24.378965177742263,0.0949367088607594
SN2008A20104,Dakar,Dakar,Niébé,Principale,1974,6,1974,11,None,0,1351.2447765849947,196.65698576712097,0.145537647341833
SN2008A20104,Dakar,Dakar,Niébé,Principale,1975,6,1975,11,None,0,932.2516283968642,364.7093190590243,0.3912133891213389
SN2008A20104,Dakar,Dakar,Niébé,Principale,1976,6,1976,11,None,0,967.0322853837764,224.2864796352289,0.2319327731092437
SN2008A20104,Dakar,Dakar,Niébé,Principale,1977,6,1977,11,None,0,955.6554349674968,64.03541520020302,0.0670068027210884
SN2008A20104,Dakar,Dakar,Niébé,Principale,1978,6,1978,11,None,0,208.03383618340067,83.21353447336027,0.4
SN2008A20104,Dakar,Dakar,Niébé,Principale,1979,6,1979,11,None,0,710.2405188448913,146.59884393549015,0.2064073226544622
SN2008A20104,Dakar,Dakar,Niébé,Principale,1980,6,1980,11,None,0,976.1337657168004,231.43764275403325,0.237096237096237
SN2008A20104,Dakar,Dakar,Niébé,Principale,1981,6,1981,11,None,0,878.9429578748678,306.849908370516,0.3491124260355029
SN2008A20104,Dakar,Dakar,Niébé,Principale,1982,6,1982,11,None,0,851.6385168757965,44.85729592704577,0.0526717557251908
SN2008A20104,Dakar,Dakar,Niébé,Principale,1983,6,1983,11,None,0,851.6385168757965,44.53224305800921,0.0522900763358778
SN2008A20104,Dakar,Dakar,Niébé,Principale,1984,6,1984,11,None,0,4000.0,1840.0,0.46
SN2008A20104,Dakar,Dakar,Niébé,Principale,1986,6,1986,11,None,0,499.0,117.0,0.2344689378757515
SN2008A20104,Dakar,Dakar,Niébé,Principale,1987,6,1987,11,None,0,807.0,184.0,0.2280049566294919
SN2008A20104,Dakar,Dakar,Niébé,Principale,1988,6,1988,11,None,0,906.0,426.1,0.4703090507726269
SN2008A20104,Dakar,Dakar,Niébé,Principale,1989,6,1989,11,None,0,1812.0,400.0,0.2207505518763796
SN2008A20104,Dakar,Dakar,Mil,Principale,1960,6,1960,11,None,0,800.0,320.0,0.4
SN2008A20104,Dakar,Dakar,Mil,Principale,1961,6,1961,11,None,0,800.0,320.0,0.4
SN2008A20104,Dakar,Dakar,Mil,Principale,1962,6,1962,11,None,0,800.0,320.0,0.4
SN2008A20104,Dakar,Dakar,Mil,Principale,1963,6,1963,11,None,0,385.5,115.5,0.2996108949416342
SN2008A20104,Dakar,Dakar,Mil,Principale,1967,6,1967,11,None,0,572.5,225.5,0.393886462882096
SN2008A20104,Dakar,Dakar,Mil,Principale,1968,6,1968,11,None,0,345.5,67.0,0.1939218523878437
SN2008A20104,Dakar,Dakar,Mil,Principale,1970,6,1970,11,None,0,1147.5,515.5,0.4492374727668845
SN2008A20104,Dakar,Dakar,Mil,Principale,1971,6,1971,11,None,0,473.0,373.0,0.7885835095137421
SN2008A20104,Dakar,Dakar,Riz,Principale,1963,6,1963,11,None,0,19.0,19.0,1.0
SN2008A20104,Dakar,Dakar,Riz,Principale,1967,6,1967,11,None,0,28.5,24.0,0.8421052631578947
SN2008A20104,Dakar,Dakar,Riz,Principale,1971,6,1971,11,None,0,10.5,7.5,0.7142857142857143
SN2008A20701,Thies,Mbour,Niébé,Principale,1968,6,1968,11,None,0,20.0,3.0,0.15
SN2008A20701,Thies,Mbour,Niébé,Principale,1970,6,1970,11,None,0,45.0,5.0,0.1111111111111111
SN2008A20701,Thies,Mbour,Niébé,Principale,1971,6,1971,11,None,0,70.0,23.0,0.3285714285714285
SN2008A20701,Thies,Mbour,Niébé,Principale,1973,6,1973,11,None,0,43.0,9.0,0.2093023255813953
SN2008A20701,Thies,Mbour,Niébé,Principale,1974,6,1974,11,None,0,249.0,36.0,0.144578313253012
SN2008A20701,Thies,Mbour,Niébé,Principale,1975,6,1975,11,None,0,134.0,10.0,0.0746268656716417
SN2008A20701,Thies,Mbour,Niébé,Principale,1976,6,1976,11,None,0,127.0,18.0,0.1417322834645669
SN2008A20701,Thies,Mbour,Niébé,Principale,1977,6,1977,11,None,0,189.0,31.0,0.164021164021164
SN2008A20701,Thies,Mbour,Niébé,Principale,1978,6,1978,11,None,0,275.0,51.0,0.1854545454545454
SN2008A20701,Thies,Mbour,Niébé,Principale,1979,6,1979,11,None,0,265.0,45.0,0.1698113207547169
SN2008A20701,Thies,Mbour,Niébé,Principale,1980,6,1980,11,None,0,352.0,74.0,0.2102272727272727
SN2008A20701,Thies,Mbour,Niébé,Principale,1981,6,1981,11,None,0,280.0,57.0,0.2035714285714285
SN2008A20701,Thies,Mbour,Niébé,Principale,1982,6,1982,11,None,0,183.0,79.0,0.4316939890710382
SN2008A20701,Thies,Mbour,Niébé,Principale,1983,6,1983,11,None,0,311.0,124.0,0.3987138263665595
SN2008A20701,Thies,Mbour,Niébé,Principale,1985,6,1985,11,None,0,,147.0,
SN2008A20701,Thies,Mbour,Niébé,Principale,1987,6,1987,11,None,0,208.0,83.0,0.3990384615384615
SN2008A20701,Thies,Mbour,Niébé,Principale,1988,6,1988,11,None,0,149.0,52.0,0.348993288590604
SN2008A20701,Thies,Mbour,Niébé,Principale,1989,6,1989,11,None,0,154.0,59.0,0.3831168831168831
SN2008A20701,Thies,Mbour,Arachide (en coque),Principale,1960,6,1960,11,None,0,40000.0,40000.0,1.0
SN2008A20701,Thies,Mbour,Arachide (en coque),Principale,1961,6,1961,11,None,0,34000.0,33000.0,0.9705882352941176
SN2008A20701,Thies,Mbour,Arachide (en coque),Principale,1962,6,1962,11,None,0,35000.0,36560.0,1.0445714285714285
SN2008A20701,Thies,Mbour,Arachide (en coque),Principale,1963,6,1963,11,None,0,34851.0,38336.0,1.0999971306418754
SN2008A20701,Thies,Mbour,Arachide (en coque),Principale,1964,6,1964,11,None,0,37000.0,41000.0,1.108108108108108
SN2008A20701,Thies,Mbour,Arachide (en coque),Principale,1965,6,1965,11,None,0,40000.0,40000.0,1.0
SN2008A20701,Thies,Mbour,Arachide (en coque),Principale,1966,6,1966,11,None,0,21700.0,17560.0,0.8092165898617512
SN2008A20701,Thies,Mbour,Arachide (en coque),Principale,1967,6,1967,11,None,0,38241.0,42085.0,1.1005203838811746
SN2008A20701,Thies,Mbour,Arachide (en coque),Principale,1968,6,1968,11,None,0,37156.0,21353.0,0.5746851114221122
SN2008A20701,Thies,Mbour,Arachide (en coque),Principale,1969,6,1969,11,None,0,36000.0,23000.0,0.6388888888888888
SN2008A20701,Thies,Mbour,Arachide (en coque),Principale,1970,6,1970,11,None,0,35330.0,19920.0,0.5638267761109539
SN2008A20701,Thies,Mbour,Arachide (en coque),Principale,1971,6,1971,11,None,0,42000.0,44100.0,1.05
SN2008A20701,Thies,Mbour,Arachide (en coque),Principale,1972,6,1972,11,None,0,33600.0,7115.0,0.2117559523809523
SN2008A20701,Thies,Mbour,Arachide (en coque),Principale,1973,6,1973,11,None,0,49604.0,44000.0,0.887025239900008
SN2008A20701,Thies,Mbour,Arachide (en coque),Principale,1974,6,1974,11,None,0,40820.0,37084.0,0.9084762371386575
SN2008A20701,Thies,Mbour,Arachide (en coque),Principale,1975,6,1975,11,None,0,51500.0,43775.0,0.85
SN2008A20701,Thies,Mbour,Arachide (en coque),Principale,1976,6,1976,11,None,0,45000.0,35404.0,0.7867555555555555
SN2008A20701,Thies,Mbour,Arachide (en coque),Principale,1977,6,1977,11,None,0,43000.0,9000.0,0.2093023255813953
SN2008A20701,Thies,Mbour,Arachide (en coque),Principale,1978,6,1978,11,None,0,28845.0,34588.0,1.1990986306118911
SN2008A20701,Thies,Mbour,Arachide (en coque),Principale,1979,6,1979,11,None,0,49304.0,39718.0,0.8055735842933637
SN2008A20701,Thies,Mbour,Arachide (en coque),Principale,1980,6,1980,11,None,0,36465.0,11470.0,0.314548196901138
SN2008A20701,Thies,Mbour,Arachide (en coque),Principale,1981,6,1981,11,None,0,21684.0,9741.0,0.4492252351964582
SN2008A20701,Thies,Mbour,Arachide (en coque),Principale,1983,6,1983,11,None,0,38582.0,15847.0,0.4107355761754186
SN2008A20701,Thies,Mbour,Arachide (en coque),Principale,1985,6,1985,11,None,0,18936.0,19774.0,1.0442543303760037
SN2008A20701,Thies,Mbour,Arachide (en coque),Principale,1986,6,1986,11,None,0,32969.0,25881.0,0.78501016106039
SN2008A20701,Thies,Mbour,Arachide (en coque),Principale,1987,6,1987,11,None,0,27239.0,22159.0,0.8135026983369433
SN2008A20701,Thies,Mbour,Arachide (en coque),Principale,1988,6,1988,11,None,0,27044.0,17848.0,0.6599615441502736
SN2008A20701,Thies,Mbour,Arachide (en coque),Principale,1989,6,1989,11,None,0,23237.0,13060.0,0.5620346860610234
SN2008A20701,Thies,Mbour,Maïs,Principale,1975,6,1975,11,None,0,47.0,38.0,0.8085106382978723
SN2008A20701,Thies,Mbour,Mil,Principale,1960,6,1960,11,None,0,39000.0,13800.0,0.3538461538461538
SN2008A20701,Thies,Mbour,Mil,Principale,1961,6,1961,11,None,0,40000.0,15450.0,0.38625
SN2008A20701,Thies,Mbour,Mil,Principale,1962,6,1962,11,None,0,39000.0,17000.0,0.4358974358974359
SN2008A20701,Thies,Mbour,Mil,Principale,1963,6,1963,11,None,0,43000.0,21200.0,0.4930232558139535
SN2008A20701,Thies,Mbour,Mil,Principale,1964,6,1964,11,None,0,45000.0,15750.0,0.35
SN2008A20701,Thies,Mbour,Mil,Principale,1965,6,1965,11,None,0,47000.0,18800.0,0.4
SN2008A20701,Thies,Mbour,Mil,Principale,1966,6,1966,11,None,0,37875.0,18310.0,0.4834323432343234
SN2008A20701,Thies,Mbour,Mil,Principale,1967,6,1967,11,None,0,49000.0,22150.0,0.4520408163265306
SN2008A20701,Thies,Mbour,Mil,Principale,1968,6,1968,11,None,0,51500.0,16571.0,0.3217669902912621
SN2008A20701,Thies,Mbour,Mil,Principale,1969,6,1969,11,None,0,52400.0,25954.0,0.4953053435114504
SN2008A20701,Thies,Mbour,Mil,Principale,1970,6,1970,11,None,1,53000.0,99440.0,1.8762264150943395
SN2008A20701,Thies,Mbour,Mil,Principale,1971,6,1971,11,None,0,54000.0,29752.0,0.550962962962963
SN2008A20701,Thies,Mbour,Mil,Principale,1972,6,1972,11,None,0,40100.0,7311.0,0.1823192019950124
SN2008A20701,Thies,Mbour,Mil,Principale,1973,6,1973,11,None,0,60000.0,32150.0,0.5358333333333334
SN2008A20701,Thies,Mbour,Mil,Principale,1974,6,1974,11,None,0,37300.0,27125.0,0.7272117962466488
SN2008A20701,Thies,Mbour,Mil,Principale,1975,6,1975,11,None,0,54580.0,45075.0,0.8258519604250641
SN2008A20701,Thies,Mbour,Mil,Principale,1976,6,1976,11,None,0,51674.0,18500.0,0.3580137012811085
SN2008A20701,Thies,Mbour,Mil,Principale,1977,6,1977,11,None,0,29000.0,5846.0,0.2015862068965517
SN2008A20701,Thies,Mbour,Mil,Principale,1978,6,1978,11,None,0,38940.0,40614.0,1.042989214175655
SN2008A20701,Thies,Mbour,Mil,Principale,1979,6,1979,11,None,0,35837.0,19386.0,0.5409492982113459
SN2008A20701,Thies,Mbour,Mil,Principale,1980,6,1980,11,None,0,47446.0,20330.0,0.4284871222020823
SN2008A20701,Thies,Mbour,Mil,Principale,1981,6,1981,11,None,0,39457.0,36986.0,0.937374863775756
SN2008A20701,Thies,Mbour,Mil,Principale,1983,6,1983,11,None,0,39666.0,16548.0,0.417183482075329
SN2008A20701,Thies,Mbour,Mil,Principale,1985,6,1985,11,None,0,63886.0,47284.0,0.7401308580909746
SN2008A20701,Thies,Mbour,Mil,Principale,1986,6,1986,11,None,0,41131.0,20373.0,0.4953198317570689
SN2008A20701,Thies,Mbour,Mil,Principale,1987,6,1987,11,None,0,36462.0,26857.0,0.736575064450661
SN2008A20701,Thies,Mbour,Mil,Principale,1988,6,1988,11,None,0,33413.0,18926.0,0.5664262412833329
SN2008A20701,Thies,Mbour,Mil,Principale,1989,6,1989,11,None,0,40977.0,22690.0,0.5537252605119946
SN2008A20701,Thies,Mbour,Riz,Principale,1960,6,1960,11,None,0,225.0,219.0,0.9733333333333334
SN2008A20701,Thies,Mbour,Riz,Principale,1961,6,1961,11,None,0,347.0,265.0,0.7636887608069164
SN2008A20701,Thies,Mbour,Riz,Principale,1962,6,1962,11,None,0,353.0,359.0,1.0169971671388105
SN2008A20701,Thies,Mbour,Riz,Principale,1963,6,1963,11,None,0,290.0,282.0,0.9724137931034482
SN2008A20701,Thies,Mbour,Riz,Principale,1964,6,1964,11,None,0,320.0,303.0,0.946875
SN2008A20701,Thies,Mbour,Riz,Principale,1965,6,1965,11,None,0,300.0,240.0,0.8
SN2008A20701,Thies,Mbour,Riz,Principale,1966,6,1966,11,None,0,350.0,315.0,0.9
SN2008A20701,Thies,Mbour,Riz,Principale,1967,6,1967,11,None,0,342.0,338.0,0.9883040935672516
SN2008A20701,Thies,Mbour,Riz,Principale,1968,6,1968,11,None,0,365.0,284.0,0.7780821917808219
SN2008A20701,Thies,Mbour,Riz,Principale,1969,6,1969,11,None,0,290.0,290.0,1.0
SN2008A20701,Thies,Mbour,Riz,Principale,1970,6,1970,11,None,0,325.0,92.0,0.283076923076923
SN2008A20701,Thies,Mbour,Riz,Principale,1971,6,1971,11,None,0,292.0,234.0,0.8013698630136986
SN2008A20701,Thies,Mbour,Riz,Principale,1972,6,1972,11,None,0,282.0,,
SN2008A20701,Thies,Mbour,Riz,Principale,1973,6,1973,11,None,0,240.0,179.0,0.7458333333333333
SN2008A20701,Thies,Mbour,Riz,Principale,1974,6,1974,11,None,0,182.0,143.0,0.7857142857142857
SN2008A20701,Thies,Mbour,Riz,Principale,1975,6,1975,11,None,0,200.0,220.0,1.1
SN2008A20701,Thies,Mbour,Riz,Principale,1976,6,1976,11,None,0,200.0,50.0,0.25
SN2008A20701,Thies,Mbour,Sorgho,Principale,1985,6,1985,11,None,1,2990.0,5382.0,1.8
SN2008A20701,Thies,Mbour,Sorgho,Principale,1986,6,1986,11,None,0,3036.0,1328.0,0.4374176548089591
SN2008A20701,Thies,Mbour,Sorgho,Principale,1987,6,1987,11,None,0,4495.0,3874.0,0.8618464961067853
SN2008A20701,Thies,Mbour,Sorgho,Principale,1988,6,1988,11,None,0,5196.0,3203.0,0.6164357197844496
SN2008A20701,Thies,Mbour,Sorgho,Principale,1989,6,1989,11,None,0,1514.0,1653.0,1.0918097754293263
SN2008A20702,Thies,Thies,Niébé,Principale,1962,6,1962,11,None,0,2610.0,700.0,0.2681992337164751
SN2008A20702,Thies,Thies,Niébé,Principale,1964,6,1964,11,None,0,3330.0,850.0,0.2552552552552553
SN2008A20702,Thies,Thies,Niébé,Principale,1965,6,1965,11,None,0,3300.0,825.0,0.25
SN2008A20702,Thies,Thies,Niébé,Principale,1966,6,1966,11,None,0,4300.0,834.0,0.193953488372093
SN2008A20702,Thies,Thies,Niébé,Principale,1967,6,1967,11,None,0,3500.0,900.0,0.2571428571428571
SN2008A20702,Thies,Thies,Niébé,Principale,1968,6,1968,11,None,0,3500.0,890.0,0.2542857142857143
SN2008A20702,Thies,Thies,Niébé,Principale,1969,6,1969,11,None,0,3500.0,920.0,0.2628571428571428
SN2008A20702,Thies,Thies,Niébé,Principale,1970,6,1970,11,None,0,3300.0,794.0,0.2406060606060606
SN2008A20702,Thies,Thies,Niébé,Principale,1971,6,1971,11,None,0,3500.0,920.0,0.2628571428571428
SN2008A20702,Thies,Thies,Niébé,Principale,1972,6,1972,11,None,0,5250.0,53.0,0.010095238095238
SN2008A20702,Thies,Thies,Niébé,Principale,1973,6,1973,11,None,0,3500.0,1165.0,0.3328571428571428
SN2008A20702,Thies,Thies,Niébé,Principale,1974,6,1974,11,None,0,4690.0,1850.0,0.394456289978678
SN2008A20702,Thies,Thies,Niébé,Principale,1975,6,1975,11,None,0,3050.0,892.0,0.2924590163934426
SN2008A20702,Thies,Thies,Niébé,Principale,1976,6,1976,11,None,0,2000.0,600.0,0.3
SN2008A20702,Thies,Thies,Niébé,Principale,1977,6,1977,11,None,0,4500.0,900.0,0.2
SN2008A20702,Thies,Thies,Niébé,Principale,1978,6,1978,11,None,0,4000.0,1000.0,0.25
SN2008A20702,Thies,Thies,Niébé,Principale,1979,6,1979,11,None,0,1100.0,230.0,0.209090909090909
SN2008A20702,Thies,Thies,Niébé,Principale,1980,6,1980,11,None,0,2650.0,315.0,0.1188679245283018
SN2008A20702,Thies,Thies,Niébé,Principale,1981,6,1981,11,None,0,1524.0,800.0,0.5249343832020997
SN2008A20702,Thies,Thies,Niébé,Principale,1983,6,1983,11,None,0,2666.0,141.0,0.0528882220555138
SN2008A20702,Thies,Thies,Niébé,Principale,1984,6,1984,11,None,0,3398.0,1359.0,0.3999411418481459
SN2008A20702,Thies,Thies,Niébé,Principale,1985,6,1985,11,None,0,6228.0,3103.0,0.4982337829158638
SN2008A20702,Thies,Thies,Niébé,Principale,1987,6,1987,11,None,0,2245.0,1009.0,0.4494432071269488
SN2008A20702,Thies,Thies,Niébé,Principale,1988,6,1988,11,None,0,3606.0,1143.0,0.3169717138103161
SN2008A20702,Thies,Thies,Niébé,Principale,1989,6,1989,11,None,0,2633.0,1976.0,0.7504747436384352
SN2008A20702,Thies,Thies,Arachide (en coque),Principale,1960,6,1960,11,None,0,37000.0,37000.0,1.0
SN2008A20702,Thies,Thies,Arachide (en coque),Principale,1961,6,1961,11,None,0,29000.0,34000.0,1.1724137931034482
SN2008A20702,Thies,Thies,Arachide (en coque),Principale,1962,6,1962,11,None,0,30200.0,32020.0,1.0602649006622518
SN2008A20702,Thies,Thies,Arachide (en coque),Principale,1963,6,1963,11,None,0,36295.0,39924.0,1.0999862239977958
SN2008A20702,Thies,Thies,Arachide (en coque),Principale,1964,6,1964,11,None,0,32000.0,26000.0,0.8125
SN2008A20702,Thies,Thies,Arachide (en coque),Principale,1965,6,1965,11,None,0,38000.0,38000.0,1.0
SN2008A20702,Thies,Thies,Arachide (en coque),Principale,1966,6,1966,11,None,0,30368.0,13830.0,0.455413593256059
SN2008A20702,Thies,Thies,Arachide (en coque),Principale,1967,6,1967,11,None,0,44788.0,41200.0,0.919889256050728
SN2008A20702,Thies,Thies,Arachide (en coque),Principale,1968,6,1968,11,None,0,46096.0,31565.0,0.6847665741062131
SN2008A20702,Thies,Thies,Arachide (en coque),Principale,1969,6,1969,11,None,0,35000.0,19500.0,0.5571428571428572
SN2008A20702,Thies,Thies,Arachide (en coque),Principale,1970,6,1970,11,None,0,34200.0,18360.0,0.5368421052631579
SN2008A20702,Thies,Thies,Arachide (en coque),Principale,1971,6,1971,11,None,0,39146.0,38892.0,0.9935114698819802
SN2008A20702,Thies,Thies,Arachide (en coque),Principale,1972,6,1972,11,None,0,13622.0,2186.0,0.1604757010717956
SN2008A20702,Thies,Thies,Arachide (en coque),Principale,1973,6,1973,11,None,0,39658.0,36800.0,0.9279338342831208
SN2008A20702,Thies,Thies,Arachide (en coque),Principale,1974,6,1974,11,None,0,36457.0,33043.0,0.906355432427243
SN2008A20702,Thies,Thies,Arachide (en coque),Principale,1975,6,1975,11,None,0,56000.0,50400.0,0.9
SN2008A20702,Thies,Thies,Arachide (en coque),Principale,1976,6,1976,11,None,0,40785.0,32702.0,0.8018143925462793
SN2008A20702,Thies,Thies,Arachide (en coque),Principale,1977,6,1977,11,None,0,37000.0,30250.0,0.8175675675675675
SN2008A20702,Thies,Thies,Arachide (en coque),Principale,1978,6,1978,11,None,0,23133.0,29145.0,1.2598884710154326
SN2008A20702,Thies,Thies,Arachide (en coque),Principale,1979,6,1979,11,None,0,33511.0,14909.0,0.4448986899823938
SN2008A20702,Thies,Thies,Arachide (en coque),Principale,1980,6,1980,11,None,0,41737.0,12024.0,0.2880897045786712
SN2008A20702,Thies,Thies,Arachide (en coque),Principale,1981,6,1981,11,None,0,28388.0,20202.0,0.7116387205861632
SN2008A20702,Thies,Thies,Arachide (en coque),Principale,1983,6,1983,11,None,0,33274.0,7881.0,0.2368515958405962
SN2008A20702,Thies,Thies,Arachide (en coque),Principale,1985,6,1985,11,None,0,10573.0,10067.0,0.95214224912513
SN2008A20702,Thies,Thies,Arachide (en coque),Principale,1986,6,1986,11,None,0,26570.0,22161.0,0.8340609710199474
SN2008A20702,Thies,Thies,Arachide (en coque),Principale,1987,6,1987,11,None,0,21860.0,20938.0,0.957822506861848
SN2008A20702,Thies,Thies,Arachide (en coque),Principale,1988,6,1988,11,None,0,23656.0,2675.0,0.1130791342576936
SN2008A20702,Thies,Thies,Arachide (en coque),Principale,1989,6,1989,11,None,0,16397.0,19248.0,1.1738732695005183
SN2008A20702,Thies,Thies,Maïs,Principale,1975,6,1975,11,None,0,61.0,49.0,0.8032786885245902
SN2008A20702,Thies,Thies,Maïs,Principale,1976,6,1976,11,None,0,70.0,50.0,0.7142857142857143
SN2008A20702,Thies,Thies,Maïs,Principale,1989,6,1989,11,None,0,249.0,305.0,1.2248995983935742
SN2008A20702,Thies,Thies,Mil,Principale,1960,6,1960,11,None,0,34500.0,13800.0,0.4
SN2008A20702,Thies,Thies,Mil,Principale,1961,6,1961,11,None,0,34000.0,13000.0,0.3823529411764705
SN2008A20702,Thies,Thies,Mil,Principale,1962,6,1962,11,None,0,34500.0,13300.0,0.3855072463768116
SN2008A20702,Thies,Thies,Mil,Principale,1963,6,1963,11,None,0,35000.0,13300.0,0.38
SN2008A20702,Thies,Thies,Mil,Principale,1964,6,1964,11,None,0,37000.0,11100.0,0.3
SN2008A20702,Thies,Thies,Mil,Principale,1965,6,1965,11,None,0,39000.0,15600.0,0.4
SN2008A20702,Thies,Thies,Mil,Principale,1966,6,1966,11,None,0,39000.0,5356.0,0.1373333333333333
SN2008A20702,Thies,Thies,Mil,Principale,1967,6,1967,11,None,0,39100.0,16135.0,0.4126598465473146
SN2008A20702,Thies,Thies,Mil,Principale,1968,6,1968,11,None,0,38600.0,11820.0,0.3062176165803109
SN2008A20702,Thies,Thies,Mil,Principale,1969,6,1969,11,None,0,40200.0,17927.0,0.4459452736318408
SN2008A20702,Thies,Thies,Mil,Principale,1970,6,1970,11,None,0,39400.0,15420.0,0.3913705583756345
SN2008A20702,Thies,Thies,Mil,Principale,1971,6,1971,11,None,0,38600.0,17800.0,0.4611398963730569
SN2008A20702,Thies,Thies,Mil,Principale,1972,6,1972,11,None,0,39100.0,2236.0,0.0571867007672634
SN2008A20702,Thies,Thies,Mil,Principale,1973,6,1973,11,None,0,48600.0,25900.0,0.5329218106995884
SN2008A20702,Thies,Thies,Mil,Principale,1974,6,1974,11,None,0,26600.0,17020.0,0.6398496240601503
SN2008A20702,Thies,Thies,Mil,Principale,1975,6,1975,11,None,0,40251.0,30263.0,0.751857096718094
SN2008A20702,Thies,Thies,Mil,Principale,1976,6,1976,11,None,0,38136.0,12242.0,0.3210090203482273
SN2008A20702,Thies,Thies,Mil,Principale,1977,6,1977,11,None,0,21000.0,1635.0,0.0778571428571428
SN2008A20702,Thies,Thies,Mil,Principale,1978,6,1978,11,None,0,23445.0,22601.0,0.964000853060354
SN2008A20702,Thies,Thies,Mil,Principale,1979,6,1979,11,None,0,26035.0,8150.0,0.3130401382753985
SN2008A20702,Thies,Thies,Mil,Principale,1980,6,1980,11,None,0,37335.0,14411.0,0.38599169679925
SN2008A20702,Thies,Thies,Mil,Principale,1981,6,1981,11,None,0,35555.0,32508.0,0.9143017859654056
SN2008A20702,Thies,Thies,Mil,Principale,1983,6,1983,11,None,0,24989.0,6490.0,0.2597142742806835
SN2008A20702,Thies,Thies,Mil,Principale,1985,6,1985,11,None,0,42310.0,22483.0,0.5313873788702435
SN2008A20702,Thies,Thies,Mil,Principale,1986,6,1986,11,None,0,34860.0,17083.0,0.4900458978772232
SN2008A20702,Thies,Thies,Mil,Principale,1987,6,1987,11,None,0,25715.0,17794.0,0.6919696675092358
SN2008A20702,Thies,Thies,Mil,Principale,1988,6,1988,11,None,0,22582.0,2641.0,0.1169515543353113
SN2008A20702,Thies,Thies,Mil,Principale,1989,6,1989,11,None,0,26314.0,20498.0,0.7789769704339895
SN2008A20702,Thies,Thies,Riz,Principale,1960,6,1960,11,None,0,15.0,15.0,1.0
SN2008A20702,Thies,Thies,Riz,Principale,1961,6,1961,11,None,0,50.0,50.0,1.0
SN2008A20702,Thies,Thies,Riz,Principale,1962,6,1962,11,None,0,67.0,97.0,1.4477611940298507
SN2008A20702,Thies,Thies,Riz,Principale,1963,6,1963,11,None,0,102.0,141.0,1.3823529411764706
SN2008A20702,Thies,Thies,Riz,Principale,1964,6,1964,11,None,0,140.0,196.0,1.4
SN2008A20702,Thies,Thies,Riz,Principale,1965,6,1965,11,None,0,145.0,145.0,1.0
SN2008A20702,Thies,Thies,Riz,Principale,1966,6,1966,11,None,0,245.0,294.0,1.2
SN2008A20702,Thies,Thies,Riz,Principale,1967,6,1967,11,None,0,154.0,317.0,2.0584415584415585
SN2008A20702,Thies,Thies,Riz,Principale,1968,6,1968,11,None,0,259.0,310.0,1.196911196911197
SN2008A20702,Thies,Thies,Riz,Principale,1969,6,1969,11,None,0,270.0,334.0,1.237037037037037
SN2008A20702,Thies,Thies,Riz,Principale,1970,6,1970,11,None,0,282.0,254.0,0.900709219858156
SN2008A20702,Thies,Thies,Riz,Principale,1971,6,1971,11,None,0,259.0,310.0,1.196911196911197
SN2008A20702,Thies,Thies,Riz,Principale,1972,6,1972,11,None,0,350.0,117.0,0.3342857142857143
SN2008A20702,Thies,Thies,Riz,Principale,1973,6,1973,11,None,0,270.0,217.0,0.8037037037037037
SN2008A20702,Thies,Thies,Riz,Principale,1974,6,1974,11,None,0,48.0,47.0,0.9791666666666666
SN2008A20702,Thies,Thies,Riz,Principale,1975,6,1975,11,None,0,58.0,75.0,1.293103448275862
SN2008A20702,Thies,Thies,Riz,Principale,1976,6,1976,11,None,0,30.0,6.0,0.2
SN2008A20702,Thies,Thies,Sorgho,Principale,1985,6,1985,11,None,0,2870.0,3373.0,1.175261324041812
SN2008A20702,Thies,Thies,Sorgho,Principale,1986,6,1986,11,None,0,5983.0,5983.0,1.0
SN2008A20702,Thies,Thies,Sorgho,Principale,1987,6,1987,11,None,0,1489.0,1403.0,0.9422431161853592
SN2008A20702,Thies,Thies,Sorgho,Principale,1988,6,1988,11,None,0,4977.0,2149.0,0.4317862165963432
SN2008A20702,Thies,Thies,Sorgho,Principale,1989,6,1989,11,None,0,1410.0,1680.0,1.1914893617021276
SN2008A20703,Thies,Tivaouane,Niébé,Principale,1962,6,1962,11,None,0,4700.0,1145.0,0.2436170212765957
SN2008A20703,Thies,Tivaouane,Niébé,Principale,1964,6,1964,11,None,0,5000.0,1850.0,0.37
SN2008A20703,Thies,Tivaouane,Niébé,Principale,1965,6,1965,11,None,0,5200.0,1820.0,0.35
SN2008A20703,Thies,Tivaouane,Niébé,Principale,1966,6,1966,11,None,0,5500.0,1365.0,0.2481818181818181
SN2008A20703,Thies,Tivaouane,Niébé,Principale,1967,6,1967,11,None,0,5600.0,2470.0,0.4410714285714285
SN2008A20703,Thies,Tivaouane,Niébé,Principale,1968,6,1968,11,None,0,6000.0,1138.0,0.1896666666666666
SN2008A20703,Thies,Tivaouane,Niébé,Principale,1969,6,1969,11,None,0,6500.0,1532.0,0.2356923076923077
SN2008A20703,Thies,Tivaouane,Niébé,Principale,1970,6,1970,11,None,0,6500.0,1532.0,0.2356923076923077
SN2008A20703,Thies,Tivaouane,Niébé,Principale,1971,6,1971,11,None,0,6645.0,1873.0,0.2818660647103085
SN2008A20703,Thies,Tivaouane,Niébé,Principale,1972,6,1972,11,None,0,6645.0,57.0,0.0085778781038374
SN2008A20703,Thies,Tivaouane,Niébé,Principale,1973,6,1973,11,None,0,6700.0,1930.0,0.2880597014925373
SN2008A20703,Thies,Tivaouane,Niébé,Principale,1974,6,1974,11,None,0,7900.0,3725.0,0.4715189873417721
SN2008A20703,Thies,Tivaouane,Niébé,Principale,1975,6,1975,11,None,0,9744.0,3871.0,0.3972701149425287
SN2008A20703,Thies,Tivaouane,Niébé,Principale,1976,6,1976,11,None,0,15500.0,3100.0,0.2
SN2008A20703,Thies,Tivaouane,Niébé,Principale,1977,6,1977,11,None,0,8000.0,1750.0,0.21875
SN2008A20703,Thies,Tivaouane,Niébé,Principale,1978,6,1978,11,None,0,226.0,139.0,0.6150442477876106
SN2008A20703,Thies,Tivaouane,Niébé,Principale,1979,6,1979,11,None,0,12900.0,2840.0,0.2201550387596899
SN2008A20703,Thies,Tivaouane,Niébé,Principale,1980,6,1980,11,None,0,4100.0,1441.0,0.3514634146341463
SN2008A20703,Thies,Tivaouane,Niébé,Principale,1981,6,1981,11,None,0,7473.0,2989.0,0.3999732369864847
SN2008A20703,Thies,Tivaouane,Niébé,Principale,1982,6,1982,11,None,0,861.0,387.0,0.4494773519163763
SN2008A20703,Thies,Tivaouane,Niébé,Principale,1983,6,1983,11,None,0,11540.0,2341.0,0.2028596187175043
SN2008A20703,Thies,Tivaouane,Niébé,Principale,1984,6,1984,11,None,0,10194.0,4077.0,0.3999411418481459
SN2008A20703,Thies,Tivaouane,Niébé,Principale,1985,6,1985,11,None,0,17957.0,7103.0,0.3955560505652392
SN2008A20703,Thies,Tivaouane,Niébé,Principale,1986,6,1986,11,None,0,17500.0,11700.0,0.6685714285714286
SN2008A20703,Thies,Tivaouane,Niébé,Principale,1987,6,1987,11,None,0,9042.0,4636.0,0.5127184251271842
SN2008A20703,Thies,Tivaouane,Niébé,Principale,1988,6,1988,11,None,0,10631.0,1959.0,0.1842724108738594
SN2008A20703,Thies,Tivaouane,Niébé,Principale,1989,6,1989,11,None,0,14812.0,6793.0,0.4586146367809884
SN2008A20703,Thies,Tivaouane,Arachide (en coque),Principale,1960,6,1960,11,None,0,55100.0,53100.0,0.9637023593466424
SN2008A20703,Thies,Tivaouane,Arachide (en coque),Principale,1961,6,1961,11,None,0,70000.0,81000.0,1.1571428571428573
SN2008A20703,Thies,Tivaouane,Arachide (en coque),Principale,1962,6,1962,11,None,0,68000.0,50700.0,0.7455882352941177
SN2008A20703,Thies,Tivaouane,Arachide (en coque),Principale,1963,6,1963,11,None,0,55158.0,52400.0,0.9499981870263606
SN2008A20703,Thies,Tivaouane,Arachide (en coque),Principale,1964,6,1964,11,None,0,68000.0,55000.0,0.8088235294117647
SN2008A20703,Thies,Tivaouane,Arachide (en coque),Principale,1965,6,1965,11,None,0,68000.0,64600.0,0.95
SN2008A20703,Thies,Tivaouane,Arachide (en coque),Principale,1966,6,1966,11,None,0,69000.0,54211.0,0.7856666666666666
SN2008A20703,Thies,Tivaouane,Arachide (en coque),Principale,1967,6,1967,11,None,0,74790.0,74290.0,0.9933146142532424
SN2008A20703,Thies,Tivaouane,Arachide (en coque),Principale,1968,6,1968,11,None,0,86000.0,59925.0,0.6968023255813953
SN2008A20703,Thies,Tivaouane,Arachide (en coque),Principale,1969,6,1969,11,None,0,80000.0,72000.0,0.9
SN2008A20703,Thies,Tivaouane,Arachide (en coque),Principale,1970,6,1970,11,None,0,66810.0,34080.0,0.5101032779524023
SN2008A20703,Thies,Tivaouane,Arachide (en coque),Principale,1971,6,1971,11,None,0,74322.0,86213.0,1.1599930034175614
SN2008A20703,Thies,Tivaouane,Arachide (en coque),Principale,1972,6,1972,11,None,0,81574.0,9501.0,0.1164709343663422
SN2008A20703,Thies,Tivaouane,Arachide (en coque),Principale,1973,6,1973,11,None,0,61764.0,57500.0,0.9309630205297584
SN2008A20703,Thies,Tivaouane,Arachide (en coque),Principale,1974,6,1974,11,None,0,77936.0,74280.0,0.9530897146376514
SN2008A20703,Thies,Tivaouane,Arachide (en coque),Principale,1975,6,1975,11,None,0,88300.0,97130.0,1.1
SN2008A20703,Thies,Tivaouane,Arachide (en coque),Principale,1976,6,1976,11,None,0,74700.0,51820.0,0.6937081659973227
SN2008A20703,Thies,Tivaouane,Arachide (en coque),Principale,1977,6,1977,11,None,0,55000.0,21000.0,0.3818181818181818
SN2008A20703,Thies,Tivaouane,Arachide (en coque),Principale,1978,6,1978,11,None,0,53933.0,73535.0,1.3634509483989394
SN2008A20703,Thies,Tivaouane,Arachide (en coque),Principale,1979,6,1979,11,None,0,78301.0,51087.0,0.6524437746644359
SN2008A20703,Thies,Tivaouane,Arachide (en coque),Principale,1980,6,1980,11,None,0,72111.0,27952.0,0.3876246342444287
SN2008A20703,Thies,Tivaouane,Arachide (en coque),Principale,1981,6,1981,11,None,0,67190.0,51343.0,0.7641464503646376
SN2008A20703,Thies,Tivaouane,Arachide (en coque),Principale,1983,6,1983,11,None,0,86226.0,23158.0,0.2685732841602301
SN2008A20703,Thies,Tivaouane,Arachide (en coque),Principale,1985,6,1985,11,None,0,15538.0,14912.0,0.9597116746041962
SN2008A20703,Thies,Tivaouane,Arachide (en coque),Principale,1986,6,1986,11,None,0,38183.0,27619.0,0.7233323730455962
SN2008A20703,Thies,Tivaouane,Arachide (en coque),Principale,1987,6,1987,11,None,0,39271.0,33818.0,0.8611443558860228
SN2008A20703,Thies,Tivaouane,Arachide (en coque),Principale,1988,6,1988,11,None,0,40138.0,6642.0,0.1654790971149534
SN2008A20703,Thies,Tivaouane,Arachide (en coque),Principale,1989,6,1989,11,None,0,44926.0,45784.0,1.0190980723857008
SN2008A20703,Thies,Tivaouane,Mil,Principale,1960,6,1960,11,None,0,53000.0,16750.0,0.3160377358490566
SN2008A20703,Thies,Tivaouane,Mil,Principale,1961,6,1961,11,None,0,54000.0,16900.0,0.3129629629629629
SN2008A20703,Thies,Tivaouane,Mil,Principale,1962,6,1962,11,None,0,53500.0,16200.0,0.302803738317757
SN2008A20703,Thies,Tivaouane,Mil,Principale,1963,6,1963,11,None,0,54100.0,16900.0,0.3123844731977819
SN2008A20703,Thies,Tivaouane,Mil,Principale,1964,6,1964,11,None,0,57000.0,16200.0,0.2842105263157894
SN2008A20703,Thies,Tivaouane,Mil,Principale,1965,6,1965,11,None,0,61000.0,18300.0,0.3
SN2008A20703,Thies,Tivaouane,Mil,Principale,1966,6,1966,11,None,0,69000.0,14265.0,0.2067391304347826
SN2008A20703,Thies,Tivaouane,Mil,Principale,1967,6,1967,11,None,0,75000.0,30000.0,0.4
SN2008A20703,Thies,Tivaouane,Mil,Principale,1968,6,1968,11,None,0,65000.0,16750.0,0.2576923076923076
SN2008A20703,Thies,Tivaouane,Mil,Principale,1969,6,1969,11,None,0,72272.0,33738.0,0.4668197918972769
SN2008A20703,Thies,Tivaouane,Mil,Principale,1970,6,1970,11,None,0,60000.0,18500.0,0.3083333333333333
SN2008A20703,Thies,Tivaouane,Mil,Principale,1971,6,1971,11,None,0,67500.0,33462.0,0.4957333333333333
SN2008A20703,Thies,Tivaouane,Mil,Principale,1972,6,1972,11,None,0,76663.0,3619.0,0.0472066055333081
SN2008A20703,Thies,Tivaouane,Mil,Principale,1973,6,1973,11,None,0,67600.0,45311.0,0.6702810650887574
SN2008A20703,Thies,Tivaouane,Mil,Principale,1974,6,1974,11,None,0,44821.0,28161.0,0.6282992347337185
SN2008A20703,Thies,Tivaouane,Mil,Principale,1975,6,1975,11,None,0,33640.0,22801.0,0.677794292508918
SN2008A20703,Thies,Tivaouane,Mil,Principale,1976,6,1976,11,None,0,31821.0,18616.0,0.5850224694384212
SN2008A20703,Thies,Tivaouane,Mil,Principale,1977,6,1977,11,None,0,52000.0,14014.0,0.2695
SN2008A20703,Thies,Tivaouane,Mil,Principale,1978,6,1978,11,None,1,47664.0,54450.0,1.1423716012084593
SN2008A20703,Thies,Tivaouane,Mil,Principale,1979,6,1979,11,None,0,51944.0,34321.0,0.6607307870013861
SN2008A20703,Thies,Tivaouane,Mil,Principale,1980,6,1980,11,None,0,72146.0,31309.0,0.4339672331106368
SN2008A20703,Thies,Tivaouane,Mil,Principale,1981,6,1981,11,None,0,75391.0,41537.0,0.5509543579472351
SN2008A20703,Thies,Tivaouane,Mil,Principale,1983,6,1983,11,None,0,69128.0,18599.0,0.2690516143964819
SN2008A20703,Thies,Tivaouane,Mil,Principale,1985,6,1985,11,None,0,94468.0,63293.0,0.6699940720667316
SN2008A20703,Thies,Tivaouane,Mil,Principale,1986,6,1986,11,None,0,56040.0,20732.0,0.3699500356887937
SN2008A20703,Thies,Tivaouane,Mil,Principale,1987,6,1987,11,None,0,49271.0,25128.0,0.5099957378579691
SN2008A20703,Thies,Tivaouane,Mil,Principale,1988,6,1988,11,None,0,33233.0,3423.0,0.1030000300905726
SN2008A20703,Thies,Tivaouane,Mil,Principale,1989,6,1989,11,None,0,45589.0,18373.0,0.4030138849283818
SN2008A20703,Thies,Tivaouane,Riz,Principale,1960,6,1960,11,None,0,9.0,15.0,1.6666666666666667
SN2008A20703,Thies,Tivaouane,Riz,Principale,1961,6,1961,11,None,0,22.0,30.0,1.3636363636363635
SN2008A20703,Thies,Tivaouane,Riz,Principale,1962,6,1962,11,None,0,23.0,23.0,1.0
SN2008A20703,Thies,Tivaouane,Riz,Principale,1963,6,1963,11,None,0,23.0,32.0,1.391304347826087
SN2008A20703,Thies,Tivaouane,Riz,Principale,1964,6,1964,11,None,0,25.0,35.0,1.4
SN2008A20703,Thies,Tivaouane,Riz,Principale,1965,6,1965,11,None,0,25.0,25.0,1.0
SN2008A20703,Thies,Tivaouane,Riz,Principale,1966,6,1966,11,None,0,35.0,38.0,1.0857142857142856
SN2008A20703,Thies,Tivaouane,Riz,Principale,1967,6,1967,11,None,0,28.0,28.0,1.0
SN2008A20703,Thies,Tivaouane,Riz,Principale,1968,6,1968,11,None,0,30.0,27.0,0.9
SN2008A20703,Thies,Tivaouane,Riz,Principale,1969,6,1969,11,None,0,42.0,42.0,1.0
SN2008A20703,Thies,Tivaouane,Riz,Principale,1970,6,1970,11,None,0,42.0,42.0,1.0
SN2008A20703,Thies,Tivaouane,Riz,Principale,1971,6,1971,11,None,0,45.0,45.0,1.0
SN2008A20703,Thies,Tivaouane,Riz,Principale,1972,6,1972,11,None,0,44.0,31.0,0.7045454545454546
SN2008A20703,Thies,Tivaouane,Riz,Principale,1973,6,1973,11,None,0,40.0,34.0,0.85
SN2008A20703,Thies,Tivaouane,Riz,Principale,1974,6,1974,11,None,0,12.0,12.0,1.0
SN2008A20703,Thies,Tivaouane,Riz,Principale,1975,6,1975,11,None,0,40.0,40.0,1.0
SN2008A20703,Thies,Tivaouane,Riz,Principale,1976,6,1976,11,None,0,10.0,1.0,0.1
SN2008A20703,Thies,Tivaouane,Sorgho,Principale,1985,6,1985,11,None,0,639.0,575.0,0.8998435054773083
SN2008A20703,Thies,Tivaouane,Sorgho,Principale,1986,6,1986,11,None,0,2117.0,2540.0,1.1998110533774209
SN2008A20703,Thies,Tivaouane,Sorgho,Principale,1987,6,1987,11,None,0,1712.0,1173.0,0.6851635514018691
SN2008A20703,Thies,Tivaouane,Sorgho,Principale,1988,6,1988,11,None,0,775.0,302.0,0.3896774193548387
SN2008A20801,Diourbel,Bambey,Niébé,Principale,1962,6,1962,11,None,0,1851.0,370.0,0.1998919502971367
SN2008A20801,Diourbel,Bambey,Niébé,Principale,1963,6,1963,11,None,0,900.0,200.0,0.2222222222222222
SN2008A20801,Diourbel,Bambey,Niébé,Principale,1964,6,1964,11,None,0,900.0,225.0,0.25
SN2008A20801,Diourbel,Bambey,Niébé,Principale,1965,6,1965,11,None,0,4000.0,1000.0,0.25
SN2008A20801,Diourbel,Bambey,Niébé,Principale,1966,6,1966,11,None,0,16300.0,1630.0,0.1
SN2008A20801,Diourbel,Bambey,Niébé,Principale,1967,6,1967,11,None,0,19000.0,3600.0,0.1894736842105263
SN2008A20801,Diourbel,Bambey,Niébé,Principale,1968,6,1968,11,None,0,6150.0,1100.0,0.1788617886178861
SN2008A20801,Diourbel,Bambey,Niébé,Principale,1969,6,1969,11,None,0,4211.0,842.0,0.1999525053431489
SN2008A20801,Diourbel,Bambey,Niébé,Principale,1970,6,1970,11,None,0,4180.0,1140.0,0.2727272727272727
SN2008A20801,Diourbel,Bambey,Niébé,Principale,1971,6,1971,11,None,0,3350.0,1000.0,0.2985074626865671
SN2008A20801,Diourbel,Bambey,Niébé,Principale,1972,6,1972,11,None,0,4030.0,920.0,0.228287841191067
SN2008A20801,Diourbel,Bambey,Niébé,Principale,1973,6,1973,11,None,0,2400.0,645.0,0.26875
SN2008A20801,Diourbel,Bambey,Niébé,Principale,1974,6,1974,11,None,0,1652.0,571.0,0.3456416464891041
SN2008A20801,Diourbel,Bambey,Niébé,Principale,1975,6,1975,11,None,0,2300.0,920.0,0.4
SN2008A20801,Diourbel,Bambey,Niébé,Principale,1976,6,1976,11,None,0,425.0,170.0,0.4
SN2008A20801,Diourbel,Bambey,Niébé,Principale,1977,6,1977,11,None,0,400.0,160.0,0.4
SN2008A20801,Diourbel,Bambey,Niébé,Principale,1978,6,1978,11,None,0,390.0,265.0,0.6794871794871795
SN2008A20801,Diourbel,Bambey,Niébé,Principale,1979,6,1979,11,None,0,7666.0,4982.0,0.649882598486825
SN2008A20801,Diourbel,Bambey,Niébé,Principale,1980,6,1980,11,None,0,2750.0,495.0,0.18
SN2008A20801,Diourbel,Bambey,Niébé,Principale,1981,6,1981,11,None,1,4065.0,3434.0,0.8447724477244772
SN2008A20801,Diourbel,Bambey,Niébé,Principale,1984,6,1984,11,None,0,3500.0,1575.0,0.45
SN2008A20801,Diourbel,Bambey,Niébé,Principale,1986,6,1986,11,None,0,6203.0,3472.0,0.5597291633080768
SN2008A20801,Diourbel,Bambey,Niébé,Principale,1987,6,1987,11,None,0,4390.0,2066.0,0.4706150341685649
SN2008A20801,Diourbel,Bambey,Niébé,Principale,1988,6,1988,11,None,0,3336.0,948.0,0.2841726618705036
SN2008A20801,Diourbel,Bambey,Niébé,Principale,1989,6,1989,11,None,0,4054.0,2415.0,0.5957079427725703
SN2008A20801,Diourbel,Bambey,Arachide (en coque),Principale,1960,6,1960,11,None,0,47371.0,37896.0,0.7999831120305673
SN2008A20801,Diourbel,Bambey,Arachide (en coque),Principale,1961,6,1961,11,None,0,47000.0,45000.0,0.9574468085106383
SN2008A20801,Diourbel,Bambey,Arachide (en coque),Principale,1962,6,1962,11,None,0,45000.0,36000.0,0.8
SN2008A20801,Diourbel,Bambey,Arachide (en coque),Principale,1963,6,1963,11,None,0,47219.0,82878.0,1.7551832948601198
SN2008A20801,Diourbel,Bambey,Arachide (en coque),Principale,1964,6,1964,11,None,0,54000.0,47000.0,0.8703703703703703
SN2008A20801,Diourbel,Bambey,Arachide (en coque),Principale,1965,6,1965,11,None,0,38000.0,36100.0,0.95
SN2008A20801,Diourbel,Bambey,Arachide (en coque),Principale,1966,6,1966,11,None,0,42144.0,34169.0,0.8107678435839029
SN2008A20801,Diourbel,Bambey,Arachide (en coque),Principale,1967,6,1967,11,None,0,48000.0,43200.0,0.9
SN2008A20801,Diourbel,Bambey,Arachide (en coque),Principale,1968,6,1968,11,None,0,44000.0,26970.0,0.6129545454545454
SN2008A20801,Diourbel,Bambey,Arachide (en coque),Principale,1969,6,1969,11,None,0,37000.0,20000.0,0.5405405405405406
SN2008A20801,Diourbel,Bambey,Arachide (en coque),Principale,1970,6,1970,11,None,0,42000.0,14350.0,0.3416666666666667
SN2008A20801,Diourbel,Bambey,Arachide (en coque),Principale,1971,6,1971,11,None,0,45300.0,40000.0,0.8830022075055187
SN2008A20801,Diourbel,Bambey,Arachide (en coque),Principale,1972,6,1972,11,None,0,55700.0,16700.0,0.2998204667863555
SN2008A20801,Diourbel,Bambey,Arachide (en coque),Principale,1973,6,1973,11,None,0,42450.0,22550.0,0.5312131919905771
SN2008A20801,Diourbel,Bambey,Arachide (en coque),Principale,1974,6,1974,11,None,0,49981.0,53183.0,1.0640643444508913
SN2008A20801,Diourbel,Bambey,Arachide (en coque),Principale,1975,6,1975,11,None,0,59000.0,60500.0,1.0254237288135593
SN2008A20801,Diourbel,Bambey,Arachide (en coque),Principale,1976,6,1976,11,None,0,72915.0,68517.0,0.9396831927586916
SN2008A20801,Diourbel,Bambey,Arachide (en coque),Principale,1977,6,1977,11,None,0,59093.0,29604.0,0.5009730424923425
SN2008A20801,Diourbel,Bambey,Arachide (en coque),Principale,1978,6,1978,11,None,0,58750.0,58750.0,1.0
SN2008A20801,Diourbel,Bambey,Arachide (en coque),Principale,1979,6,1979,11,None,0,42386.0,40266.0,0.949983485113009
SN2008A20801,Diourbel,Bambey,Arachide (en coque),Principale,1980,6,1980,11,None,0,43551.0,15589.0,0.3579481527404652
SN2008A20801,Diourbel,Bambey,Arachide (en coque),Principale,1981,6,1981,11,None,0,33156.0,33444.0,1.008686210640608
SN2008A20801,Diourbel,Bambey,Arachide (en coque),Principale,1986,6,1986,11,None,0,22690.0,16129.0,0.7108417805200529
SN2008A20801,Diourbel,Bambey,Arachide (en coque),Principale,1987,6,1987,11,None,0,17313.0,14105.0,0.8147057124703979
SN2008A20801,Diourbel,Bambey,Arachide (en coque),Principale,1988,6,1988,11,None,0,26604.0,15532.0,0.5838219816568937
SN2008A20801,Diourbel,Bambey,Arachide (en coque),Principale,1989,6,1989,11,None,0,23965.0,24037.0,1.0030043813895264
SN2008A20801,Diourbel,Bambey,Mil,Principale,1960,6,1960,11,None,0,50085.0,20034.0,0.4
SN2008A20801,Diourbel,Bambey,Mil,Principale,1961,6,1961,11,None,0,51000.0,23000.0,0.4509803921568627
SN2008A20801,Diourbel,Bambey,Mil,Principale,1962,6,1962,11,None,0,62678.0,20300.0,0.3238775966048693
SN2008A20801,Diourbel,Bambey,Mil,Principale,1963,6,1963,11,None,0,65000.0,29000.0,0.4461538461538462
SN2008A20801,Diourbel,Bambey,Mil,Principale,1964,6,1964,11,None,0,70000.0,36500.0,0.5214285714285715
SN2008A20801,Diourbel,Bambey,Mil,Principale,1965,6,1965,11,None,0,77000.0,38600.0,0.5012987012987012
SN2008A20801,Diourbel,Bambey,Mil,Principale,1966,6,1966,11,None,0,71000.0,10650.0,0.15
SN2008A20801,Diourbel,Bambey,Mil,Principale,1967,6,1967,11,None,0,80000.0,48000.0,0.6
SN2008A20801,Diourbel,Bambey,Mil,Principale,1968,6,1968,11,None,0,63600.0,15300.0,0.240566037735849
SN2008A20801,Diourbel,Bambey,Mil,Principale,1969,6,1969,11,None,0,42121.0,22983.0,0.5456423161843261
SN2008A20801,Diourbel,Bambey,Mil,Principale,1970,6,1970,11,None,0,41000.0,17300.0,0.4219512195121951
SN2008A20801,Diourbel,Bambey,Mil,Principale,1971,6,1971,11,None,0,42200.0,24800.0,0.5876777251184834
SN2008A20801,Diourbel,Bambey,Mil,Principale,1972,6,1972,11,None,0,40300.0,13750.0,0.3411910669975186
SN2008A20801,Diourbel,Bambey,Mil,Principale,1973,6,1973,11,None,0,53250.0,20000.0,0.3755868544600939
SN2008A20801,Diourbel,Bambey,Mil,Principale,1974,6,1974,11,None,0,56662.0,56662.0,1.0
SN2008A20801,Diourbel,Bambey,Mil,Principale,1975,6,1975,11,None,0,58500.0,38025.0,0.65
SN2008A20801,Diourbel,Bambey,Mil,Principale,1976,6,1976,11,None,0,52789.0,39735.0,0.7527136335221353
SN2008A20801,Diourbel,Bambey,Mil,Principale,1977,6,1977,11,None,0,53477.0,39516.0,0.7389344952035455
SN2008A20801,Diourbel,Bambey,Mil,Principale,1978,6,1978,11,None,0,59300.0,50405.0,0.85
SN2008A20801,Diourbel,Bambey,Mil,Principale,1979,6,1979,11,None,0,68148.0,55406.0,0.8130245935317251
SN2008A20801,Diourbel,Bambey,Mil,Principale,1980,6,1980,11,None,0,47203.0,19695.0,0.4172404296337097
SN2008A20801,Diourbel,Bambey,Mil,Principale,1981,6,1981,11,None,0,53058.0,46177.0,0.8703117343284708
SN2008A20801,Diourbel,Bambey,Mil,Principale,1986,6,1986,11,None,0,44235.0,20932.0,0.4731999547869334
SN2008A20801,Diourbel,Bambey,Mil,Principale,1987,6,1987,11,None,0,33382.0,20940.0,0.6272841651189264
SN2008A20801,Diourbel,Bambey,Mil,Principale,1988,6,1988,11,None,0,37472.0,20238.0,0.5400832621690862
SN2008A20801,Diourbel,Bambey,Mil,Principale,1989,6,1989,11,None,0,38198.0,31182.0,0.8163254620660768
SN2008A20801,Diourbel,Bambey,Sorgho,Principale,1987,6,1987,11,None,0,749.0,522.0,0.6969292389853138
SN2008A20801,Diourbel,Bambey,Sorgho,Principale,1989,6,1989,11,None,0,577.0,461.0,0.7989601386481803
SN2008A20802,Diourbel,Diourbel,Niébé,Principale,1970,6,1970,11,None,0,361.0,144.0,0.3988919667590028
SN2008A20802,Diourbel,Diourbel,Niébé,Principale,1971,6,1971,11,None,0,418.0,190.0,0.4545454545454545
SN2008A20802,Diourbel,Diourbel,Niébé,Principale,1972,6,1972,11,None,0,50.0,8.0,0.16
SN2008A20802,Diourbel,Diourbel,Niébé,Principale,1973,6,1973,11,None,0,15.0,6.0,0.4
SN2008A20802,Diourbel,Diourbel,Niébé,Principale,1975,6,1975,11,None,0,120.0,54.0,0.45
SN2008A20802,Diourbel,Diourbel,Niébé,Principale,1976,6,1976,11,None,0,110.0,15.0,0.1363636363636363
SN2008A20802,Diourbel,Diourbel,Niébé,Principale,1988,6,1988,11,None,0,146.0,75.0,0.5136986301369864
SN2008A20802,Diourbel,Diourbel,Arachide (en coque),Principale,1960,6,1960,11,None,0,42000.0,33600.0,0.8
SN2008A20802,Diourbel,Diourbel,Arachide (en coque),Principale,1961,6,1961,11,None,0,47000.0,53000.0,1.127659574468085
SN2008A20802,Diourbel,Diourbel,Arachide (en coque),Principale,1962,6,1962,11,None,0,47000.0,47000.0,1.0
SN2008A20802,Diourbel,Diourbel,Arachide (en coque),Principale,1963,6,1963,11,None,0,60000.0,51000.0,0.85
SN2008A20802,Diourbel,Diourbel,Arachide (en coque),Principale,1964,6,1964,11,None,0,48000.0,46000.0,0.9583333333333334
SN2008A20802,Diourbel,Diourbel,Arachide (en coque),Principale,1965,6,1965,11,None,0,39000.0,43000.0,1.1025641025641026
SN2008A20802,Diourbel,Diourbel,Arachide (en coque),Principale,1966,6,1966,11,None,0,42000.0,13558.0,0.3228095238095238
SN2008A20802,Diourbel,Diourbel,Arachide (en coque),Principale,1967,6,1967,11,None,0,44800.0,44800.0,1.0
SN2008A20802,Diourbel,Diourbel,Arachide (en coque),Principale,1968,6,1968,11,None,0,46000.0,27620.0,0.6004347826086956
SN2008A20802,Diourbel,Diourbel,Arachide (en coque),Principale,1969,6,1969,11,None,0,38000.0,18000.0,0.4736842105263157
SN2008A20802,Diourbel,Diourbel,Arachide (en coque),Principale,1970,6,1970,11,None,0,42000.0,14100.0,0.3357142857142857
SN2008A20802,Diourbel,Diourbel,Arachide (en coque),Principale,1971,6,1971,11,None,0,38000.0,35000.0,0.9210526315789472
SN2008A20802,Diourbel,Diourbel,Arachide (en coque),Principale,1972,6,1972,11,None,0,39000.0,16500.0,0.4230769230769231
SN2008A20802,Diourbel,Diourbel,Arachide (en coque),Principale,1973,6,1973,11,None,0,41000.0,18350.0,0.4475609756097561
SN2008A20802,Diourbel,Diourbel,Arachide (en coque),Principale,1974,6,1974,11,None,0,41200.0,39050.0,0.9478155339805824
SN2008A20802,Diourbel,Diourbel,Arachide (en coque),Principale,1975,6,1975,11,None,0,51000.0,45900.0,0.9
SN2008A20802,Diourbel,Diourbel,Arachide (en coque),Principale,1976,6,1976,11,None,0,72136.0,65383.0,0.906385161361872
SN2008A20802,Diourbel,Diourbel,Arachide (en coque),Principale,1977,6,1977,11,None,0,52500.0,27793.0,0.5293904761904762
SN2008A20802,Diourbel,Diourbel,Arachide (en coque),Principale,1978,6,1978,11,None,0,52775.0,39581.0,0.7499952629085741
SN2008A20802,Diourbel,Diourbel,Arachide (en coque),Principale,1979,6,1979,11,None,0,42379.0,23308.0,0.5499893815333066
SN2008A20802,Diourbel,Diourbel,Arachide (en coque),Principale,1980,6,1980,11,None,0,40334.0,11276.0,0.2795656270144295
SN2008A20802,Diourbel,Diourbel,Arachide (en coque),Principale,1981,6,1981,11,None,0,34493.0,28588.0,0.8288058446641348
SN2008A20802,Diourbel,Diourbel,Arachide (en coque),Principale,1986,6,1986,11,None,0,20313.0,15020.0,0.7394279525427067
SN2008A20802,Diourbel,Diourbel,Arachide (en coque),Principale,1987,6,1987,11,None,0,21749.0,23139.0,1.0639109844130763
SN2008A20802,Diourbel,Diourbel,Arachide (en coque),Principale,1988,6,1988,11,None,0,20340.0,5816.0,0.2859390363815142
SN2008A20802,Diourbel,Diourbel,Arachide (en coque),Principale,1989,6,1989,11,None,0,19473.0,17725.0,0.910234683921327
SN2008A20802,Diourbel,Diourbel,Mil,Principale,1960,6,1960,11,None,0,19000.0,7220.0,0.38
SN2008A20802,Diourbel,Diourbel,Mil,Principale,1961,6,1961,11,None,0,50000.0,30000.0,0.6
SN2008A20802,Diourbel,Diourbel,Mil,Principale,1962,6,1962,11,None,0,55000.0,30000.0,0.5454545454545454
SN2008A20802,Diourbel,Diourbel,Mil,Principale,1963,6,1963,11,None,0,55000.0,35000.0,0.6363636363636364
SN2008A20802,Diourbel,Diourbel,Mil,Principale,1964,6,1964,11,None,0,47000.0,30400.0,0.6468085106382979
SN2008A20802,Diourbel,Diourbel,Mil,Principale,1965,6,1965,11,None,0,52000.0,26000.0,0.5
SN2008A20802,Diourbel,Diourbel,Mil,Principale,1966,6,1966,11,None,0,55000.0,5500.0,0.1
SN2008A20802,Diourbel,Diourbel,Mil,Principale,1967,6,1967,11,None,0,50000.0,30000.0,0.6
SN2008A20802,Diourbel,Diourbel,Mil,Principale,1968,6,1968,11,None,0,42700.0,16145.0,0.3781030444964871
SN2008A20802,Diourbel,Diourbel,Mil,Principale,1969,6,1969,11,None,0,46000.0,23000.0,0.5
SN2008A20802,Diourbel,Diourbel,Mil,Principale,1970,6,1970,11,None,0,33000.0,5800.0,0.1757575757575757
SN2008A20802,Diourbel,Diourbel,Mil,Principale,1971,6,1971,11,None,0,38500.0,25000.0,0.6493506493506493
SN2008A20802,Diourbel,Diourbel,Mil,Principale,1972,6,1972,11,None,0,40000.0,18300.0,0.4575
SN2008A20802,Diourbel,Diourbel,Mil,Principale,1973,6,1973,11,None,0,43500.0,19400.0,0.4459770114942529
SN2008A20802,Diourbel,Diourbel,Mil,Principale,1974,6,1974,11,None,0,51100.0,24440.0,0.4782778864970646
SN2008A20802,Diourbel,Diourbel,Mil,Principale,1975,6,1975,11,None,0,53000.0,23850.0,0.45
SN2008A20802,Diourbel,Diourbel,Mil,Principale,1976,6,1976,11,None,0,51700.0,32400.0,0.6266924564796905
SN2008A20802,Diourbel,Diourbel,Mil,Principale,1977,6,1977,11,None,0,51850.0,35080.0,0.6765670202507232
SN2008A20802,Diourbel,Diourbel,Mil,Principale,1978,6,1978,11,None,0,52000.0,37700.0,0.725
SN2008A20802,Diourbel,Diourbel,Mil,Principale,1979,6,1979,11,None,0,54824.0,21929.0,0.3999890558879322
SN2008A20802,Diourbel,Diourbel,Mil,Principale,1980,6,1980,11,None,0,42039.0,14076.0,0.3348319417683579
SN2008A20802,Diourbel,Diourbel,Mil,Principale,1981,6,1981,11,None,0,51608.0,42525.0,0.8240001550147265
SN2008A20802,Diourbel,Diourbel,Mil,Principale,1986,6,1986,11,None,0,35420.0,11964.0,0.3377752682100508
SN2008A20802,Diourbel,Diourbel,Mil,Principale,1987,6,1987,11,None,0,48011.0,36062.0,0.7511195351065381
SN2008A20802,Diourbel,Diourbel,Mil,Principale,1988,6,1988,11,None,0,37867.0,7301.0,0.1928064013521007
SN2008A20802,Diourbel,Diourbel,Mil,Principale,1989,6,1989,11,None,0,41606.0,29150.0,0.7006201028697784
SN2008A20802,Diourbel,Diourbel,Sorgho,Principale,1987,6,1987,11,None,0,288.0,196.0,0.6805555555555556
SN2008A20803,Diourbel,Mbacke,Niébé,Principale,1967,6,1967,11,None,0,161.0,48.0,0.2981366459627329
SN2008A20803,Diourbel,Mbacke,Niébé,Principale,1970,6,1970,11,None,1,81.0,494.0,6.098765432098766
SN2008A20803,Diourbel,Mbacke,Niébé,Principale,1971,6,1971,11,None,0,256.0,77.0,0.30078125
SN2008A20803,Diourbel,Mbacke,Niébé,Principale,1986,6,1986,11,None,0,239.0,167.0,0.698744769874477
SN2008A20803,Diourbel,Mbacke,Niébé,Principale,1987,6,1987,11,None,0,270.0,197.0,0.7296296296296296
SN2008A20803,Diourbel,Mbacke,Niébé,Principale,1988,6,1988,11,None,0,265.0,162.0,0.6113207547169811
SN2008A20803,Diourbel,Mbacke,Arachide (en coque),Principale,1960,6,1960,11,None,0,57109.0,45687.0,0.7999964979250206
SN2008A20803,Diourbel,Mbacke,Arachide (en coque),Principale,1961,6,1961,11,None,0,50000.0,50000.0,1.0
SN2008A20803,Diourbel,Mbacke,Arachide (en coque),Principale,1962,6,1962,11,None,0,47000.0,38500.0,0.8191489361702128
SN2008A20803,Diourbel,Mbacke,Arachide (en coque),Principale,1963,6,1963,11,None,0,72489.0,143878.0,1.984825283836168
SN2008A20803,Diourbel,Mbacke,Arachide (en coque),Principale,1964,6,1964,11,None,0,146000.0,125580.0,0.8601369863013698
SN2008A20803,Diourbel,Mbacke,Arachide (en coque),Principale,1965,6,1965,11,None,0,53000.0,53100.0,1.0018867924528303
SN2008A20803,Diourbel,Mbacke,Arachide (en coque),Principale,1966,6,1966,11,None,0,60000.0,9982.0,0.1663666666666666
SN2008A20803,Diourbel,Mbacke,Arachide (en coque),Principale,1967,6,1967,11,None,0,155500.0,144400.0,0.9286173633440514
SN2008A20803,Diourbel,Mbacke,Arachide (en coque),Principale,1968,6,1968,11,None,0,56750.0,35695.0,0.6289867841409692
SN2008A20803,Diourbel,Mbacke,Arachide (en coque),Principale,1969,6,1969,11,None,0,40000.0,29000.0,0.725
SN2008A20803,Diourbel,Mbacke,Arachide (en coque),Principale,1970,6,1970,11,None,0,57500.0,15560.0,0.2706086956521739
SN2008A20803,Diourbel,Mbacke,Arachide (en coque),Principale,1971,6,1971,11,None,0,129300.0,110000.0,0.8507347254447022
SN2008A20803,Diourbel,Mbacke,Arachide (en coque),Principale,1972,6,1972,11,None,0,57600.0,18300.0,0.3177083333333333
SN2008A20803,Diourbel,Mbacke,Arachide (en coque),Principale,1973,6,1973,11,None,0,43400.0,22410.0,0.5163594470046083
SN2008A20803,Diourbel,Mbacke,Arachide (en coque),Principale,1974,6,1974,11,None,0,136556.0,131658.0,0.9641319312223556
SN2008A20803,Diourbel,Mbacke,Arachide (en coque),Principale,1975,6,1975,11,None,0,63000.0,59850.0,0.95
SN2008A20803,Diourbel,Mbacke,Arachide (en coque),Principale,1976,6,1976,11,None,0,82524.0,61773.0,0.7485458775628908
SN2008A20803,Diourbel,Mbacke,Arachide (en coque),Principale,1977,6,1977,11,None,0,66900.0,30376.0,0.454050822122571
SN2008A20803,Diourbel,Mbacke,Arachide (en coque),Principale,1978,6,1978,11,None,0,63400.0,53890.0,0.85
SN2008A20803,Diourbel,Mbacke,Arachide (en coque),Principale,1979,6,1979,11,None,0,50618.0,32901.0,0.6499861709273381
SN2008A20803,Diourbel,Mbacke,Arachide (en coque),Principale,1980,6,1980,11,None,0,52145.0,14759.0,0.2830376833828746
SN2008A20803,Diourbel,Mbacke,Arachide (en coque),Principale,1981,6,1981,11,None,0,56192.0,53230.0,0.9472878701594531
SN2008A20803,Diourbel,Mbacke,Arachide (en coque),Principale,1986,6,1986,11,None,0,24728.0,16865.0,0.6820203817534778
SN2008A20803,Diourbel,Mbacke,Arachide (en coque),Principale,1987,6,1987,11,None,0,53519.0,59978.0,1.1206861114744295
SN2008A20803,Diourbel,Mbacke,Arachide (en coque),Principale,1988,6,1988,11,None,0,50066.0,11074.0,0.2211880317980266
SN2008A20803,Diourbel,Mbacke,Arachide (en coque),Principale,1989,6,1989,11,None,0,47964.0,46759.0,0.9748769910766408
SN2008A20803,Diourbel,Mbacke,Mil,Principale,1960,6,1960,11,None,0,10000.0,3000.0,0.3
SN2008A20803,Diourbel,Mbacke,Mil,Principale,1961,6,1961,11,None,0,12800.0,6400.0,0.5
SN2008A20803,Diourbel,Mbacke,Mil,Principale,1962,6,1962,11,None,0,13750.0,4125.0,0.3
SN2008A20803,Diourbel,Mbacke,Mil,Principale,1963,6,1963,11,None,0,12750.0,5500.0,0.4313725490196078
SN2008A20803,Diourbel,Mbacke,Mil,Principale,1964,6,1964,11,None,0,18000.0,7000.0,0.3888888888888889
SN2008A20803,Diourbel,Mbacke,Mil,Principale,1965,6,1965,11,None,0,20000.0,8000.0,0.4
SN2008A20803,Diourbel,Mbacke,Mil,Principale,1966,6,1966,11,None,0,22000.0,6600.0,0.3
SN2008A20803,Diourbel,Mbacke,Mil,Principale,1967,6,1967,11,None,0,17000.0,6800.0,0.4
SN2008A20803,Diourbel,Mbacke,Mil,Principale,1968,6,1968,11,None,0,22000.0,6950.0,0.3159090909090909
SN2008A20803,Diourbel,Mbacke,Mil,Principale,1969,6,1969,11,None,0,22000.0,10325.0,0.4693181818181818
SN2008A20803,Diourbel,Mbacke,Mil,Principale,1970,6,1970,11,None,0,27000.0,4100.0,0.1518518518518518
SN2008A20803,Diourbel,Mbacke,Mil,Principale,1971,6,1971,11,None,0,18300.0,9255.0,0.5057377049180328
SN2008A20803,Diourbel,Mbacke,Mil,Principale,1972,6,1972,11,None,0,23200.0,11700.0,0.5043103448275862
SN2008A20803,Diourbel,Mbacke,Mil,Principale,1973,6,1973,11,None,0,49400.0,19100.0,0.3866396761133603
SN2008A20803,Diourbel,Mbacke,Mil,Principale,1974,6,1974,11,None,0,54500.0,26857.0,0.492788990825688
SN2008A20803,Diourbel,Mbacke,Mil,Principale,1975,6,1975,11,None,0,56450.0,26815.0,0.475022143489814
SN2008A20803,Diourbel,Mbacke,Mil,Principale,1976,6,1976,11,None,0,57000.0,28500.0,0.5
SN2008A20803,Diourbel,Mbacke,Mil,Principale,1977,6,1977,11,None,0,43900.0,13170.0,0.3
SN2008A20803,Diourbel,Mbacke,Mil,Principale,1978,6,1978,11,None,0,49900.0,39920.0,0.8
SN2008A20803,Diourbel,Mbacke,Mil,Principale,1979,6,1979,11,None,0,49434.0,19290.0,0.3902172593761379
SN2008A20803,Diourbel,Mbacke,Mil,Principale,1980,6,1980,11,None,0,56308.0,19150.0,0.340093769979399
SN2008A20803,Diourbel,Mbacke,Mil,Principale,1981,6,1981,11,None,0,64035.0,45094.0,0.7042086359022409
SN2008A20803,Diourbel,Mbacke,Mil,Principale,1986,6,1986,11,None,0,43821.0,18981.0,0.4331484904497844
SN2008A20803,Diourbel,Mbacke,Mil,Principale,1987,6,1987,11,None,0,57996.0,40126.0,0.6918753017449479
SN2008A20803,Diourbel,Mbacke,Mil,Principale,1988,6,1988,11,None,0,50835.0,9688.0,0.1905773581194059
SN2008A20803,Diourbel,Mbacke,Mil,Principale,1989,6,1989,11,None,0,54869.0,38097.0,0.6943264867229219
SN2008A20803,Diourbel,Mbacke,Sorgho,Principale,1987,6,1987,11,None,0,772.0,578.0,0.7487046632124352
SN2008A21201,Ziguinchor,Bignona,Arachide (en coque),Principale,1960,6,1960,11,None,0,25653.0,24883.0,0.9699840174638444
SN2008A21201,Ziguinchor,Bignona,Arachide (en coque),Principale,1961,6,1961,11,None,0,28900.0,26000.0,0.8996539792387543
SN2008A21201,Ziguinchor,Bignona,Arachide (en coque),Principale,1962,6,1962,11,None,0,31600.0,30020.0,0.95
SN2008A21201,Ziguinchor,Bignona,Arachide (en coque),Principale,1963,6,1963,11,None,0,25680.0,29680.0,1.1557632398753894
SN2008A21201,Ziguinchor,Bignona,Arachide (en coque),Principale,1964,6,1964,11,None,0,30850.0,31785.0,1.0303079416531604
SN2008A21201,Ziguinchor,Bignona,Arachide (en coque),Principale,1965,6,1965,11,None,0,30000.0,31500.0,1.05
SN2008A21201,Ziguinchor,Bignona,Arachide (en coque),Principale,1966,6,1966,11,None,0,32653.0,19771.0,0.6054880102900193
SN2008A21201,Ziguinchor,Bignona,Arachide (en coque),Principale,1967,6,1967,11,None,0,32782.0,26860.0,0.8193520834604356
SN2008A21201,Ziguinchor,Bignona,Arachide (en coque),Principale,1968,6,1968,11,None,0,27433.0,22254.0,0.8112127729377028
SN2008A21201,Ziguinchor,Bignona,Arachide (en coque),Principale,1969,6,1969,11,None,0,21000.0,13600.0,0.6476190476190476
SN2008A21201,Ziguinchor,Bignona,Arachide (en coque),Principale,1970,6,1970,11,None,0,23802.0,24154.0,1.0147886732207378
SN2008A21201,Ziguinchor,Bignona,Arachide (en coque),Principale,1971,6,1971,11,None,0,27350.0,24705.0,0.903290676416819
SN2008A21201,Ziguinchor,Bignona,Arachide (en coque),Principale,1972,6,1972,11,None,0,19677.0,18155.0,0.9226508105910454
SN2008A21201,Ziguinchor,Bignona,Arachide (en coque),Principale,1973,6,1973,11,None,0,24093.0,17099.0,0.7097082140040676
SN2008A21201,Ziguinchor,Bignona,Arachide (en coque),Principale,1974,6,1974,11,None,0,22992.0,24666.0,1.0728079331941545
SN2008A21201,Ziguinchor,Bignona,Arachide (en coque),Principale,1975,6,1975,11,None,0,24201.0,23452.0,0.969050865666708
SN2008A21201,Ziguinchor,Bignona,Arachide (en coque),Principale,1976,6,1976,11,None,0,19815.0,22646.0,1.1428715619480192
SN2008A21201,Ziguinchor,Bignona,Arachide (en coque),Principale,1977,6,1977,11,None,0,14252.0,12361.0,0.867316867808027
SN2008A21201,Ziguinchor,Bignona,Arachide (en coque),Principale,1978,6,1978,11,None,0,23738.0,26369.0,1.1108349481843458
SN2008A21201,Ziguinchor,Bignona,Arachide (en coque),Principale,1979,6,1979,11,None,0,17541.0,14552.0,0.8295992246736218
SN2008A21201,Ziguinchor,Bignona,Arachide (en coque),Principale,1980,6,1980,11,None,0,12286.0,2377.0,0.1934722448315155
SN2008A21201,Ziguinchor,Bignona,Arachide (en coque),Principale,1981,6,1981,11,None,0,12856.0,14743.0,1.1467797137523337
SN2008A21201,Ziguinchor,Bignona,Arachide (en coque),Principale,1982,6,1982,11,None,0,17416.0,20411.0,1.1719683050068903
SN2008A21201,Ziguinchor,Bignona,Arachide (en coque),Principale,1983,6,1983,11,None,0,13216.0,15239.0,1.1530720338983051
SN2008A21201,Ziguinchor,Bignona,Arachide (en coque),Principale,1986,6,1986,11,None,0,16000.0,20477.0,1.2798125
SN2008A21201,Ziguinchor,Bignona,Arachide (en coque),Principale,1987,6,1987,11,None,0,23883.0,30085.0,1.2596826194364192
SN2008A21201,Ziguinchor,Bignona,Arachide (en coque),Principale,1988,6,1988,11,None,0,22621.0,22148.0,0.979090225896291
SN2008A21201,Ziguinchor,Bignona,Arachide (en coque),Principale,1989,6,1989,11,None,0,20164.0,20873.0,1.035161674270978
SN2008A21201,Ziguinchor,Bignona,Maïs,Principale,1960,6,1960,11,None,0,2320.0,2888.0,1.2448275862068965
SN2008A21201,Ziguinchor,Bignona,Maïs,Principale,1961,6,1961,11,None,0,2400.0,2160.0,0.9
SN2008A21201,Ziguinchor,Bignona,Maïs,Principale,1962,6,1962,11,None,0,2600.0,2340.0,0.9
SN2008A21201,Ziguinchor,Bignona,Maïs,Principale,1963,6,1963,11,None,0,1850.0,1600.0,0.8648648648648649
SN2008A21201,Ziguinchor,Bignona,Maïs,Principale,1964,6,1964,11,None,0,1750.0,1517.0,0.8668571428571429
SN2008A21201,Ziguinchor,Bignona,Maïs,Principale,1965,6,1965,11,None,0,1750.0,1487.0,0.8497142857142858
SN2008A21201,Ziguinchor,Bignona,Maïs,Principale,1966,6,1966,11,None,0,1392.0,1196.0,0.8591954022988506
SN2008A21201,Ziguinchor,Bignona,Maïs,Principale,1967,6,1967,11,None,0,1789.0,1454.0,0.8127445500279485
SN2008A21201,Ziguinchor,Bignona,Maïs,Principale,1968,6,1968,11,None,0,1491.0,1192.0,0.7994634473507712
SN2008A21201,Ziguinchor,Bignona,Maïs,Principale,1969,6,1969,11,None,0,1404.0,1003.0,0.7143874643874644
SN2008A21201,Ziguinchor,Bignona,Maïs,Principale,1970,6,1970,11,None,0,776.0,196.0,0.2525773195876288
SN2008A21201,Ziguinchor,Bignona,Maïs,Principale,1971,6,1971,11,None,0,1000.0,935.0,0.935
SN2008A21201,Ziguinchor,Bignona,Maïs,Principale,1972,6,1972,11,None,0,513.0,303.0,0.5906432748538012
SN2008A21201,Ziguinchor,Bignona,Maïs,Principale,1973,6,1973,11,None,0,2463.0,1302.0,0.5286236297198539
SN2008A21201,Ziguinchor,Bignona,Maïs,Principale,1974,6,1974,11,None,0,2390.0,1753.0,0.7334728033472804
SN2008A21201,Ziguinchor,Bignona,Maïs,Principale,1975,6,1975,11,None,0,664.0,625.0,0.941265060240964
SN2008A21201,Ziguinchor,Bignona,Maïs,Principale,1976,6,1976,11,None,0,716.0,446.0,0.6229050279329609
SN2008A21201,Ziguinchor,Bignona,Maïs,Principale,1977,6,1977,11,None,0,686.0,342.0,0.4985422740524781
SN2008A21201,Ziguinchor,Bignona,Maïs,Principale,1978,6,1978,11,None,0,797.0,391.0,0.4905897114178168
SN2008A21201,Ziguinchor,Bignona,Maïs,Principale,1979,6,1979,11,None,0,1594.0,1120.0,0.7026348808030113
SN2008A21201,Ziguinchor,Bignona,Maïs,Principale,1980,6,1980,11,None,0,3785.0,1208.0,0.3191545574636724
SN2008A21201,Ziguinchor,Bignona,Maïs,Principale,1981,6,1981,11,None,0,4392.0,2575.0,0.5862932604735883
SN2008A21201,Ziguinchor,Bignona,Maïs,Principale,1982,6,1982,11,None,0,3347.0,3580.0,1.0696145802210937
SN2008A21201,Ziguinchor,Bignona,Maïs,Principale,1983,6,1983,11,None,0,1511.0,1314.0,0.8696227663798809
SN2008A21201,Ziguinchor,Bignona,Maïs,Principale,1986,6,1986,11,None,0,2645.0,2629.0,0.9939508506616256
SN2008A21201,Ziguinchor,Bignona,Maïs,Principale,1987,6,1987,11,None,0,2252.0,1927.0,0.855683836589698
SN2008A21201,Ziguinchor,Bignona,Maïs,Principale,1988,6,1988,11,None,0,1490.0,1040.0,0.697986577181208
SN2008A21201,Ziguinchor,Bignona,Maïs,Principale,1989,6,1989,11,None,0,915.0,910.0,0.994535519125683
SN2008A21201,Ziguinchor,Bignona,Mil,Principale,1960,6,1960,11,None,0,19100.0,15280.0,0.8
SN2008A21201,Ziguinchor,Bignona,Mil,Principale,1961,6,1961,11,None,0,21000.0,14700.0,0.7
SN2008A21201,Ziguinchor,Bignona,Mil,Principale,1962,6,1962,11,None,0,21000.0,15750.0,0.75
SN2008A21201,Ziguinchor,Bignona,Mil,Principale,1963,6,1963,11,None,0,20000.0,16300.0,0.815
SN2008A21201,Ziguinchor,Bignona,Mil,Principale,1964,6,1964,11,None,0,27100.0,21680.0,0.8
SN2008A21201,Ziguinchor,Bignona,Mil,Principale,1965,6,1965,11,None,0,26000.0,22800.0,0.8769230769230769
SN2008A21201,Ziguinchor,Bignona,Mil,Principale,1966,6,1966,11,None,0,15293.0,8353.0,0.5461976067481854
SN2008A21201,Ziguinchor,Bignona,Mil,Principale,1967,6,1967,11,None,0,18292.0,12890.0,0.704679641373278
SN2008A21201,Ziguinchor,Bignona,Mil,Principale,1968,6,1968,11,None,0,12489.0,9920.0,0.7942989831051325
SN2008A21201,Ziguinchor,Bignona,Mil,Principale,1969,6,1969,11,None,0,17106.0,13330.0,0.7792587396235239
SN2008A21201,Ziguinchor,Bignona,Mil,Principale,1970,6,1970,11,None,0,14878.0,11081.0,0.7447909665277591
SN2008A21201,Ziguinchor,Bignona,Mil,Principale,1971,6,1971,11,None,0,12945.0,12175.0,0.940517574353032
SN2008A21201,Ziguinchor,Bignona,Mil,Principale,1972,6,1972,11,None,0,16052.0,11056.0,0.6887615250436083
SN2008A21201,Ziguinchor,Bignona,Mil,Principale,1973,6,1973,11,None,0,14852.0,6088.0,0.4099111230810665
SN2008A21201,Ziguinchor,Bignona,Mil,Principale,1974,6,1974,11,None,0,13408.0,17561.0,1.3097404534606203
SN2008A21201,Ziguinchor,Bignona,Mil,Principale,1975,6,1975,11,None,0,14214.0,20469.0,1.4400590966652596
SN2008A21201,Ziguinchor,Bignona,Mil,Principale,1976,6,1976,11,None,0,12542.0,6715.0,0.5354010524637219
SN2008A21201,Ziguinchor,Bignona,Mil,Principale,1977,6,1977,11,None,0,15224.0,9775.0,0.6420782974251182
SN2008A21201,Ziguinchor,Bignona,Mil,Principale,1978,6,1978,11,None,0,1292.0,813.0,0.6292569659442725
SN2008A21201,Ziguinchor,Bignona,Mil,Principale,1979,6,1979,11,None,0,13402.0,11659.0,0.8699447843605432
SN2008A21201,Ziguinchor,Bignona,Mil,Principale,1980,6,1980,11,None,0,13381.0,5012.0,0.3745609446229728
SN2008A21201,Ziguinchor,Bignona,Mil,Principale,1981,6,1981,11,None,0,8744.0,7924.0,0.9062214089661482
SN2008A21201,Ziguinchor,Bignona,Mil,Principale,1982,6,1982,11,None,0,8313.0,5576.0,0.6707566462167689
SN2008A21201,Ziguinchor,Bignona,Mil,Principale,1983,6,1983,11,None,0,5612.0,2278.0,0.4059158945117605
SN2008A21201,Ziguinchor,Bignona,Mil,Principale,1986,6,1986,11,None,0,7596.0,7412.0,0.9757767245918904
SN2008A21201,Ziguinchor,Bignona,Mil,Principale,1987,6,1987,11,None,0,3741.0,2340.0,0.6255012028869287
SN2008A21201,Ziguinchor,Bignona,Mil,Principale,1988,6,1988,11,None,0,5071.0,3200.0,0.6310392427529087
SN2008A21201,Ziguinchor,Bignona,Mil,Principale,1989,6,1989,11,None,0,7345.0,4931.0,0.6713410483321988
SN2008A21201,Ziguinchor,Bignona,Riz,Principale,1960,6,1960,11,None,0,21400.0,27820.0,1.3
SN2008A21201,Ziguinchor,Bignona,Riz,Principale,1961,6,1961,11,None,0,22000.0,26400.0,1.2
SN2008A21201,Ziguinchor,Bignona,Riz,Principale,1962,6,1962,11,None,0,24500.0,31850.0,1.3
SN2008A21201,Ziguinchor,Bignona,Riz,Principale,1963,6,1963,11,None,0,21450.0,30750.0,1.4335664335664335
SN2008A21201,Ziguinchor,Bignona,Riz,Principale,1964,6,1964,11,None,0,26460.0,38466.0,1.4537414965986395
SN2008A21201,Ziguinchor,Bignona,Riz,Principale,1965,6,1965,11,None,0,26500.0,37100.0,1.4
SN2008A21201,Ziguinchor,Bignona,Riz,Principale,1966,6,1966,11,None,0,24500.0,35525.0,1.45
SN2008A21201,Ziguinchor,Bignona,Riz,Principale,1967,6,1967,11,None,0,20891.0,27104.0,1.2974007946005457
SN2008A21201,Ziguinchor,Bignona,Riz,Principale,1968,6,1968,11,None,0,9924.0,7358.0,0.741434905280129
SN2008A21201,Ziguinchor,Bignona,Riz,Principale,1969,6,1969,11,None,0,9266.0,12444.0,1.3429743146988993
SN2008A21201,Ziguinchor,Bignona,Riz,Principale,1970,6,1970,11,None,0,19426.0,22757.0,1.1714712241326055
SN2008A21201,Ziguinchor,Bignona,Riz,Principale,1971,6,1971,11,None,0,17370.0,16935.0,0.9749568221070812
SN2008A21201,Ziguinchor,Bignona,Riz,Principale,1972,6,1972,11,None,0,5421.0,3009.0,0.5550636413945766
SN2008A21201,Ziguinchor,Bignona,Riz,Principale,1973,6,1973,11,None,0,18023.0,9423.0,0.522831936969428
SN2008A21201,Ziguinchor,Bignona,Riz,Principale,1974,6,1974,11,None,0,17034.0,25138.0,1.4757543736057297
SN2008A21201,Ziguinchor,Bignona,Riz,Principale,1975,6,1975,11,None,0,22910.0,32811.0,1.432169358358795
SN2008A21201,Ziguinchor,Bignona,Riz,Principale,1976,6,1976,11,None,0,16094.0,23032.0,1.4310923325462903
SN2008A21201,Ziguinchor,Bignona,Riz,Principale,1977,6,1977,11,None,0,6686.0,6321.0,0.9454083158839366
SN2008A21201,Ziguinchor,Bignona,Riz,Principale,1978,6,1978,11,None,0,23681.0,33424.0,1.4114268823107132
SN2008A21201,Ziguinchor,Bignona,Riz,Principale,1979,6,1979,11,None,0,11972.0,9812.0,0.8195790177079852
SN2008A21201,Ziguinchor,Bignona,Riz,Principale,1980,6,1980,11,None,0,7302.0,2038.0,0.2791016159956176
SN2008A21201,Ziguinchor,Bignona,Riz,Principale,1981,6,1981,11,None,0,11490.0,14563.0,1.267449956483899
SN2008A21201,Ziguinchor,Bignona,Riz,Principale,1982,6,1982,11,None,0,11385.0,14589.0,1.2814229249011857
SN2008A21201,Ziguinchor,Bignona,Riz,Principale,1983,6,1983,11,None,0,3576.0,1618.0,0.4524608501118568
SN2008A21201,Ziguinchor,Bignona,Riz,Principale,1984,6,1984,11,None,0,10044.0,10546.0,1.0499800876144962
SN2008A21201,Ziguinchor,Bignona,Riz,Principale,1985,6,1985,11,None,0,14977.0,15576.0,1.0399946584763304
SN2008A21201,Ziguinchor,Bignona,Riz,Principale,1986,6,1986,11,None,0,9868.0,10299.0,1.0436765301986215
SN2008A21201,Ziguinchor,Bignona,Riz,Principale,1987,6,1987,11,None,0,14759.0,17270.0,1.1701334778779051
SN2008A21201,Ziguinchor,Bignona,Riz,Principale,1988,6,1988,11,None,0,14372.0,15874.0,1.104508767047036
SN2008A21201,Ziguinchor,Bignona,Riz,Principale,1989,6,1989,11,None,0,15154.0,18884.0,1.2461396331001715
SN2008A21201,Ziguinchor,Bignona,Sorgho,Principale,1982,6,1982,11,None,0,3291.0,1806.0,0.5487693710118505
SN2008A21201,Ziguinchor,Bignona,Sorgho,Principale,1983,6,1983,11,None,0,2206.0,1152.0,0.5222121486854034
SN2008A21201,Ziguinchor,Bignona,Sorgho,Principale,1986,6,1986,11,None,0,2647.0,2451.0,0.9259539100868908
SN2008A21201,Ziguinchor,Bignona,Sorgho,Principale,1987,6,1987,11,None,0,2047.0,1471.0,0.7186126038104543
SN2008A21201,Ziguinchor,Bignona,Sorgho,Principale,1988,6,1988,11,None,0,2084.0,1156.0,0.5547024952015355
SN2008A21201,Ziguinchor,Bignona,Sorgho,Principale,1989,6,1989,11,None,0,1695.0,1181.0,0.6967551622418879
SN2008A21202,Ziguinchor,Oussouye,Niébé,Principale,1962,6,1962,11,None,0,5500.0,1650.0,0.3
SN2008A21202,Ziguinchor,Oussouye,Niébé,Principale,1963,6,1963,11,None,0,5500.0,1100.0,0.2
SN2008A21202,Ziguinchor,Oussouye,Niébé,Principale,1964,6,1964,11,None,0,5700.0,1425.0,0.25
SN2008A21202,Ziguinchor,Oussouye,Niébé,Principale,1965,6,1965,11,None,0,6000.0,1620.0,0.27
SN2008A21202,Ziguinchor,Oussouye,Niébé,Principale,1966,6,1966,11,None,0,7300.0,1460.0,0.2
SN2008A21202,Ziguinchor,Oussouye,Niébé,Principale,1967,6,1967,11,None,0,9000.0,2700.0,0.3
SN2008A21202,Ziguinchor,Oussouye,Niébé,Principale,1968,6,1968,11,None,0,4150.0,1070.0,0.2578313253012048
SN2008A21202,Ziguinchor,Oussouye,Niébé,Principale,1969,6,1969,11,None,0,6350.0,1740.0,0.2740157480314961
SN2008A21202,Ziguinchor,Oussouye,Niébé,Principale,1970,6,1970,11,None,0,2650.0,1355.0,0.5113207547169811
SN2008A21202,Ziguinchor,Oussouye,Niébé,Principale,1971,6,1971,11,None,0,5400.0,3200.0,0.5925925925925926
SN2008A21202,Ziguinchor,Oussouye,Niébé,Principale,1972,6,1972,11,None,0,12200.0,3800.0,0.3114754098360656
SN2008A21202,Ziguinchor,Oussouye,Niébé,Principale,1973,6,1973,11,None,0,10664.0,2994.0,0.2807576894223555
SN2008A21202,Ziguinchor,Oussouye,Niébé,Principale,1974,6,1974,11,None,0,5200.0,3640.0,0.7
SN2008A21202,Ziguinchor,Oussouye,Niébé,Principale,1975,6,1975,11,None,0,16500.0,5250.0,0.3181818181818182
SN2008A21202,Ziguinchor,Oussouye,Niébé,Principale,1976,6,1976,11,None,0,9350.0,1608.0,0.1719786096256684
SN2008A21202,Ziguinchor,Oussouye,Niébé,Principale,1977,6,1977,11,None,0,9850.0,1970.0,0.2
SN2008A21202,Ziguinchor,Oussouye,Niébé,Principale,1978,6,1978,11,None,0,10655.0,3968.0,0.3724073205068043
SN2008A21202,Ziguinchor,Oussouye,Niébé,Principale,1979,6,1979,11,None,0,9850.0,3475.0,0.3527918781725888
SN2008A21202,Ziguinchor,Oussouye,Niébé,Principale,1980,6,1980,11,None,0,11910.0,4406.0,0.3699412258606213
SN2008A21202,Ziguinchor,Oussouye,Niébé,Principale,1981,6,1981,11,None,0,15953.0,6563.0,0.4113959756785557
SN2008A21202,Ziguinchor,Oussouye,Niébé,Principale,1982,6,1982,11,None,0,9703.0,1940.0,0.1999381634546016
SN2008A21202,Ziguinchor,Oussouye,Niébé,Principale,1983,6,1983,11,None,0,5913.0,2069.0,0.3499069846101809
SN2008A21202,Ziguinchor,Oussouye,Niébé,Principale,1984,6,1984,11,None,0,7000.0,2590.0,0.37
SN2008A21202,Ziguinchor,Oussouye,Niébé,Principale,1985,6,1985,11,None,0,25628.0,19221.0,0.75
SN2008A21202,Ziguinchor,Oussouye,Niébé,Principale,1986,6,1986,11,None,0,24702.0,8137.0,0.3294065257873856
SN2008A21202,Ziguinchor,Oussouye,Niébé,Principale,1987,6,1987,11,None,0,16670.0,5220.0,0.3131373725254949
SN2008A21202,Ziguinchor,Oussouye,Niébé,Principale,1988,6,1988,11,None,0,16513.0,1610.0,0.0974989402289105
SN2008A21202,Ziguinchor,Oussouye,Niébé,Principale,1989,6,1989,11,None,0,5176.0,1516.0,0.2928902627511592
SN2008A21202,Ziguinchor,Oussouye,Arachide (en coque),Principale,1960,6,1960,11,None,0,1297.0,1128.0,0.8696993060909792
SN2008A21202,Ziguinchor,Oussouye,Arachide (en coque),Principale,1961,6,1961,11,None,0,700.0,800.0,1.1428571428571428
SN2008A21202,Ziguinchor,Oussouye,Arachide (en coque),Principale,1962,6,1962,11,None,0,735.0,662.0,0.9006802721088435
SN2008A21202,Ziguinchor,Oussouye,Arachide (en coque),Principale,1963,6,1963,11,None,0,1612.0,1209.0,0.75
SN2008A21202,Ziguinchor,Oussouye,Arachide (en coque),Principale,1964,6,1964,11,None,0,1876.0,1527.0,0.8139658848614072
SN2008A21202,Ziguinchor,Oussouye,Arachide (en coque),Principale,1965,6,1965,11,None,0,1800.0,1440.0,0.8
SN2008A21202,Ziguinchor,Oussouye,Arachide (en coque),Principale,1966,6,1966,11,None,0,1461.0,1120.0,0.7665982203969883
SN2008A21202,Ziguinchor,Oussouye,Arachide (en coque),Principale,1967,6,1967,11,None,0,1461.0,1169.0,0.8001368925393566
SN2008A21202,Ziguinchor,Oussouye,Arachide (en coque),Principale,1968,6,1968,11,None,0,946.0,1135.0,1.1997885835095137
SN2008A21202,Ziguinchor,Oussouye,Arachide (en coque),Principale,1969,6,1969,11,None,0,1450.0,900.0,0.6206896551724138
SN2008A21202,Ziguinchor,Oussouye,Arachide (en coque),Principale,1970,6,1970,11,None,0,1600.0,2076.0,1.2975
SN2008A21202,Ziguinchor,Oussouye,Arachide (en coque),Principale,1971,6,1971,11,None,0,890.0,715.0,0.8033707865168539
SN2008A21202,Ziguinchor,Oussouye,Arachide (en coque),Principale,1972,6,1972,11,None,0,1041.0,987.0,0.9481268011527376
SN2008A21202,Ziguinchor,Oussouye,Arachide (en coque),Principale,1973,6,1973,11,None,0,1000.0,800.0,0.8
SN2008A21202,Ziguinchor,Oussouye,Arachide (en coque),Principale,1974,6,1974,11,None,0,201.0,201.0,1.0
SN2008A21202,Ziguinchor,Oussouye,Arachide (en coque),Principale,1975,6,1975,11,None,0,316.0,281.0,0.8892405063291139
SN2008A21202,Ziguinchor,Oussouye,Arachide (en coque),Principale,1976,6,1976,11,None,0,450.0,563.0,1.251111111111111
SN2008A21202,Ziguinchor,Oussouye,Arachide (en coque),Principale,1977,6,1977,11,None,0,287.0,275.0,0.9581881533101044
SN2008A21202,Ziguinchor,Oussouye,Arachide (en coque),Principale,1978,6,1978,11,None,0,708.0,758.0,1.0706214689265536
SN2008A21202,Ziguinchor,Oussouye,Arachide (en coque),Principale,1979,6,1979,11,None,0,647.0,609.0,0.9412673879443586
SN2008A21202,Ziguinchor,Oussouye,Arachide (en coque),Principale,1980,6,1980,11,None,0,912.0,713.0,0.7817982456140351
SN2008A21202,Ziguinchor,Oussouye,Arachide (en coque),Principale,1981,6,1981,11,None,0,701.0,560.0,0.7988587731811697
SN2008A21202,Ziguinchor,Oussouye,Arachide (en coque),Principale,1982,6,1982,11,None,0,961.0,913.0,0.9500520291363164
SN2008A21202,Ziguinchor,Oussouye,Arachide (en coque),Principale,1983,6,1983,11,None,0,961.0,807.0,0.8397502601456815
SN2008A21202,Ziguinchor,Oussouye,Arachide (en coque),Principale,1986,6,1986,11,None,0,879.0,822.0,0.9351535836177476
SN2008A21202,Ziguinchor,Oussouye,Arachide (en coque),Principale,1987,6,1987,11,None,0,1048.0,1387.0,1.3234732824427482
SN2008A21202,Ziguinchor,Oussouye,Arachide (en coque),Principale,1988,6,1988,11,None,0,852.0,876.0,1.028169014084507
SN2008A21202,Ziguinchor,Oussouye,Arachide (en coque),Principale,1989,6,1989,11,None,0,1054.0,1117.0,1.0597722960151803
SN2008A21202,Ziguinchor,Oussouye,Maïs,Principale,1960,6,1960,11,None,0,15.0,12.0,0.8
SN2008A21202,Ziguinchor,Oussouye,Maïs,Principale,1961,6,1961,11,None,0,17.0,12.0,0.7058823529411765
SN2008A21202,Ziguinchor,Oussouye,Maïs,Principale,1962,6,1962,11,None,0,17.0,13.0,0.7647058823529411
SN2008A21202,Ziguinchor,Oussouye,Maïs,Principale,1964,6,1964,11,None,0,35.0,24.0,0.6857142857142857
SN2008A21202,Ziguinchor,Oussouye,Maïs,Principale,1965,6,1965,11,None,0,35.0,21.0,0.6
SN2008A21202,Ziguinchor,Oussouye,Maïs,Principale,1966,6,1966,11,None,0,35.0,24.0,0.6857142857142857
SN2008A21202,Ziguinchor,Oussouye,Maïs,Principale,1967,6,1967,11,None,0,38.0,26.0,0.6842105263157895
SN2008A21202,Ziguinchor,Oussouye,Maïs,Principale,1971,6,1971,11,None,0,25.0,20.0,0.8
SN2008A21202,Ziguinchor,Oussouye,Maïs,Principale,1972,6,1972,11,None,0,3.0,2.0,0.6666666666666666
SN2008A21202,Ziguinchor,Oussouye,Maïs,Principale,1973,6,1973,11,None,0,2.0,1.0,0.5
SN2008A21202,Ziguinchor,Oussouye,Maïs,Principale,1974,6,1974,11,None,0,4.0,3.0,0.75
SN2008A21202,Ziguinchor,Oussouye,Maïs,Principale,1979,6,1979,11,None,0,15.0,11.0,0.7333333333333333
SN2008A21202,Ziguinchor,Oussouye,Maïs,Principale,1980,6,1980,11,None,0,208.0,152.0,0.7307692307692307
SN2008A21202,Ziguinchor,Oussouye,Maïs,Principale,1981,6,1981,11,None,0,254.0,350.0,1.3779527559055118
SN2008A21202,Ziguinchor,Oussouye,Maïs,Principale,1982,6,1982,11,None,0,305.0,555.0,1.819672131147541
SN2008A21202,Ziguinchor,Oussouye,Maïs,Principale,1983,6,1983,11,None,0,264.0,229.0,0.8674242424242424
SN2008A21202,Ziguinchor,Oussouye,Maïs,Principale,1986,6,1986,11,None,0,243.0,230.0,0.9465020576131687
SN2008A21202,Ziguinchor,Oussouye,Maïs,Principale,1987,6,1987,11,None,0,178.0,229.0,1.2865168539325842
SN2008A21202,Ziguinchor,Oussouye,Maïs,Principale,1988,6,1988,11,None,0,120.0,106.0,0.8833333333333333
SN2008A21202,Ziguinchor,Oussouye,Maïs,Principale,1989,6,1989,11,None,0,100.0,236.0,2.36
SN2008A21202,Ziguinchor,Oussouye,Mil,Principale,1960,6,1960,11,None,0,120.0,72.0,0.6
SN2008A21202,Ziguinchor,Oussouye,Mil,Principale,1961,6,1961,11,None,0,100.0,60.0,0.6
SN2008A21202,Ziguinchor,Oussouye,Mil,Principale,1962,6,1962,11,None,0,100.0,60.0,0.6
SN2008A21202,Ziguinchor,Oussouye,Mil,Principale,1963,6,1963,11,None,0,32.0,22.0,0.6875
SN2008A21202,Ziguinchor,Oussouye,Mil,Principale,1964,6,1964,11,None,0,202.0,141.0,0.698019801980198
SN2008A21202,Ziguinchor,Oussouye,Mil,Principale,1965,6,1965,11,None,0,400.0,260.0,0.65
SN2008A21202,Ziguinchor,Oussouye,Mil,Principale,1966,6,1966,11,None,0,283.0,52.0,0.1837455830388692
SN2008A21202,Ziguinchor,Oussouye,Mil,Principale,1968,6,1968,11,None,0,189.0,143.0,0.7566137566137566
SN2008A21202,Ziguinchor,Oussouye,Mil,Principale,1969,6,1969,11,None,0,156.0,104.0,0.6666666666666666
SN2008A21202,Ziguinchor,Oussouye,Mil,Principale,1970,6,1970,11,None,0,55.0,25.0,0.4545454545454545
SN2008A21202,Ziguinchor,Oussouye,Mil,Principale,1971,6,1971,11,None,0,40.0,26.0,0.65
SN2008A21202,Ziguinchor,Oussouye,Mil,Principale,1972,6,1972,11,None,0,51.0,34.0,0.6666666666666666
SN2008A21202,Ziguinchor,Oussouye,Mil,Principale,1974,6,1974,11,None,0,170.0,143.0,0.8411764705882353
SN2008A21202,Ziguinchor,Oussouye,Riz,Principale,1960,6,1960,11,None,0,10700.0,11700.0,1.0934579439252337
SN2008A21202,Ziguinchor,Oussouye,Riz,Principale,1961,6,1961,11,None,0,11000.0,12100.0,1.1
SN2008A21202,Ziguinchor,Oussouye,Riz,Principale,1962,6,1962,11,None,0,11000.0,12100.0,1.1
SN2008A21202,Ziguinchor,Oussouye,Riz,Principale,1963,6,1963,11,None,0,9545.0,11901.0,1.2468308014667364
SN2008A21202,Ziguinchor,Oussouye,Riz,Principale,1964,6,1964,11,None,0,11195.0,13434.0,1.2
SN2008A21202,Ziguinchor,Oussouye,Riz,Principale,1965,6,1965,11,None,0,10000.0,12000.0,1.2
SN2008A21202,Ziguinchor,Oussouye,Riz,Principale,1966,6,1966,11,None,0,11000.0,13200.0,1.2
SN2008A21202,Ziguinchor,Oussouye,Riz,Principale,1967,6,1967,11,None,0,9820.0,11221.0,1.1426680244399186
SN2008A21202,Ziguinchor,Oussouye,Riz,Principale,1968,6,1968,11,None,0,3470.0,2060.0,0.5936599423631124
SN2008A21202,Ziguinchor,Oussouye,Riz,Principale,1969,6,1969,11,None,0,11306.0,13289.0,1.1753935963205375
SN2008A21202,Ziguinchor,Oussouye,Riz,Principale,1970,6,1970,11,None,0,3899.0,2966.0,0.7607078738137985
SN2008A21202,Ziguinchor,Oussouye,Riz,Principale,1971,6,1971,11,None,0,4330.0,5000.0,1.1547344110854505
SN2008A21202,Ziguinchor,Oussouye,Riz,Principale,1972,6,1972,11,None,0,1829.0,1077.0,0.5888463641334062
SN2008A21202,Ziguinchor,Oussouye,Riz,Principale,1973,6,1973,11,None,0,4051.0,2857.0,0.7052579609972847
SN2008A21202,Ziguinchor,Oussouye,Riz,Principale,1974,6,1974,11,None,0,1204.0,729.5,0.6058970099667774
SN2008A21202,Ziguinchor,Oussouye,Riz,Principale,1975,6,1975,11,None,0,8754.0,7440.0,0.8498971898560658
SN2008A21202,Ziguinchor,Oussouye,Riz,Principale,1976,6,1976,11,None,0,9017.0,8764.0,0.971941887545747
SN2008A21202,Ziguinchor,Oussouye,Riz,Principale,1977,6,1977,11,None,0,8070.0,6369.0,0.7892193308550186
SN2008A21202,Ziguinchor,Oussouye,Riz,Principale,1978,6,1978,11,None,0,8133.0,8591.0,1.0563137833517766
SN2008A21202,Ziguinchor,Oussouye,Riz,Principale,1979,6,1979,11,None,0,7743.0,6219.0,0.8031770631538163
SN2008A21202,Ziguinchor,Oussouye,Riz,Principale,1980,6,1980,11,None,0,6011.0,2200.0,0.3659956745965729
SN2008A21202,Ziguinchor,Oussouye,Riz,Principale,1981,6,1981,11,None,0,7185.0,9567.0,1.3315240083507307
SN2008A21202,Ziguinchor,Oussouye,Riz,Principale,1982,6,1982,11,None,0,6456.0,10626.0,1.645910780669145
SN2008A21202,Ziguinchor,Oussouye,Riz,Principale,1983,6,1983,11,None,0,3948.0,3489.0,0.8837386018237082
SN2008A21202,Ziguinchor,Oussouye,Riz,Principale,1984,6,1984,11,None,0,4349.0,4784.0,1.1000229937916763
SN2008A21202,Ziguinchor,Oussouye,Riz,Principale,1985,6,1985,11,None,0,7479.0,8302.0,1.11004144939163
SN2008A21202,Ziguinchor,Oussouye,Riz,Principale,1986,6,1986,11,None,0,4761.0,5441.0,1.1428271371560597
SN2008A21202,Ziguinchor,Oussouye,Riz,Principale,1987,6,1987,11,None,0,5377.0,7244.0,1.3472196392040172
SN2008A21202,Ziguinchor,Oussouye,Riz,Principale,1988,6,1988,11,None,0,5813.0,6469.0,1.1128505074832271
SN2008A21202,Ziguinchor,Oussouye,Riz,Principale,1989,6,1989,11,None,0,8116.0,16738.0,2.062345983242977
SN2008A21202,Ziguinchor,Oussouye,Sorgho,Principale,1987,6,1987,11,None,0,27.0,20.0,0.7407407407407407
SN2008A21202,Ziguinchor,Oussouye,Sorgho,Principale,1988,6,1988,11,None,0,34.0,28.0,0.8235294117647058
SN2008A21202,Ziguinchor,Oussouye,Sorgho,Principale,1989,6,1989,11,None,0,100.0,85.0,0.85
SN2008A21203,Ziguinchor,Ziguinchor,Niébé,Principale,1966,6,1966,11,None,0,272.0,80.0,0.2941176470588235
SN2008A21203,Ziguinchor,Ziguinchor,Niébé,Principale,1967,6,1967,11,None,0,334.0,119.0,0.3562874251497006
SN2008A21203,Ziguinchor,Ziguinchor,Niébé,Principale,1968,6,1968,11,None,0,300.0,105.0,0.35
SN2008A21203,Ziguinchor,Ziguinchor,Niébé,Principale,1969,6,1969,11,None,0,40.0,20.0,0.5
SN2008A21203,Ziguinchor,Ziguinchor,Niébé,Principale,1970,6,1970,11,None,0,45.0,20.0,0.4444444444444444
SN2008A21203,Ziguinchor,Ziguinchor,Niébé,Principale,1971,6,1971,11,None,0,270.0,80.0,0.2962962962962963
SN2008A21203,Ziguinchor,Ziguinchor,Niébé,Principale,1972,6,1972,11,None,0,475.0,150.0,0.3157894736842105
SN2008A21203,Ziguinchor,Ziguinchor,Niébé,Principale,1973,6,1973,11,None,0,500.0,247.0,0.494
SN2008A21203,Ziguinchor,Ziguinchor,Niébé,Principale,1974,6,1974,11,None,0,234.0,111.0,0.4743589743589743
SN2008A21203,Ziguinchor,Ziguinchor,Niébé,Principale,1975,6,1975,11,None,0,735.0,327.0,0.4448979591836735
SN2008A21203,Ziguinchor,Ziguinchor,Niébé,Principale,1976,6,1976,11,None,0,425.0,200.0,0.4705882352941176
SN2008A21203,Ziguinchor,Ziguinchor,Niébé,Principale,1977,6,1977,11,None,0,595.0,243.0,0.4084033613445378
SN2008A21203,Ziguinchor,Ziguinchor,Niébé,Principale,1978,6,1978,11,None,0,2059.0,1085.0,0.5269548324429335
SN2008A21203,Ziguinchor,Ziguinchor,Niébé,Principale,1979,6,1979,11,None,0,2173.0,413.0,0.1900598251265531
SN2008A21203,Ziguinchor,Ziguinchor,Niébé,Principale,1980,6,1980,11,None,0,1144.0,345.0,0.3015734265734265
SN2008A21203,Ziguinchor,Ziguinchor,Niébé,Principale,1981,6,1981,11,None,0,1186.0,646.0,0.5446880269814502
SN2008A21203,Ziguinchor,Ziguinchor,Niébé,Principale,1982,6,1982,11,None,0,1322.0,674.0,0.5098335854765507
SN2008A21203,Ziguinchor,Ziguinchor,Niébé,Principale,1983,6,1983,11,None,0,1454.0,724.0,0.4979367262723521
SN2008A21203,Ziguinchor,Ziguinchor,Niébé,Principale,1984,6,1984,11,None,0,255.6,175.8,0.687793427230047
SN2008A21203,Ziguinchor,Ziguinchor,Niébé,Principale,1986,6,1986,11,None,0,159.0,110.3,0.6937106918238993
SN2008A21203,Ziguinchor,Ziguinchor,Niébé,Principale,1987,6,1987,11,None,0,380.0,254.0,0.6684210526315789
SN2008A21203,Ziguinchor,Ziguinchor,Niébé,Principale,1988,6,1988,11,None,0,544.0,235.0,0.4319852941176471
SN2008A21203,Ziguinchor,Ziguinchor,Niébé,Principale,1989,6,1989,11,None,0,42.0,31.0,0.7380952380952381
SN2008A21203,Ziguinchor,Ziguinchor,Arachide (en coque),Principale,1960,6,1960,11,None,0,12478.0,10855.0,0.8699310786985094
SN2008A21203,Ziguinchor,Ziguinchor,Arachide (en coque),Principale,1961,6,1961,11,None,0,5700.0,5200.0,0.912280701754386
SN2008A21203,Ziguinchor,Ziguinchor,Arachide (en coque),Principale,1962,6,1962,11,None,0,6500.0,6175.0,0.95
SN2008A21203,Ziguinchor,Ziguinchor,Arachide (en coque),Principale,1963,6,1963,11,None,0,6810.0,6469.0,0.9499265785609398
SN2008A21203,Ziguinchor,Ziguinchor,Arachide (en coque),Principale,1964,6,1964,11,None,0,7516.0,7131.0,0.9487759446514104
SN2008A21203,Ziguinchor,Ziguinchor,Arachide (en coque),Principale,1965,6,1965,11,None,0,8800.0,8360.0,0.95
SN2008A21203,Ziguinchor,Ziguinchor,Arachide (en coque),Principale,1966,6,1966,11,None,0,9623.0,8224.0,0.8546191416398212
SN2008A21203,Ziguinchor,Ziguinchor,Arachide (en coque),Principale,1967,6,1967,11,None,0,10964.0,8271.0,0.7543779642466253
SN2008A21203,Ziguinchor,Ziguinchor,Arachide (en coque),Principale,1968,6,1968,11,None,0,5177.0,3883.0,0.7500482905157427
SN2008A21203,Ziguinchor,Ziguinchor,Arachide (en coque),Principale,1969,6,1969,11,None,0,6100.0,3300.0,0.5409836065573771
SN2008A21203,Ziguinchor,Ziguinchor,Arachide (en coque),Principale,1970,6,1970,11,None,0,6100.0,6450.0,1.0573770491803278
SN2008A21203,Ziguinchor,Ziguinchor,Arachide (en coque),Principale,1971,6,1971,11,None,0,7060.0,8375.0,1.1862606232294617
SN2008A21203,Ziguinchor,Ziguinchor,Arachide (en coque),Principale,1972,6,1972,11,None,0,8238.0,10239.0,1.242898761835397
SN2008A21203,Ziguinchor,Ziguinchor,Arachide (en coque),Principale,1973,6,1973,11,None,0,3975.0,4387.0,1.1036477987421385
SN2008A21203,Ziguinchor,Ziguinchor,Arachide (en coque),Principale,1974,6,1974,11,None,0,4978.0,5374.0,1.079550020088389
SN2008A21203,Ziguinchor,Ziguinchor,Arachide (en coque),Principale,1975,6,1975,11,None,0,6060.0,5921.0,0.9770627062706272
SN2008A21203,Ziguinchor,Ziguinchor,Arachide (en coque),Principale,1976,6,1976,11,None,0,5955.0,6692.0,1.1237615449202352
SN2008A21203,Ziguinchor,Ziguinchor,Arachide (en coque),Principale,1977,6,1977,11,None,0,5359.0,5163.0,0.9634260123157306
SN2008A21203,Ziguinchor,Ziguinchor,Arachide (en coque),Principale,1978,6,1978,11,None,0,8321.0,7316.0,0.8792212474462204
SN2008A21203,Ziguinchor,Ziguinchor,Arachide (en coque),Principale,1979,6,1979,11,None,0,6171.0,6104.0,0.989142764543834
SN2008A21203,Ziguinchor,Ziguinchor,Arachide (en coque),Principale,1980,6,1980,11,None,0,3910.0,2222.0,0.5682864450127877
SN2008A21203,Ziguinchor,Ziguinchor,Arachide (en coque),Principale,1981,6,1981,11,None,0,6445.0,8084.0,1.2543056633048877
SN2008A21203,Ziguinchor,Ziguinchor,Arachide (en coque),Principale,1982,6,1982,11,None,0,6587.0,7735.0,1.1742826780021254
SN2008A21203,Ziguinchor,Ziguinchor,Arachide (en coque),Principale,1983,6,1983,11,None,0,4657.0,5075.0,1.0897573545200774
SN2008A21203,Ziguinchor,Ziguinchor,Arachide (en coque),Principale,1986,6,1986,11,None,0,5852.0,6546.0,1.118591934381408
SN2008A21203,Ziguinchor,Ziguinchor,Arachide (en coque),Principale,1987,6,1987,11,None,0,5721.0,6835.0,1.1947212025869602
SN2008A21203,Ziguinchor,Ziguinchor,Arachide (en coque),Principale,1988,6,1988,11,None,0,5217.0,5112.0,0.9798734905117884
SN2008A21203,Ziguinchor,Ziguinchor,Arachide (en coque),Principale,1989,6,1989,11,None,0,3714.0,3740.0,1.0070005385029617
SN2008A21203,Ziguinchor,Ziguinchor,Maïs,Principale,1960,6,1960,11,None,0,800.0,640.0,0.8
SN2008A21203,Ziguinchor,Ziguinchor,Maïs,Principale,1961,6,1961,11,None,0,900.0,720.0,0.8
SN2008A21203,Ziguinchor,Ziguinchor,Maïs,Principale,1962,6,1962,11,None,0,1100.0,880.0,0.8
SN2008A21203,Ziguinchor,Ziguinchor,Maïs,Principale,1963,6,1963,11,None,0,961.0,761.0,0.7918834547346514
SN2008A21203,Ziguinchor,Ziguinchor,Maïs,Principale,1964,6,1964,11,None,0,780.0,624.0,0.8
SN2008A21203,Ziguinchor,Ziguinchor,Maïs,Principale,1965,6,1965,11,None,0,1000.0,800.0,0.8
SN2008A21203,Ziguinchor,Ziguinchor,Maïs,Principale,1966,6,1966,11,None,0,708.0,566.0,0.7994350282485876
SN2008A21203,Ziguinchor,Ziguinchor,Maïs,Principale,1967,6,1967,11,None,0,724.0,589.0,0.81353591160221
SN2008A21203,Ziguinchor,Ziguinchor,Maïs,Principale,1968,6,1968,11,None,0,207.0,165.0,0.7971014492753623
SN2008A21203,Ziguinchor,Ziguinchor,Maïs,Principale,1969,6,1969,11,None,0,275.8,206.6,0.7490935460478607
SN2008A21203,Ziguinchor,Ziguinchor,Maïs,Principale,1970,6,1970,11,None,0,235.3,152.7,0.6489587760305991
SN2008A21203,Ziguinchor,Ziguinchor,Maïs,Principale,1971,6,1971,11,None,0,1710.0,1450.0,0.847953216374269
SN2008A21203,Ziguinchor,Ziguinchor,Maïs,Principale,1972,6,1972,11,None,0,614.0,736.0,1.1986970684039089
SN2008A21203,Ziguinchor,Ziguinchor,Maïs,Principale,1973,6,1973,11,None,0,906.0,861.0,0.9503311258278144
SN2008A21203,Ziguinchor,Ziguinchor,Maïs,Principale,1974,6,1974,11,None,0,950.0,808.0,0.8505263157894737
SN2008A21203,Ziguinchor,Ziguinchor,Maïs,Principale,1975,6,1975,11,None,0,328.0,230.0,0.7012195121951219
SN2008A21203,Ziguinchor,Ziguinchor,Maïs,Principale,1976,6,1976,11,None,0,1047.0,782.0,0.7468958930276982
SN2008A21203,Ziguinchor,Ziguinchor,Maïs,Principale,1977,6,1977,11,None,0,725.0,522.0,0.72
SN2008A21203,Ziguinchor,Ziguinchor,Maïs,Principale,1978,6,1978,11,None,0,1233.0,1033.0,0.83779399837794
SN2008A21203,Ziguinchor,Ziguinchor,Maïs,Principale,1979,6,1979,11,None,0,1121.0,856.0,0.7636039250669046
SN2008A21203,Ziguinchor,Ziguinchor,Maïs,Principale,1980,6,1980,11,None,0,1967.0,893.0,0.4539908490086426
SN2008A21203,Ziguinchor,Ziguinchor,Maïs,Principale,1981,6,1981,11,None,0,1897.0,2120.0,1.117554032683184
SN2008A21203,Ziguinchor,Ziguinchor,Maïs,Principale,1982,6,1982,11,None,0,1840.0,1825.0,0.9918478260869564
SN2008A21203,Ziguinchor,Ziguinchor,Maïs,Principale,1983,6,1983,11,None,0,1380.0,1143.0,0.8282608695652174
SN2008A21203,Ziguinchor,Ziguinchor,Maïs,Principale,1986,6,1986,11,None,0,2184.0,1657.0,0.7586996336996337
SN2008A21203,Ziguinchor,Ziguinchor,Maïs,Principale,1987,6,1987,11,None,0,1500.0,1707.0,1.138
SN2008A21203,Ziguinchor,Ziguinchor,Maïs,Principale,1988,6,1988,11,None,0,1044.0,883.0,0.8457854406130269
SN2008A21203,Ziguinchor,Ziguinchor,Maïs,Principale,1989,6,1989,11,None,0,510.0,565.0,1.107843137254902
SN2008A21203,Ziguinchor,Ziguinchor,Mil,Principale,1960,6,1960,11,None,0,2850.0,1995.0,0.7
SN2008A21203,Ziguinchor,Ziguinchor,Mil,Principale,1961,6,1961,11,None,0,2500.0,1625.0,0.65
SN2008A21203,Ziguinchor,Ziguinchor,Mil,Principale,1962,6,1962,11,None,0,2650.0,1855.0,0.7
SN2008A21203,Ziguinchor,Ziguinchor,Mil,Principale,1963,6,1963,11,None,0,2758.0,1932.0,0.700507614213198
SN2008A21203,Ziguinchor,Ziguinchor,Mil,Principale,1964,6,1964,11,None,0,4018.0,3512.0,0.874066699850672
SN2008A21203,Ziguinchor,Ziguinchor,Mil,Principale,1965,6,1965,11,None,0,5000.0,3500.0,0.7
SN2008A21203,Ziguinchor,Ziguinchor,Mil,Principale,1966,6,1966,11,None,0,4906.0,2987.0,0.6088463106400326
SN2008A21203,Ziguinchor,Ziguinchor,Mil,Principale,1967,6,1967,11,None,0,5868.0,3950.0,0.6731424676209953
SN2008A21203,Ziguinchor,Ziguinchor,Mil,Principale,1968,6,1968,11,None,0,5473.0,4353.0,0.7953590352640234
SN2008A21203,Ziguinchor,Ziguinchor,Mil,Principale,1969,6,1969,11,None,0,7893.0,7863.0,0.9961991638160396
SN2008A21203,Ziguinchor,Ziguinchor,Mil,Principale,1970,6,1970,11,None,0,7740.0,7239.0,0.9352713178294574
SN2008A21203,Ziguinchor,Ziguinchor,Mil,Principale,1971,6,1971,11,None,0,6050.0,5850.0,0.9669421487603306
SN2008A21203,Ziguinchor,Ziguinchor,Mil,Principale,1972,6,1972,11,None,0,8326.0,2494.0,0.2995435983665626
SN2008A21203,Ziguinchor,Ziguinchor,Mil,Principale,1973,6,1973,11,None,0,10569.0,10384.0,0.982495978805942
SN2008A21203,Ziguinchor,Ziguinchor,Mil,Principale,1974,6,1974,11,None,0,2630.0,2177.0,0.8277566539923954
SN2008A21203,Ziguinchor,Ziguinchor,Mil,Principale,1975,6,1975,11,None,0,2084.0,3494.0,1.6765834932821495
SN2008A21203,Ziguinchor,Ziguinchor,Mil,Principale,1976,6,1976,11,None,0,2615.0,2219.0,0.848565965583174
SN2008A21203,Ziguinchor,Ziguinchor,Mil,Principale,1977,6,1977,11,None,0,3744.0,2765.0,0.7385149572649573
SN2008A21203,Ziguinchor,Ziguinchor,Mil,Principale,1978,6,1978,11,None,0,9007.0,6803.0,0.755301432219385
SN2008A21203,Ziguinchor,Ziguinchor,Mil,Principale,1979,6,1979,11,None,0,10560.0,8286.0,0.7846590909090909
SN2008A21203,Ziguinchor,Ziguinchor,Mil,Principale,1980,6,1980,11,None,0,9048.0,5402.0,0.5970380194518126
SN2008A21203,Ziguinchor,Ziguinchor,Mil,Principale,1981,6,1981,11,None,0,8590.0,7451.0,0.8674039580908033
SN2008A21203,Ziguinchor,Ziguinchor,Mil,Principale,1982,6,1982,11,None,0,4891.0,4264.0,0.8718053567777551
SN2008A21203,Ziguinchor,Ziguinchor,Mil,Principale,1983,6,1983,11,None,0,3666.0,1467.0,0.4001636661211129
SN2008A21203,Ziguinchor,Ziguinchor,Mil,Principale,1986,6,1986,11,None,0,2917.0,1896.0,0.649982859101817
SN2008A21203,Ziguinchor,Ziguinchor,Mil,Principale,1987,6,1987,11,None,0,677.0,537.0,0.793205317577548
SN2008A21203,Ziguinchor,Ziguinchor,Mil,Principale,1988,6,1988,11,None,0,624.0,572.0,0.9166666666666666
SN2008A21203,Ziguinchor,Ziguinchor,Mil,Principale,1989,6,1989,11,None,0,913.0,863.0,0.945235487404162
SN2008A21203,Ziguinchor,Ziguinchor,Riz,Principale,1960,6,1960,11,None,0,4600.0,5060.0,1.1
SN2008A21203,Ziguinchor,Ziguinchor,Riz,Principale,1961,6,1961,11,None,2,4600.0,5060.0,1.1
SN2008A21203,Ziguinchor,Ziguinchor,Riz,Principale,1962,6,1962,11,None,2,5500.0,6050.0,1.1
SN2008A21203,Ziguinchor,Ziguinchor,Riz,Principale,1963,6,1963,11,None,2,5441.0,5985.0,1.0999816210255469
SN2008A21203,Ziguinchor,Ziguinchor,Riz,Principale,1964,6,1964,11,None,2,5662.0,6228.0,1.0999646767926528
SN2008A21203,Ziguinchor,Ziguinchor,Riz,Principale,1965,6,1965,11,None,2,6500.0,7150.0,1.1
SN2008A21203,Ziguinchor,Ziguinchor,Riz,Principale,1966,6,1966,11,None,2,6000.0,6600.0,1.1
SN2008A21203,Ziguinchor,Ziguinchor,Riz,Principale,1967,6,1967,11,None,0,8545.0,8289.0,0.970040959625512
SN2008A21203,Ziguinchor,Ziguinchor,Riz,Principale,1968,6,1968,11,None,0,6545.0,5146.0,0.7862490450725745
SN2008A21203,Ziguinchor,Ziguinchor,Riz,Principale,1969,6,1969,11,None,0,9266.0,12444.0,1.3429743146988993
SN2008A21203,Ziguinchor,Ziguinchor,Riz,Principale,1970,6,1970,11,None,0,9003.0,9713.0,1.078862601355104
SN2008A21203,Ziguinchor,Ziguinchor,Riz,Principale,1971,6,1971,11,None,0,6650.0,7925.0,1.1917293233082706
SN2008A21203,Ziguinchor,Ziguinchor,Riz,Principale,1972,6,1972,11,None,0,4784.0,3565.0,0.7451923076923077
SN2008A21203,Ziguinchor,Ziguinchor,Riz,Principale,1973,6,1973,11,None,0,8602.0,7186.0,0.8353871192745873
SN2008A21203,Ziguinchor,Ziguinchor,Riz,Principale,1974,6,1974,11,None,0,8012.0,10107.0,1.2614827758362457
SN2008A21203,Ziguinchor,Ziguinchor,Riz,Principale,1975,6,1975,11,None,0,9632.0,10233.0,1.0623961794019934
SN2008A21203,Ziguinchor,Ziguinchor,Riz,Principale,1976,6,1976,11,None,0,11539.0,13448.0,1.1654389461825114
SN2008A21203,Ziguinchor,Ziguinchor,Riz,Principale,1978,6,1978,11,None,0,6943.0,11817.0,1.7020020164194152
SN2008A21203,Ziguinchor,Ziguinchor,Riz,Principale,1979,6,1979,11,None,0,6806.0,8937.0,1.3131060828680576
SN2008A21203,Ziguinchor,Ziguinchor,Riz,Principale,1980,6,1980,11,None,0,6452.0,3441.0,0.5333230006199629
SN2008A21203,Ziguinchor,Ziguinchor,Riz,Principale,1981,6,1981,11,None,0,9424.0,14450.0,1.5333191850594228
SN2008A21203,Ziguinchor,Ziguinchor,Riz,Principale,1982,6,1982,11,None,0,8477.0,9650.0,1.1383744249144745
SN2008A21203,Ziguinchor,Ziguinchor,Riz,Principale,1983,6,1983,11,None,0,2461.0,2036.0,0.8273059731816335
SN2008A21203,Ziguinchor,Ziguinchor,Riz,Principale,1984,6,1984,11,None,0,5696.0,6835.0,1.1999648876404494
SN2008A21203,Ziguinchor,Ziguinchor,Riz,Principale,1985,6,1985,11,None,0,7500.0,9150.0,1.22
SN2008A21203,Ziguinchor,Ziguinchor,Riz,Principale,1986,6,1986,11,None,0,6418.0,7600.0,1.184169523215955
SN2008A21203,Ziguinchor,Ziguinchor,Riz,Principale,1987,6,1987,11,None,0,5564.0,7704.0,1.3846153846153846
SN2008A21203,Ziguinchor,Ziguinchor,Riz,Principale,1988,6,1988,11,None,0,5205.0,6354.0,1.220749279538905
SN2008A21203,Ziguinchor,Ziguinchor,Riz,Principale,1989,6,1989,11,None,0,4222.0,6762.0,1.601610611084794
SN2008A21203,Ziguinchor,Ziguinchor,Sorgho,Principale,1982,6,1982,11,None,0,3822.0,3249.0,0.8500784929356358
SN2008A21203,Ziguinchor,Ziguinchor,Sorgho,Principale,1983,6,1983,11,None,0,2866.0,1434.0,0.5003489183531054
SN2008A21203,Ziguinchor,Ziguinchor,Sorgho,Principale,1986,6,1986,11,None,0,1862.0,964.0,0.5177228786251342
SN2008A21203,Ziguinchor,Ziguinchor,Sorgho,Principale,1987,6,1987,11,None,0,1264.0,1052.0,0.8322784810126582
SN2008A21203,Ziguinchor,Ziguinchor,Sorgho,Principale,1988,6,1988,11,None,0,1386.0,1295.0,0.9343434343434344
SN2008A21203,Ziguinchor,Ziguinchor,Sorgho,Principale,1989,6,1989,11,None,0,474.0,531.0,1.120253164556962
SN2008A21701,Saint-Louis,Dagana,Niébé,Principale,1965,6,1965,11,None,0,20.81276894731083,6.24383068419325,0.3
SN2008A21701,Saint-Louis,Dagana,Niébé,Principale,1966,6,1966,11,None,0,1.2487661368386498,0.4162553789462166,0.3333333333333333
SN2008A21701,Saint-Louis,Dagana,Niébé,Principale,1967,6,1967,11,None,0,7.492596821031899,2.913787652623516,0.3888888888888888
SN2008A21701,Saint-Louis,Dagana,Niébé,Principale,1968,6,1968,11,None,0,66.18460525244843,25.391578115719213,0.3836477987421384
SN2008A21701,Saint-Louis,Dagana,Niébé,Principale,1969,6,1969,11,None,0,513.242882240685,253.0832703992997,0.4931062449310625
SN2008A21701,Saint-Louis,Dagana,Niébé,Principale,1970,6,1970,11,None,0,256.82956880981567,110.3076754207474,0.4294975688816855
SN2008A21701,Saint-Louis,Dagana,Niébé,Principale,1971,6,1971,11,None,0,106.14512163128524,31.219153420966247,0.2941176470588235
SN2008A21701,Saint-Louis,Dagana,Niébé,Principale,1972,6,1972,11,None,0,76.59098972610386,36.63047334726706,0.4782608695652174
SN2008A21701,Saint-Louis,Dagana,Niébé,Principale,1973,6,1973,11,None,0,153.1819794522077,32.05166417885868,0.2092391304347826
SN2008A21701,Saint-Louis,Dagana,Niébé,Principale,1974,6,1974,11,None,0,392.9450777252285,254.74829191508456,0.6483050847457626
SN2008A21701,Saint-Louis,Dagana,Niébé,Principale,1975,6,1975,11,None,0,475.7798981355256,221.03160622044103,0.4645669291338583
SN2008A21701,Saint-Louis,Dagana,Niébé,Principale,1976,6,1976,11,None,0,52.44817774722329,17.06647053679488,0.3253968253968254
SN2008A21701,Saint-Louis,Dagana,Niébé,Principale,1977,6,1977,11,None,0,46.20434706303004,11.655150610494063,0.2522522522522522
SN2008A21701,Saint-Louis,Dagana,Niébé,Principale,1978,6,1978,11,None,0,219.7828400836024,104.48010011550036,0.4753787878787878
SN2008A21701,Saint-Louis,Dagana,Niébé,Principale,1979,6,1979,11,None,0,52.03192236827708,22.06153508414948,0.4239999999999999
SN2008A21701,Saint-Louis,Dagana,Niébé,Principale,1980,6,1980,11,None,0,46.20434706303004,17.4827259157411,0.3783783783783784
SN2008A21701,Saint-Louis,Dagana,Niébé,Principale,1981,6,1981,11,None,0,3.330043031569733,0.8325107578924332,0.25
SN2008A21701,Saint-Louis,Dagana,Niébé,Principale,1982,6,1982,11,None,0,98.65252481025334,30.80289804202003,0.3122362869198312
SN2008A21701,Saint-Louis,Dagana,Niébé,Principale,1983,6,1983,11,None,0,110.3076754207474,33.30043031569733,0.3018867924528302
SN2008A21701,Saint-Louis,Dagana,Niébé,Principale,1984,6,1984,11,None,0,104.06384473655416,35.79796258937463,0.344
SN2008A21701,Saint-Louis,Dagana,Niébé,Principale,1988,6,1988,11,None,0,4.162553789462166,1.2487661368386498,0.3
SN2008A21701,Saint-Louis,Dagana,Arachide (en coque),Principale,1960,6,1960,11,None,0,1725.5120638829974,1012.3920714787624,0.5867197875166001
SN2008A21701,Saint-Louis,Dagana,Arachide (en coque),Principale,1961,6,1961,11,None,0,3574.766028761588,1099.9280088497194,0.3076923076923077
SN2008A21701,Saint-Louis,Dagana,Arachide (en coque),Principale,1962,6,1962,11,None,0,3562.85014199905,343.2691994285166,0.0963467970156933
SN2008A21701,Saint-Louis,Dagana,Arachide (en coque),Principale,1963,6,1963,11,None,0,5639.422562039916,1980.7870226035363,0.3512393336042259
SN2008A21701,Saint-Louis,Dagana,Arachide (en coque),Principale,1964,6,1964,11,None,0,6416.24671829003,2749.8200221242982,0.4285714285714285
SN2008A21701,Saint-Louis,Dagana,Arachide (en coque),Principale,1965,6,1965,11,None,0,7332.853392331463,4399.712035398878,0.6
SN2008A21701,Saint-Louis,Dagana,Arachide (en coque),Principale,1966,6,1966,11,None,0,4990.923340155602,3589.431735546251,0.7191919191919192
SN2008A21701,Saint-Louis,Dagana,Arachide (en coque),Principale,1967,6,1967,11,None,0,5585.801071608492,3100.4220749451465,0.5550541516245487
SN2008A21701,Saint-Louis,Dagana,Arachide (en coque),Principale,1968,6,1968,11,None,0,5499.6400442485965,687.4550055310746,0.125
SN2008A21701,Saint-Louis,Dagana,Arachide (en coque),Principale,1969,6,1969,11,None,0,4583.033370207164,2291.516685103582,0.5
SN2008A21701,Saint-Louis,Dagana,Arachide (en coque),Principale,1970,6,1970,11,None,0,4491.372702803021,449.13727028030206,0.0999999999999999
SN2008A21701,Saint-Louis,Dagana,Arachide (en coque),Principale,1971,6,1971,11,None,0,5482.68282077883,918.4398873895155,0.1675165092368135
SN2008A21701,Saint-Louis,Dagana,Arachide (en coque),Principale,1973,6,1973,11,None,0,3061.4662912983854,214.02765838867447,0.0699101796407185
SN2008A21701,Saint-Louis,Dagana,Arachide (en coque),Principale,1974,6,1974,11,None,0,2699.40665505202,1755.301780789344,0.6502546689303905
SN2008A21701,Saint-Louis,Dagana,Arachide (en coque),Principale,1975,6,1975,11,None,0,3132.5033085365967,2348.804602231171,0.7498171177761519
SN2008A21701,Saint-Louis,Dagana,Arachide (en coque),Principale,1976,6,1976,11,None,0,2732.404495317511,438.5962935288256,0.1605166051660516
SN2008A21701,Saint-Louis,Dagana,Arachide (en coque),Principale,1977,6,1977,11,None,0,2644.4102546095337,60.49604048673456,0.0228769497400346
SN2008A21701,Saint-Louis,Dagana,Arachide (en coque),Principale,1978,6,1978,11,None,0,3229.6636159849886,1854.75360492284,0.5742869306087697
SN2008A21701,Saint-Louis,Dagana,Arachide (en coque),Principale,1979,6,1979,11,None,0,1165.4653860436815,236.9428252397104,0.2033031852143138
SN2008A21701,Saint-Louis,Dagana,Arachide (en coque),Principale,1980,6,1980,11,None,0,1732.386613938308,804.3223564713572,0.4642857142857142
SN2008A21701,Saint-Louis,Dagana,Arachide (en coque),Principale,1981,6,1981,11,None,0,1806.631754535664,4145.353683352379,2.294520547945205
SN2008A21701,Saint-Louis,Dagana,Arachide (en coque),Principale,1986,6,1986,11,None,0,492.67608729727016,154.90652791300215,0.3144186046511628
SN2008A21701,Saint-Louis,Dagana,Arachide (en coque),Principale,1987,6,1987,11,None,0,773.1577295539486,509.6333107670366,0.6591582691167753
SN2008A21701,Saint-Louis,Dagana,Arachide (en coque),Principale,1988,6,1988,11,None,0,546.7558810657147,278.6484289085956,0.509639564124057
SN2008A21701,Saint-Louis,Dagana,Arachide (en coque),Principale,1989,6,1989,11,None,0,718.1613291114626,336.85295271022653,0.4690491384811742
SN2008A21701,Saint-Louis,Dagana,Maïs,Principale,1961,6,1961,11,None,0,1100.0,660.0,0.6
SN2008A21701,Saint-Louis,Dagana,Maïs,Principale,1962,6,1962,11,None,0,572.0,258.0,0.451048951048951
SN2008A21701,Saint-Louis,Dagana,Maïs,Principale,1963,6,1963,11,None,0,572.0,257.0,0.4493006993006993
SN2008A21701,Saint-Louis,Dagana,Maïs,Principale,1964,6,1964,11,None,0,500.0,225.0,0.45
SN2008A21701,Saint-Louis,Dagana,Maïs,Principale,1965,6,1965,11,None,0,500.0,225.0,0.45
SN2008A21701,Saint-Louis,Dagana,Maïs,Principale,1966,6,1966,11,None,0,315.0,157.0,0.4984126984126984
SN2008A21701,Saint-Louis,Dagana,Maïs,Principale,1973,6,1973,11,None,0,564.0,282.0,0.5
SN2008A21701,Saint-Louis,Dagana,Maïs,Principale,1974,6,1974,11,None,0,197.0,147.0,0.7461928934010152
SN2008A21701,Saint-Louis,Dagana,Maïs,Principale,1975,6,1975,11,None,0,286.0,1122.0,3.923076923076923
SN2008A21701,Saint-Louis,Dagana,Maïs,Principale,1979,6,1979,11,None,0,859.0,2457.0,2.860302677532014
SN2008A21701,Saint-Louis,Dagana,Maïs,Principale,1980,6,1980,11,None,0,80.0,49.0,0.6125
SN2008A21701,Saint-Louis,Dagana,Maïs,Principale,1981,6,1981,11,None,0,40.0,28.0,0.7
SN2008A21701,Saint-Louis,Dagana,Mil,Principale,1960,6,1960,11,None,0,11378.62301747037,5040.729996739374,0.4429999999999999
SN2008A21701,Saint-Louis,Dagana,Mil,Principale,1961,6,1961,11,None,0,34135.86905241111,12326.841602259568,0.3611111111111111
SN2008A21701,Saint-Louis,Dagana,Mil,Principale,1962,6,1962,11,None,0,29137.80889198725,9257.458043296936,0.3177129096293404
SN2008A21701,Saint-Louis,Dagana,Mil,Principale,1963,6,1963,11,None,0,32906.02954793952,15073.830842393872,0.4580871970722992
SN2008A21701,Saint-Louis,Dagana,Mil,Principale,1964,6,1964,11,None,0,23705.464619729937,8913.254697018456,0.376
SN2008A21701,Saint-Louis,Dagana,Mil,Principale,1965,6,1965,11,None,0,23705.464619729937,9482.185847891977,0.4000000000000001
SN2008A21701,Saint-Louis,Dagana,Mil,Principale,1966,6,1966,11,None,0,39550.19717155743,14892.721092699136,0.3765523855190602
SN2008A21701,Saint-Louis,Dagana,Mil,Principale,1967,6,1967,11,None,0,24321.80669984292,9280.215289331876,0.3815594541910331
SN2008A21701,Saint-Louis,Dagana,Mil,Principale,1968,6,1968,11,None,0,24748.50506299805,1944.796317402644,0.0785823754789272
SN2008A21701,Saint-Louis,Dagana,Mil,Principale,1969,6,1969,11,None,0,32259.344473113288,18074.942663251684,0.5603009905646513
SN2008A21701,Saint-Louis,Dagana,Mil,Principale,1970,6,1970,11,None,0,23980.448009318807,6277.207031304488,0.2617635429023329
SN2008A21701,Saint-Louis,Dagana,Mil,Principale,1971,6,1971,11,None,0,19727.687656539256,4146.559871283161,0.2101898582071617
SN2008A21701,Saint-Louis,Dagana,Mil,Principale,1972,6,1972,11,None,0,9334.26374866486,,
SN2008A21701,Saint-Louis,Dagana,Mil,Principale,1973,6,1973,11,None,0,7867.369597995972,3712.275759449709,0.4718572978184887
SN2008A21701,Saint-Louis,Dagana,Mil,Principale,1974,6,1974,11,None,0,19286.76601461228,1849.0262403389352,0.0958702064896755
SN2008A21701,Saint-Louis,Dagana,Mil,Principale,1975,6,1975,11,None,0,24347.408601632225,4715.491022156679,0.1936752735911515
SN2008A21701,Saint-Louis,Dagana,Mil,Principale,1976,6,1976,11,None,0,23169.72111932404,2493.814877995589,0.1076324943728258
SN2008A21701,Saint-Louis,Dagana,Mil,Principale,1977,6,1977,11,None,0,14754.281179319913,,
SN2008A21701,Saint-Louis,Dagana,Mil,Principale,1978,6,1978,11,None,0,19672.69097862148,4921.254455055935,0.2501566491540946
SN2008A21701,Saint-Louis,Dagana,Mil,Principale,1979,6,1979,11,None,0,12671.993167122837,2476.746943469384,0.1954504639329541
SN2008A21701,Saint-Louis,Dagana,Mil,Principale,1980,6,1980,11,None,0,18658.09709289704,3641.159365590519,0.1951516999542613
SN2008A21701,Saint-Louis,Dagana,Mil,Principale,1981,6,1981,11,None,0,18794.640569106683,8374.666540858192,0.4455880127137884
SN2008A21701,Saint-Louis,Dagana,Mil,Principale,1982,6,1982,11,None,0,5437.085365181259,,
SN2008A21701,Saint-Louis,Dagana,Mil,Principale,1983,6,1983,11,None,0,4598.860136227608,,
SN2008A21701,Saint-Louis,Dagana,Mil,Principale,1986,6,1986,11,None,0,3705.638229356184,1073.3834379813716,0.2896622313203684
SN2008A21701,Saint-Louis,Dagana,Mil,Principale,1987,6,1987,11,None,0,1971.3464377767416,717.8014686854225,0.3641173641173641
SN2008A21701,Saint-Louis,Dagana,Mil,Principale,1988,6,1988,11,None,0,1674.5540207377228,366.0123737286302,0.218573046432616
SN2008A21701,Saint-Louis,Dagana,Mil,Principale,1989,6,1989,11,None,0,1917.2979784437573,472.2128552250204,0.2462908011869436
SN2008A21701,Saint-Louis,Dagana,Riz,Principale,1960,6,1960,11,None,0,931.0,1450.0,1.5574650912996777
SN2008A21701,Saint-Louis,Dagana,Riz,Principale,1961,6,1961,11,None,0,1490.0,411.0,0.2758389261744966
SN2008A21701,Saint-Louis,Dagana,Riz,Principale,1962,6,1962,11,None,0,1832.0,4291.0,2.342248908296943
SN2008A21701,Saint-Louis,Dagana,Riz,Principale,1963,6,1963,11,None,0,7800.0,21620.0,2.771794871794872
SN2008A21701,Saint-Louis,Dagana,Riz,Principale,1964,6,1964,11,None,0,8855.0,21171.0,2.3908526256352345
SN2008A21701,Saint-Louis,Dagana,Riz,Principale,1965,6,1965,11,None,0,11690.0,21803.0,1.865098374679213
SN2008A21701,Saint-Louis,Dagana,Riz,Principale,1966,6,1966,11,None,0,14413.0,27384.0,1.899951432734337
SN2008A21701,Saint-Louis,Dagana,Riz,Principale,1974,6,1974,11,None,0,411.0,1200.0,2.9197080291970803
SN2008A21701,Saint-Louis,Dagana,Riz,Principale,1977,6,1977,11,None,0,5032.0,8075.0,1.6047297297297298
SN2008A21701,Saint-Louis,Dagana,Riz,Principale,1978,6,1978,11,None,0,6879.0,16089.0,2.3388573920628
SN2008A21701,Saint-Louis,Dagana,Riz,Principale,1979,6,1979,11,None,0,5744.0,13090.0,2.278899721448468
SN2008A21701,Saint-Louis,Dagana,Riz,Principale,1980,6,1980,11,None,0,5891.0,15596.0,2.647428280427772
SN2008A21701,Saint-Louis,Dagana,Riz,Principale,1981,6,1981,11,None,0,6399.0,17413.0,2.7212064385060164
SN2008A21701,Saint-Louis,Dagana,Riz,Principale,1982,6,1982,11,None,0,8920.0,36307.0,4.070291479820628
SN2008A21701,Saint-Louis,Dagana,Riz,Principale,1984,6,1984,11,None,0,11474.0,47885.0,4.173348439951194
SN2008A21701,Saint-Louis,Dagana,Riz,Principale,1985,6,1985,11,None,0,10500.0,49350.0,4.7
SN2008A21701,Saint-Louis,Dagana,Riz,Principale,1986,6,1986,11,None,0,10231.0,48394.0,4.730133906753983
SN2008A21701,Saint-Louis,Dagana,Riz,Principale,1987,6,1987,11,None,0,8079.0,36355.0,4.49993811115237
SN2008A21701,Saint-Louis,Dagana,Riz,Principale,1988,6,1988,11,None,0,9067.0,42615.0,4.700011029006286
SN2008A21701,Saint-Louis,Dagana,Riz,Principale,1989,6,1989,11,None,0,12039.0,54176.0,4.500041531688678
SN2008A21701,Saint-Louis,Dagana,Sorgho,Principale,1982,6,1982,11,None,0,282.9763015604675,11.3190520624187,0.04
SN2008A21702,Saint-Louis,Podor,Niébé,Principale,1962,6,1962,11,None,0,1070.0,342.0,0.319626168224299
SN2008A21702,Saint-Louis,Podor,Niébé,Principale,1963,6,1963,11,None,0,450.0,150.0,0.3333333333333333
SN2008A21702,Saint-Louis,Podor,Niébé,Principale,1964,6,1964,11,None,0,2269.0,594.0,0.2617893345085941
SN2008A21702,Saint-Louis,Podor,Niébé,Principale,1965,6,1965,11,None,0,2200.0,770.0,0.35
SN2008A21702,Saint-Louis,Podor,Niébé,Principale,1966,6,1966,11,None,0,1204.0,342.1,0.2841362126245847
SN2008A21702,Saint-Louis,Podor,Niébé,Principale,1967,6,1967,11,None,0,1611.0,333.0,0.2067039106145251
SN2008A21702,Saint-Louis,Podor,Niébé,Principale,1968,6,1968,11,None,0,837.0,254.5,0.3040621266427718
SN2008A21702,Saint-Louis,Podor,Niébé,Principale,1969,6,1969,11,None,0,889.0,277.2,0.3118110236220472
SN2008A21702,Saint-Louis,Podor,Niébé,Principale,1970,6,1970,11,None,0,3342.0,650.0,0.1944943147815679
SN2008A21702,Saint-Louis,Podor,Niébé,Principale,1971,6,1971,11,None,0,1766.2,928.1,0.5254784282640698
SN2008A21702,Saint-Louis,Podor,Niébé,Principale,1972,6,1972,11,None,0,604.0,167.0,0.2764900662251656
SN2008A21702,Saint-Louis,Podor,Niébé,Principale,1973,6,1973,11,None,0,3424.0,618.0,0.1804906542056074
SN2008A21702,Saint-Louis,Podor,Niébé,Principale,1974,6,1974,11,None,0,3773.0,800.9,0.2122714020673204
SN2008A21702,Saint-Louis,Podor,Niébé,Principale,1975,6,1975,11,None,0,3876.0,1250.0,0.3224974200206398
SN2008A21702,Saint-Louis,Podor,Niébé,Principale,1976,6,1976,11,None,0,7680.0,1885.0,0.2454427083333333
SN2008A21702,Saint-Louis,Podor,Niébé,Principale,1977,6,1977,11,None,0,5115.0,1005.0,0.1964809384164222
SN2008A21702,Saint-Louis,Podor,Niébé,Principale,1978,6,1978,11,None,0,1514.0,288.0,0.190224570673712
SN2008A21702,Saint-Louis,Podor,Niébé,Principale,1979,6,1979,11,None,0,3877.0,439.0,0.1132318803198349
SN2008A21702,Saint-Louis,Podor,Niébé,Principale,1980,6,1980,11,None,0,3437.0,991.0,0.2883328484143148
SN2008A21702,Saint-Louis,Podor,Niébé,Principale,1981,6,1981,11,None,0,3183.0,1027.0,0.3226515865535658
SN2008A21702,Saint-Louis,Podor,Niébé,Principale,1982,6,1982,11,None,0,2927.0,1101.0,0.3761530577382986
SN2008A21702,Saint-Louis,Podor,Niébé,Principale,1983,6,1983,11,None,0,2131.0,458.0,0.2149225715626466
SN2008A21702,Saint-Louis,Podor,Niébé,Principale,1986,6,1986,11,None,0,823.0,258.0,0.3134872417982989
SN2008A21702,Saint-Louis,Podor,Niébé,Principale,1987,6,1987,11,None,0,1024.0,213.0,0.2080078125
SN2008A21702,Saint-Louis,Podor,Niébé,Principale,1988,6,1988,11,None,1,2095.0,9847.0,4.700238663484487
SN2008A21702,Saint-Louis,Podor,Niébé,Principale,1989,6,1989,11,None,0,4937.0,122.0,0.0247113631760178
SN2008A21702,Saint-Louis,Podor,Arachide (en coque),Principale,1960,6,1960,11,None,0,10.0,3.0,0.3
SN2008A21702,Saint-Louis,Podor,Arachide (en coque),Principale,1962,6,1962,11,None,0,406.0,300.0,0.7389162561576355
SN2008A21702,Saint-Louis,Podor,Arachide (en coque),Principale,1963,6,1963,11,None,0,413.0,61.0,0.1476997578692493
SN2008A21702,Saint-Louis,Podor,Arachide (en coque),Principale,1964,6,1964,11,None,0,1000.0,200.0,0.2
SN2008A21702,Saint-Louis,Podor,Arachide (en coque),Principale,1965,6,1965,11,None,0,1000.0,300.0,0.3
SN2008A21702,Saint-Louis,Podor,Arachide (en coque),Principale,1969,6,1969,11,None,0,200.0,100.0,0.5
SN2008A21702,Saint-Louis,Podor,Arachide (en coque),Principale,1988,6,1988,11,None,0,20.0,8.0,0.4
SN2008A21702,Saint-Louis,Podor,Arachide (en coque),Principale,1989,6,1989,11,None,0,10.0,4.0,0.4
SN2008A21702,Saint-Louis,Podor,Maïs,Principale,1960,6,1960,11,None,0,743.0,92.0,0.1238223418573351
SN2008A21702,Saint-Louis,Podor,Maïs,Principale,1961,6,1961,11,None,0,430.0,,
SN2008A21702,Saint-Louis,Podor,Maïs,Principale,1962,6,1962,11,None,0,4343.0,2119.0,0.48791158185586
SN2008A21702,Saint-Louis,Podor,Maïs,Principale,1963,6,1963,11,None,0,3500.0,1225.0,0.35
SN2008A21702,Saint-Louis,Podor,Maïs,Principale,1964,6,1964,11,None,0,3500.0,1225.0,0.35
SN2008A21702,Saint-Louis,Podor,Maïs,Principale,1965,6,1965,11,None,0,5000.0,750.0,0.15
SN2008A21702,Saint-Louis,Podor,Maïs,Principale,1966,6,1966,11,None,0,2896.0,1643.0,0.5673342541436464
SN2008A21702,Saint-Louis,Podor,Maïs,Principale,1967,6,1967,11,None,0,8256.0,2318.0,0.280765503875969
SN2008A21702,Saint-Louis,Podor,Maïs,Principale,1968,6,1968,11,None,0,1883.0,782.0,0.4152947424322889
SN2008A21702,Saint-Louis,Podor,Maïs,Principale,1969,6,1969,11,None,0,2981.0,2586.0,0.8674941294867494
SN2008A21702,Saint-Louis,Podor,Maïs,Principale,1970,6,1970,11,None,0,2639.0,1921.0,0.7279272451686245
SN2008A21702,Saint-Louis,Podor,Maïs,Principale,1971,6,1971,11,None,0,1302.0,909.0,0.6981566820276498
SN2008A21702,Saint-Louis,Podor,Maïs,Principale,1973,6,1973,11,None,0,18842.0,9900.0,0.525421929731451
SN2008A21702,Saint-Louis,Podor,Maïs,Principale,1974,6,1974,11,None,0,4025.0,2993.0,0.7436024844720497
SN2008A21702,Saint-Louis,Podor,Maïs,Principale,1975,6,1975,11,None,0,3993.0,1822.0,0.4562985224142249
SN2008A21702,Saint-Louis,Podor,Maïs,Principale,1977,6,1977,11,None,0,1575.0,746.0,0.4736507936507936
SN2008A21702,Saint-Louis,Podor,Maïs,Principale,1978,6,1978,11,None,0,1643.0,948.0,0.5769933049300061
SN2008A21702,Saint-Louis,Podor,Maïs,Principale,1979,6,1979,11,None,0,824.0,491.0,0.595873786407767
SN2008A21702,Saint-Louis,Podor,Maïs,Principale,1980,6,1980,11,None,0,1500.0,1050.0,0.7
SN2008A21702,Saint-Louis,Podor,Maïs,Principale,1981,6,1981,11,None,0,2144.0,1305.0,0.6086753731343284
SN2008A21702,Saint-Louis,Podor,Maïs,Principale,1986,6,1986,11,None,0,281.0,774.0,2.754448398576512
SN2008A21702,Saint-Louis,Podor,Maïs,Principale,1987,6,1987,11,None,0,245.0,539.0,2.2
SN2008A21702,Saint-Louis,Podor,Mil,Principale,1960,6,1960,11,None,0,13000.0,6500.0,0.5
SN2008A21702,Saint-Louis,Podor,Mil,Principale,1961,6,1961,11,None,0,37000.0,16500.0,0.4459459459459459
SN2008A21702,Saint-Louis,Podor,Mil,Principale,1962,6,1962,11,None,0,50414.0,26953.0,0.5346332367993017
SN2008A21702,Saint-Louis,Podor,Mil,Principale,1963,6,1963,11,None,0,44840.0,7554.0,0.1684656556645851
SN2008A21702,Saint-Louis,Podor,Mil,Principale,1964,6,1964,11,None,0,21000.0,8400.0,0.4
SN2008A21702,Saint-Louis,Podor,Mil,Principale,1965,6,1965,11,None,0,20000.0,5000.0,0.25
SN2008A21702,Saint-Louis,Podor,Mil,Principale,1966,6,1966,11,None,0,38117.0,16236.0,0.4259516751055959
SN2008A21702,Saint-Louis,Podor,Mil,Principale,1967,6,1967,11,None,0,17693.0,7030.0,0.3973322783021534
SN2008A21702,Saint-Louis,Podor,Mil,Principale,1968,6,1968,11,None,0,20575.0,4696.0,0.2282381530984204
SN2008A21702,Saint-Louis,Podor,Mil,Principale,1969,6,1969,11,None,0,28912.0,19257.0,0.6660556170448256
SN2008A21702,Saint-Louis,Podor,Mil,Principale,1970,6,1970,11,None,0,24520.0,9190.0,0.3747960848287112
SN2008A21702,Saint-Louis,Podor,Mil,Principale,1971,6,1971,11,None,0,45507.0,20283.0,0.445711648757334
SN2008A21702,Saint-Louis,Podor,Mil,Principale,1972,6,1972,11,None,0,5663.0,,
SN2008A21702,Saint-Louis,Podor,Mil,Principale,1973,6,1973,11,None,0,16361.0,2133.0,0.1303710042173461
SN2008A21702,Saint-Louis,Podor,Mil,Principale,1974,6,1974,11,None,0,18345.0,6547.0,0.3568819841918779
SN2008A21702,Saint-Louis,Podor,Mil,Principale,1975,6,1975,11,None,0,15593.0,11136.0,0.7141666132238825
SN2008A21702,Saint-Louis,Podor,Mil,Principale,1976,6,1976,11,None,0,21760.0,4430.0,0.2035845588235294
SN2008A21702,Saint-Louis,Podor,Mil,Principale,1977,6,1977,11,None,0,8090.0,290.0,0.0358467243510506
SN2008A21702,Saint-Louis,Podor,Mil,Principale,1978,6,1978,11,None,0,15220.0,5516.0,0.3624178712220762
SN2008A21702,Saint-Louis,Podor,Mil,Principale,1979,6,1979,11,None,0,10655.0,2972.0,0.2789300797747536
SN2008A21702,Saint-Louis,Podor,Mil,Principale,1980,6,1980,11,None,0,22810.0,9105.0,0.3991670320035072
SN2008A21702,Saint-Louis,Podor,Mil,Principale,1981,6,1981,11,None,0,25621.0,14267.0,0.5568478982085009
SN2008A21702,Saint-Louis,Podor,Mil,Principale,1982,6,1982,11,None,0,12400.0,1034.0,0.0833870967741935
SN2008A21702,Saint-Louis,Podor,Mil,Principale,1984,6,1984,11,None,0,2800.0,,
SN2008A21702,Saint-Louis,Podor,Mil,Principale,1986,6,1986,11,None,0,3715.0,1273.0,0.3426648721399731
SN2008A21702,Saint-Louis,Podor,Mil,Principale,1987,6,1987,11,None,0,1652.0,589.0,0.3565375302663438
SN2008A21702,Saint-Louis,Podor,Mil,Principale,1988,6,1988,11,None,0,6785.0,3086.0,0.4548268238761975
SN2008A21702,Saint-Louis,Podor,Mil,Principale,1989,6,1989,11,None,0,1960.0,723.0,0.3688775510204081
SN2008A21702,Saint-Louis,Podor,Riz,Principale,1960,6,1960,11,None,0,61.0,78.0,1.278688524590164
SN2008A21702,Saint-Louis,Podor,Riz,Principale,1961,6,1961,11,None,0,400.0,,
SN2008A21702,Saint-Louis,Podor,Riz,Principale,1962,6,1962,11,None,0,574.0,1182.0,2.059233449477352
SN2008A21702,Saint-Louis,Podor,Riz,Principale,1963,6,1963,11,None,0,543.0,1470.0,2.707182320441989
SN2008A21702,Saint-Louis,Podor,Riz,Principale,1964,6,1964,11,None,0,284.0,802.0,2.823943661971831
SN2008A21702,Saint-Louis,Podor,Riz,Principale,1965,6,1965,11,None,0,826.0,1700.0,2.0581113801452786
SN2008A21702,Saint-Louis,Podor,Riz,Principale,1966,6,1966,11,None,0,900.0,2160.0,2.4
SN2008A21702,Saint-Louis,Podor,Riz,Principale,1977,6,1977,11,None,0,1794.0,7877.0,4.390746934225195
SN2008A21702,Saint-Louis,Podor,Riz,Principale,1978,6,1978,11,None,0,2119.0,8486.0,4.004719207173195
SN2008A21702,Saint-Louis,Podor,Riz,Principale,1979,6,1979,11,None,0,2970.0,11723.0,3.947138047138047
SN2008A21702,Saint-Louis,Podor,Riz,Principale,1980,6,1980,11,None,0,2516.0,10754.0,4.274244833068362
SN2008A21702,Saint-Louis,Podor,Riz,Principale,1981,6,1981,11,None,0,2986.0,14737.0,4.93536503683858
SN2008A21702,Saint-Louis,Podor,Riz,Principale,1982,6,1982,11,None,0,1794.0,6714.0,3.74247491638796
SN2008A21702,Saint-Louis,Podor,Riz,Principale,1984,6,1984,11,None,0,3638.0,16864.0,4.635514018691588
SN2008A21702,Saint-Louis,Podor,Riz,Principale,1985,6,1985,11,None,0,2646.0,12172.0,4.600151171579743
SN2008A21702,Saint-Louis,Podor,Riz,Principale,1986,6,1986,11,None,0,3401.0,16087.0,4.730079388415172
SN2008A21702,Saint-Louis,Podor,Riz,Principale,1987,6,1987,11,None,0,3201.0,14405.0,4.500156201187129
SN2008A21702,Saint-Louis,Podor,Riz,Principale,1988,6,1988,11,None,0,3850.0,18095.0,4.7
SN2008A21702,Saint-Louis,Podor,Riz,Principale,1989,6,1989,11,None,0,4076.0,20788.0,5.100098135426889
SN2008A21702,Saint-Louis,Podor,Sorgho,Principale,1982,6,1982,11,None,0,7300.0,3877.0,0.531095890410959
SN2008A21702,Saint-Louis,Podor,Sorgho,Principale,1986,6,1986,11,None,0,1595.0,842.0,0.5278996865203762
SN2008A21702,Saint-Louis,Podor,Sorgho,Principale,1987,6,1987,11,None,0,786.0,378.0,0.4809160305343511
SN2008A21702,Saint-Louis,Podor,Sorgho,Principale,1988,6,1988,11,None,0,1986.0,1020.0,0.513595166163142
SN2008A21702,Saint-Louis,Podor,Sorgho,Principale,1989,6,1989,11,None,0,1164.0,1190.0,1.02233676975945
SN2008A21703,Saint-Louis,Saint-Louis,Niébé,Principale,1965,6,1965,11,None,0,29.18723105268917,8.756169315806751,0.3
SN2008A21703,Saint-Louis,Saint-Louis,Niébé,Principale,1966,6,1966,11,None,0,1.7512338631613504,0.5837446210537834,0.3333333333333333
SN2008A21703,Saint-Louis,Saint-Louis,Niébé,Principale,1967,6,1967,11,None,0,10.507403178968104,4.086212347376484,0.3888888888888888
SN2008A21703,Saint-Louis,Saint-Louis,Niébé,Principale,1968,6,1968,11,None,0,92.81539474755157,35.60842188428079,0.3836477987421383
SN2008A21703,Saint-Louis,Saint-Louis,Niébé,Principale,1969,6,1969,11,None,0,719.757117759315,354.9167296007003,0.4931062449310624
SN2008A21703,Saint-Louis,Saint-Louis,Niébé,Principale,1970,6,1970,11,None,0,360.1704311901844,154.6923245792526,0.4294975688816855
SN2008A21703,Saint-Louis,Saint-Louis,Niébé,Principale,1971,6,1971,11,None,0,148.85487836871476,43.78084657903376,0.2941176470588236
SN2008A21703,Saint-Louis,Saint-Louis,Niébé,Principale,1972,6,1972,11,None,0,107.40901027389616,51.369526652732944,0.4782608695652174
SN2008A21703,Saint-Louis,Saint-Louis,Niébé,Principale,1973,6,1973,11,None,0,214.81802054779232,44.94833582114133,0.2092391304347826
SN2008A21703,Saint-Louis,Saint-Louis,Niébé,Principale,1974,6,1974,11,None,0,551.0549222747716,357.2517080849155,0.6483050847457628
SN2008A21703,Saint-Louis,Saint-Louis,Niébé,Principale,1975,6,1975,11,None,0,667.2201018644745,309.968393779559,0.4645669291338582
SN2008A21703,Saint-Louis,Saint-Louis,Niébé,Principale,1976,6,1976,11,None,0,73.55182225277672,23.93352946320512,0.3253968253968253
SN2008A21703,Saint-Louis,Saint-Louis,Niébé,Principale,1977,6,1977,11,None,0,64.79565293696996,16.344849389505935,0.2522522522522522
SN2008A21703,Saint-Louis,Saint-Louis,Niébé,Principale,1978,6,1978,11,None,0,308.21715991639763,146.51989988449964,0.4753787878787879
SN2008A21703,Saint-Louis,Saint-Louis,Niébé,Principale,1979,6,1979,11,None,0,72.96807763172293,30.938464915850524,0.424
SN2008A21703,Saint-Louis,Saint-Louis,Niébé,Principale,1980,6,1980,11,None,0,64.79565293696996,24.517274084258904,0.3783783783783784
SN2008A21703,Saint-Louis,Saint-Louis,Niébé,Principale,1981,6,1981,11,None,0,4.669956968430268,1.1674892421075669,0.25
SN2008A21703,Saint-Louis,Saint-Louis,Niébé,Principale,1982,6,1982,11,None,0,138.3474751897467,43.19710195797997,0.3122362869198312
SN2008A21703,Saint-Louis,Saint-Louis,Niébé,Principale,1983,6,1983,11,None,0,154.6923245792526,46.69956968430267,0.3018867924528302
SN2008A21703,Saint-Louis,Saint-Louis,Niébé,Principale,1984,6,1984,11,None,0,145.93615526344587,50.20203741062537,0.344
SN2008A21703,Saint-Louis,Saint-Louis,Niébé,Principale,1988,6,1988,11,None,0,5.837446210537834,1.7512338631613504,0.3
SN2008A21703,Saint-Louis,Saint-Louis,Arachide (en coque),Principale,1960,6,1960,11,None,0,2039.4879361170024,1196.6079285212372,0.5867197875166003
SN2008A21703,Saint-Louis,Saint-Louis,Arachide (en coque),Principale,1961,6,1961,11,None,0,4225.233971238412,1300.0719911502804,0.3076923076923076
SN2008A21703,Saint-Louis,Saint-Louis,Arachide (en coque),Principale,1962,6,1962,11,None,0,4211.14985800095,405.73080057148337,0.0963467970156933
SN2008A21703,Saint-Louis,Saint-Louis,Arachide (en coque),Principale,1963,6,1963,11,None,0,6665.577437960084,2341.212977396463,0.3512393336042258
SN2008A21703,Saint-Louis,Saint-Louis,Arachide (en coque),Principale,1964,6,1964,11,None,0,7583.753281709969,3250.1799778757013,0.4285714285714286
SN2008A21703,Saint-Louis,Saint-Louis,Arachide (en coque),Principale,1965,6,1965,11,None,0,8667.146607668537,5200.2879646011215,0.5999999999999999
SN2008A21703,Saint-Louis,Saint-Louis,Arachide (en coque),Principale,1966,6,1966,11,None,0,5899.076659844398,4242.568264453748,0.719191919191919
SN2008A21703,Saint-Louis,Saint-Louis,Arachide (en coque),Principale,1967,6,1967,11,None,0,6602.198928391508,3664.577925054853,0.5550541516245487
SN2008A21703,Saint-Louis,Saint-Louis,Arachide (en coque),Principale,1968,6,1968,11,None,0,6500.359955751403,812.5449944689253,0.125
SN2008A21703,Saint-Louis,Saint-Louis,Arachide (en coque),Principale,1969,6,1969,11,None,0,5416.966629792835,2708.4833148964176,0.5
SN2008A21703,Saint-Louis,Saint-Louis,Arachide (en coque),Principale,1970,6,1970,11,None,0,5308.627297196978,530.8627297196979,0.1
SN2008A21703,Saint-Louis,Saint-Louis,Arachide (en coque),Principale,1971,6,1971,11,None,0,6480.317179221169,1085.560112610484,0.1675165092368135
SN2008A21703,Saint-Louis,Saint-Louis,Arachide (en coque),Principale,1973,6,1973,11,None,0,3618.533708701614,252.97234161132545,0.0699101796407185
SN2008A21703,Saint-Louis,Saint-Louis,Arachide (en coque),Principale,1974,6,1974,11,None,0,3190.59334494798,2074.698219210656,0.6502546689303906
SN2008A21703,Saint-Louis,Saint-Louis,Arachide (en coque),Principale,1975,6,1975,11,None,0,3702.496691463403,2776.195397768828,0.7498171177761522
SN2008A21703,Saint-Louis,Saint-Louis,Arachide (en coque),Principale,1976,6,1976,11,None,0,3229.5955046824884,518.4037064711744,0.1605166051660516
SN2008A21703,Saint-Louis,Saint-Louis,Arachide (en coque),Principale,1977,6,1977,11,None,0,3125.589745390466,71.50395951326543,0.0228769497400346
SN2008A21703,Saint-Louis,Saint-Louis,Arachide (en coque),Principale,1978,6,1978,11,None,0,3817.336384015011,2192.2463950771603,0.5742869306087697
SN2008A21703,Saint-Louis,Saint-Louis,Arachide (en coque),Principale,1979,6,1979,11,None,0,1377.534613956318,280.0571747602896,0.2033031852143138
SN2008A21703,Saint-Louis,Saint-Louis,Arachide (en coque),Principale,1980,6,1980,11,None,0,2047.613386061692,950.6776435286426,0.4642857142857143
SN2008A21703,Saint-Louis,Saint-Louis,Arachide (en coque),Principale,1981,6,1981,11,None,1,2135.368245464336,4899.64631664762,2.294520547945205
SN2008A21703,Saint-Louis,Saint-Louis,Arachide (en coque),Principale,1986,6,1986,11,None,0,582.3239127027298,183.09347208699785,0.3144186046511628
SN2008A21703,Saint-Louis,Saint-Louis,Arachide (en coque),Principale,1987,6,1987,11,None,0,913.8422704460512,602.3666892329633,0.6591582691167754
SN2008A21703,Saint-Louis,Saint-Louis,Arachide (en coque),Principale,1988,6,1988,11,None,0,646.2441189342852,329.3515710914044,0.509639564124057
SN2008A21703,Saint-Louis,Saint-Louis,Arachide (en coque),Principale,1989,6,1989,11,None,0,848.8386708885373,398.1470472897734,0.4690491384811742
SN2008A21703,Saint-Louis,Saint-Louis,Mil,Principale,1960,6,1960,11,None,0,621.3769825296303,275.27000326062625,0.443
SN2008A21703,Saint-Louis,Saint-Louis,Mil,Principale,1961,6,1961,11,None,0,1864.1309475888909,673.1583977404329,0.3611111111111111
SN2008A21703,Saint-Louis,Saint-Louis,Mil,Principale,1962,6,1962,11,None,0,1591.1911080127509,505.54195670306507,0.3177129096293403
SN2008A21703,Saint-Louis,Saint-Louis,Mil,Principale,1963,6,1963,11,None,0,1796.97045206048,823.1691576061278,0.4580871970722992
SN2008A21703,Saint-Louis,Saint-Louis,Mil,Principale,1964,6,1964,11,None,0,1294.5353802700631,486.7453029815437,0.376
SN2008A21703,Saint-Louis,Saint-Louis,Mil,Principale,1965,6,1965,11,None,0,1294.5353802700631,517.8141521080253,0.4
SN2008A21703,Saint-Louis,Saint-Louis,Mil,Principale,1966,6,1966,11,None,0,2159.802828442573,813.2789073008645,0.3765523855190602
SN2008A21703,Saint-Louis,Saint-Louis,Mil,Principale,1967,6,1967,11,None,0,1328.1933001570849,506.7847106681243,0.3815594541910331
SN2008A21703,Saint-Louis,Saint-Louis,Mil,Principale,1968,6,1968,11,None,0,1351.494937001946,106.20368259735598,0.0785823754789272
SN2008A21703,Saint-Louis,Saint-Louis,Mil,Principale,1969,6,1969,11,None,0,1761.6555268867128,987.0573367483178,0.5603009905646512
SN2008A21703,Saint-Louis,Saint-Louis,Mil,Principale,1970,6,1970,11,None,0,1309.5519906811958,342.79296869551274,0.2617635429023329
SN2008A21703,Saint-Louis,Saint-Louis,Mil,Principale,1971,6,1971,11,None,0,1077.3123434607464,226.44012871683944,0.2101898582071617
SN2008A21703,Saint-Louis,Saint-Louis,Mil,Principale,1972,6,1972,11,None,0,509.7362513351401,,
SN2008A21703,Saint-Louis,Saint-Louis,Mil,Principale,1973,6,1973,11,None,0,429.63040200402855,202.72424055029188,0.4718572978184886
SN2008A21703,Saint-Louis,Saint-Louis,Mil,Principale,1974,6,1974,11,None,0,1053.2339853877234,100.97375966106492,0.0958702064896755
SN2008A21703,Saint-Louis,Saint-Louis,Mil,Principale,1975,6,1975,11,None,0,1329.5913983677765,257.50897784332096,0.1936752735911516
SN2008A21703,Saint-Louis,Saint-Louis,Mil,Principale,1976,6,1976,11,None,0,1265.2788806759595,136.18512200441063,0.1076324943728258
SN2008A21703,Saint-Louis,Saint-Louis,Mil,Principale,1977,6,1977,11,None,0,805.7188206800873,,
SN2008A21703,Saint-Louis,Saint-Louis,Mil,Principale,1978,6,1978,11,None,0,1074.30902137852,268.7455449440651,0.2501566491540946
SN2008A21703,Saint-Louis,Saint-Louis,Mil,Principale,1979,6,1979,11,None,0,692.0068328771649,135.2530565306162,0.1954504639329542
SN2008A21703,Saint-Louis,Saint-Louis,Mil,Principale,1980,6,1980,11,None,0,1018.9029071029612,198.8406344094817,0.1951516999542613
SN2008A21703,Saint-Louis,Saint-Louis,Mil,Principale,1981,6,1981,11,None,0,1026.3594308933168,457.3334591418079,0.4455880127137884
SN2008A21703,Saint-Louis,Saint-Louis,Mil,Principale,1982,6,1982,11,None,0,296.91463481874166,,
SN2008A21703,Saint-Louis,Saint-Louis,Mil,Principale,1983,6,1983,11,None,0,251.13986377239223,,
SN2008A21703,Saint-Louis,Saint-Louis,Mil,Principale,1986,6,1986,11,None,0,202.36177064381627,58.61656201862846,0.2896622313203684
SN2008A21703,Saint-Louis,Saint-Louis,Mil,Principale,1987,6,1987,11,None,0,107.65356222325843,39.19853131457752,0.3641173641173642
SN2008A21703,Saint-Louis,Saint-Louis,Mil,Principale,1988,6,1988,11,None,0,91.44597926227726,19.987626271369773,0.218573046432616
SN2008A21703,Saint-Louis,Saint-Louis,Mil,Principale,1989,6,1989,11,None,0,104.70202155624273,25.78714477497966,0.2462908011869435
SN2008A21703,Saint-Louis,Saint-Louis,Sorgho,Principale,1982,6,1982,11,None,0,17.023698439532513,0.6809479375813006,0.04
SN2008A21801,Matam,Kanel,Niébé,Principale,1962,6,1962,11,None,0,236.88614433912824,80.54128907530361,0.34
SN2008A21801,Matam,Kanel,Niébé,Principale,1963,6,1963,11,None,0,1167.8486915919025,303.97230041596936,0.2602839756592291
SN2008A21801,Matam,Kanel,Niébé,Principale,1964,6,1964,11,None,0,947.5445773565132,236.88614433912824,0.2499999999999999
SN2008A21801,Matam,Kanel,Niébé,Principale,1965,6,1965,11,None,0,947.5445773565132,236.88614433912824,0.2499999999999999
SN2008A21801,Matam,Kanel,Niébé,Principale,1966,6,1966,11,None,0,1781.3838054302446,534.4151416290733,0.3
SN2008A21801,Matam,Kanel,Niébé,Principale,1967,6,1967,11,None,0,1421.3168660347696,284.263373206954,0.2
SN2008A21801,Matam,Kanel,Niébé,Principale,1968,6,1968,11,None,0,1421.3168660347696,426.3950598104309,0.3
SN2008A21801,Matam,Kanel,Niébé,Principale,1969,6,1969,11,None,0,1302.8737938652057,390.86213815956165,0.2999999999999999
SN2008A21801,Matam,Kanel,Niébé,Principale,1970,6,1970,11,None,0,1383.4150829405091,415.0245248821527,0.3
SN2008A21801,Matam,Kanel,Niébé,Principale,1971,6,1971,11,None,0,795.9374449794709,238.78123349384128,0.3
SN2008A21801,Matam,Kanel,Niébé,Principale,1972,6,1972,11,None,0,311.7421659502928,17.24531130788854,0.0553191489361702
SN2008A21801,Matam,Kanel,Niébé,Principale,1973,6,1973,11,None,0,1079.916554813218,324.0602454559275,0.300078968149513
SN2008A21801,Matam,Kanel,Niébé,Principale,1974,6,1974,11,None,0,1030.5494823329436,413.79271693158927,0.401526296432512
SN2008A21801,Matam,Kanel,Niébé,Principale,1975,6,1975,11,None,0,805.4128907530361,402.7064453765181,0.5000000000000001
SN2008A21801,Matam,Kanel,Niébé,Principale,1976,6,1976,11,None,0,928.5936858093828,217.7457438765267,0.2344897959183673
SN2008A21801,Matam,Kanel,Niébé,Principale,1977,6,1977,11,None,0,994.9218062243386,230.25333229763268,0.2314285714285714
SN2008A21801,Matam,Kanel,Niébé,Principale,1978,6,1978,11,None,0,1607.9831477740026,769.8799691021668,0.4787860931054802
SN2008A21801,Matam,Kanel,Niébé,Principale,1979,6,1979,11,None,0,994.9218062243386,345.09573507324205,0.3468571428571428
SN2008A21801,Matam,Kanel,Niébé,Principale,1980,6,1980,11,None,0,1367.3068251254483,508.8314380404475,0.3721413721413721
SN2008A21801,Matam,Kanel,Niébé,Principale,1981,6,1981,11,None,0,1073.8522695181362,337.89439628533256,0.314656313420983
SN2008A21801,Matam,Kanel,Niébé,Principale,1982,6,1982,11,None,0,1342.8601750296502,335.71504375741256,0.25
SN2008A21801,Matam,Kanel,Niébé,Principale,1983,6,1983,11,None,0,435.870505583996,174.3482022335984,0.4
SN2008A21801,Matam,Kanel,Niébé,Principale,1984,6,1984,11,None,0,994.9218062243386,298.4765418673016,0.3
SN2008A21801,Matam,Kanel,Niébé,Principale,1985,6,1985,11,None,0,2818.566099804684,2113.877197624645,0.7499831910172796
SN2008A21801,Matam,Kanel,Niébé,Principale,1986,6,1986,11,None,0,1884.1923920734264,1099.0569552758195,0.5833039979884335
SN2008A21801,Matam,Kanel,Niébé,Principale,1987,6,1987,11,None,0,1627.7868294407538,553.9345599226175,0.3402992025146981
SN2008A21801,Matam,Kanel,Niébé,Principale,1988,6,1988,11,None,0,1019.273701862401,472.2562173544861,0.4633262061913173
SN2008A21801,Matam,Kanel,Niébé,Principale,1989,6,1989,11,None,0,717.8597718052943,286.72698910808083,0.3994192185850053
SN2008A21801,Matam,Kanel,Arachide (en coque),Principale,1960,6,1960,11,None,0,606.3956287875591,635.5026189693618,1.0479999999999998
SN2008A21801,Matam,Kanel,Arachide (en coque),Principale,1961,6,1961,11,None,0,330.7612520659413,253.5836265838884,0.7666666666666667
SN2008A21801,Matam,Kanel,Arachide (en coque),Principale,1962,6,1962,11,None,0,610.3647638123504,321.9409520108495,0.5274566473988439
SN2008A21801,Matam,Kanel,Arachide (en coque),Principale,1963,6,1963,11,None,0,776.8479273522074,326.1305945370181,0.4198126596650582
SN2008A21801,Matam,Kanel,Arachide (en coque),Principale,1964,6,1964,11,None,0,59.53702537186943,26.4609001652753,0.4444444444444444
SN2008A21801,Matam,Kanel,Arachide (en coque),Principale,1965,6,1965,11,None,0,220.5075013772942,132.3045008263765,0.6
SN2008A21801,Matam,Kanel,Arachide (en coque),Principale,1966,6,1966,11,None,0,33.51714020934872,13.891972586769532,0.4144736842105262
SN2008A21801,Matam,Kanel,Arachide (en coque),Principale,1967,6,1967,11,None,0,35.28120022036707,15.87654009916518,0.4499999999999999
SN2008A21801,Matam,Kanel,Arachide (en coque),Principale,1987,6,1987,11,None,0,11.02537506886471,3.9691350247912953,0.36
SN2008A21801,Matam,Kanel,Arachide (en coque),Principale,1988,6,1988,11,None,0,173.53940358393052,138.03769586218615,0.795425667090216
SN2008A21801,Matam,Kanel,Arachide (en coque),Principale,1989,6,1989,11,None,0,176.18549360045805,102.0949731376872,0.5794743429286608
SN2008A21801,Matam,Kanel,Maïs,Principale,1960,6,1960,11,None,0,2980.672209276836,2736.6307240452484,0.9181253529079616
SN2008A21801,Matam,Kanel,Maïs,Principale,1961,6,1961,11,None,0,3660.62227847381,3071.55662446653,0.8390804597701149
SN2008A21801,Matam,Kanel,Maïs,Principale,1964,6,1964,11,None,0,8835.984810109197,5592.757623617688,0.6329523809523809
SN2008A21801,Matam,Kanel,Maïs,Principale,1965,6,1965,11,None,0,8835.984810109197,5743.390126570978,0.65
SN2008A21801,Matam,Kanel,Maïs,Principale,1966,6,1966,11,None,0,9485.64007424294,5518.7036556853445,0.5817955997161107
SN2008A21801,Matam,Kanel,Maïs,Principale,1967,6,1967,11,None,0,4154.595905477057,2316.7110649743445,0.5576260887178448
SN2008A21801,Matam,Kanel,Maïs,Principale,1968,6,1968,11,None,0,4263.993812649838,2496.796850627999,0.5855535820011841
SN2008A21801,Matam,Kanel,Maïs,Principale,1969,6,1969,11,None,0,6092.6219071610085,3712.7966649715977,0.6093922651933701
SN2008A21801,Matam,Kanel,Maïs,Principale,1970,6,1970,11,None,0,4813.507915602343,7591.373235428101,1.577097902097902
SN2008A21801,Matam,Kanel,Maïs,Principale,1971,6,1971,11,None,0,7392.773957791362,4801.726602522198,0.6495162208309618
SN2008A21801,Matam,Kanel,Maïs,Principale,1972,6,1972,11,None,0,296.2158717293749,160.73077130770062,0.5426136363636364
SN2008A21801,Matam,Kanel,Maïs,Principale,1973,6,1973,11,None,0,7632.607831208611,3412.373181427885,0.4470782800441014
SN2008A21801,Matam,Kanel,Maïs,Principale,1974,6,1974,11,None,0,2925.131733327578,2193.848799995684,0.75
SN2008A21801,Matam,Kanel,Maïs,Principale,1975,6,1975,11,None,0,3261.740678474595,1051.902953584428,0.3224974200206397
SN2008A21801,Matam,Kanel,Maïs,Principale,1977,6,1977,11,None,0,778.4081856524768,387.94180928193714,0.4983783783783784
SN2008A21801,Matam,Kanel,Maïs,Principale,1978,6,1978,11,None,0,2903.2521518930216,1624.138160334357,0.5594202898550725
SN2008A21801,Matam,Kanel,Maïs,Principale,1979,6,1979,11,None,0,948.3957029517204,492.2905822775124,0.5190771960958297
SN2008A21801,Matam,Kanel,Maïs,Principale,1980,6,1980,11,None,0,2974.781552736763,1581.2205198281124,0.5315417256011316
SN2008A21801,Matam,Kanel,Maïs,Principale,1981,6,1981,11,None,0,3713.638187334466,2637.3310852268783,0.7101744844776795
SN2008A21801,Matam,Kanel,Maïs,Principale,1983,6,1983,11,None,0,7406.238315597242,2722.3248438765004,0.3675718668333144
SN2008A21801,Matam,Kanel,Mil,Principale,1960,6,1960,11,None,0,16858.067977175768,8749.667830506718,0.5190196078431373
SN2008A21801,Matam,Kanel,Mil,Principale,1961,6,1961,11,None,0,13222.0140997457,8080.119727622372,0.611111111111111
SN2008A21801,Matam,Kanel,Mil,Principale,1962,6,1962,11,None,0,12012.934365957844,6681.15718023539,0.5561636296930415
SN2008A21801,Matam,Kanel,Mil,Principale,1963,6,1963,11,None,0,12139.278056244302,6179.455200783928,0.5090463512041632
SN2008A21801,Matam,Kanel,Mil,Principale,1964,6,1964,11,None,0,8447.397897059753,4407.338033248567,0.5217391304347826
SN2008A21801,Matam,Kanel,Mil,Principale,1965,6,1965,11,None,0,9181.954235934514,4131.879406170531,0.4499999999999999
SN2008A21801,Matam,Kanel,Mil,Principale,1966,6,1966,11,None,0,15893.595504233206,7698.517709576934,0.4843786107131303
SN2008A21801,Matam,Kanel,Mil,Principale,1967,6,1967,11,None,0,13720.410575672226,7095.079677191317,0.5171186123082688
SN2008A21801,Matam,Kanel,Mil,Principale,1968,6,1968,11,None,0,9498.548017989537,4283.198011978732,0.450931869151651
SN2008A21801,Matam,Kanel,Mil,Principale,1969,6,1969,11,None,0,15135.533362514452,10451.267589510102,0.6905120116476584
SN2008A21801,Matam,Kanel,Mil,Principale,1970,6,1970,11,None,0,15179.60674284694,4855.417399962171,0.3198645052020323
SN2008A21801,Matam,Kanel,Mil,Principale,1971,6,1971,11,None,0,19126.745229790467,9070.30167242555,0.4742208652572153
SN2008A21801,Matam,Kanel,Mil,Principale,1972,6,1972,11,None,0,12480.47947565163,419.4316694974886,0.0336070156852358
SN2008A21801,Matam,Kanel,Mil,Principale,1973,6,1973,11,None,0,12255.705235955951,2628.97713683277,0.2145104737930414
SN2008A21801,Matam,Kanel,Mil,Principale,1974,6,1974,11,None,0,13479.108818351866,5949.906344885565,0.44141689373297
SN2008A21801,Matam,Kanel,Mil,Principale,1975,6,1975,11,None,0,10818.178480778044,5277.787294815159,0.4878628416228145
SN2008A21801,Matam,Kanel,Mil,Principale,1976,6,1976,11,None,0,17317.165688972495,5891.1418377755845,0.3401908801696712
SN2008A21801,Matam,Kanel,Mil,Principale,1977,6,1977,11,None,0,15930.690599346382,760.2658107353777,0.0477233429394812
SN2008A21801,Matam,Kanel,Mil,Principale,1978,6,1978,11,None,0,20384.672960113498,9863.255240240856,0.483856437605852
SN2008A21801,Matam,Kanel,Mil,Principale,1979,6,1979,11,None,0,5330.675351214141,2352.4166752464225,0.4412980570483671
SN2008A21801,Matam,Kanel,Mil,Principale,1980,6,1980,11,None,0,16115.064240403946,5475.38294997247,0.3397679877840326
SN2008A21801,Matam,Kanel,Mil,Principale,1981,6,1981,11,None,0,19056.22782125849,9390.20095800551,0.4927628408981401
SN2008A21801,Matam,Kanel,Mil,Principale,1982,6,1982,11,None,0,10340.349582340012,2617.9587917496488,0.2531789443773531
SN2008A21801,Matam,Kanel,Mil,Principale,1983,6,1983,11,None,0,2791.314087724092,1069.146751232215,0.3830263157894737
SN2008A21801,Matam,Kanel,Mil,Principale,1984,6,1984,11,None,0,359.932606048633,107.97978181458988,0.3
SN2008A21801,Matam,Kanel,Mil,Principale,1986,6,1986,11,None,0,1473.8872939522082,620.7001063491731,0.4211313231996013
SN2008A21801,Matam,Kanel,Mil,Principale,1987,6,1987,11,None,0,2866.9733906281926,1618.9621708799734,0.5646938252626185
SN2008A21801,Matam,Kanel,Mil,Principale,1988,6,1988,11,None,0,2988.5424647119657,1646.1407554183395,0.5508172545164065
SN2008A21801,Matam,Kanel,Mil,Principale,1989,6,1989,11,None,0,1555.4230475673066,361.034440556945,0.2321133412042502
SN2008A21801,Matam,Kanel,Riz,Principale,1960,6,1960,11,None,0,34.26902419552744,34.26902419552744,1.0
SN2008A21801,Matam,Kanel,Riz,Principale,1977,6,1977,11,None,0,47.11990826885023,257.0176814664558,5.454545454545455
SN2008A21801,Matam,Kanel,Riz,Principale,1978,6,1978,11,None,0,84.3017995209975,480.4517192212947,5.699186991869919
SN2008A21801,Matam,Kanel,Riz,Principale,1979,6,1979,11,None,0,185.7381111397588,1021.559611268673,5.5
SN2008A21801,Matam,Kanel,Riz,Principale,1980,6,1980,11,None,0,220.00713533528616,896.8203631969532,4.076323987538941
SN2008A21801,Matam,Kanel,Riz,Principale,1981,6,1981,11,None,0,158.8369271462697,805.3220685948949,5.070118662351672
SN2008A21801,Matam,Kanel,Riz,Principale,1982,6,1982,11,None,0,206.8135610200081,979.066021266219,4.734051367025684
SN2008A21801,Matam,Kanel,Riz,Principale,1984,6,1984,11,None,0,305.85104094508245,1699.743600098161,5.557422969187675
SN2008A21801,Matam,Kanel,Riz,Principale,1985,6,1985,11,None,0,376.95926615080185,1809.404477523849,4.8
SN2008A21801,Matam,Kanel,Riz,Principale,1986,6,1986,11,None,0,385.3551770787061,1822.9407420810824,4.730546909737662
SN2008A21801,Matam,Kanel,Riz,Principale,1987,6,1987,11,None,0,381.7569295381757,1717.9061829217908,4.5
SN2008A21801,Matam,Kanel,Riz,Principale,1988,6,1988,11,None,0,358.96802844814994,1687.2354062667937,4.700238663484488
SN2008A21801,Matam,Kanel,Riz,Principale,1989,6,1989,11,None,0,347.6592504636259,1355.8539422960432,3.899950714637753
SN2008A21801,Matam,Kanel,Sorgho,Principale,1982,6,1982,11,None,1,4274.4414816779845,22823.97834800164,5.339639914555997
SN2008A21801,Matam,Kanel,Sorgho,Principale,1983,6,1983,11,None,0,3287.028542517095,1502.6416194363865,0.4571428571428572
SN2008A21801,Matam,Kanel,Sorgho,Principale,1984,6,1984,11,None,0,804.8002423543841,213.26554234188296,0.2649918962722852
SN2008A21801,Matam,Kanel,Sorgho,Principale,1986,6,1986,11,None,0,3254.4191323730765,2799.8439549654545,0.8603206412825651
SN2008A21801,Matam,Kanel,Sorgho,Principale,1987,6,1987,11,None,0,3332.6817167187214,2413.096350657391,0.7240704500978473
SN2008A21801,Matam,Kanel,Sorgho,Principale,1988,6,1988,11,None,0,4922.716555341079,3928.129545948505,0.7979597244303126
SN2008A21801,Matam,Kanel,Sorgho,Principale,1989,6,1989,11,None,0,3889.650441978563,2492.663311408797,0.6408450704225351
SN2008A21802,Matam,Matam,Niébé,Principale,1962,6,1962,11,None,0,2039.384758570748,693.3908179140542,0.34
SN2008A21802,Matam,Matam,Niébé,Principale,1963,6,1963,11,None,0,10054.166859753785,2616.938522197984,0.2602839756592292
SN2008A21802,Matam,Matam,Niébé,Principale,1964,6,1964,11,None,0,8157.5390342829905,2039.384758570748,0.25
SN2008A21802,Matam,Matam,Niébé,Principale,1965,6,1965,11,None,0,8157.5390342829905,2039.384758570748,0.25
SN2008A21802,Matam,Matam,Niébé,Principale,1966,6,1966,11,None,0,15336.173384452022,4600.852015335607,0.3
SN2008A21802,Matam,Matam,Niébé,Principale,1967,6,1967,11,None,0,12236.308551424485,2447.261710284897,0.2
SN2008A21802,Matam,Matam,Niébé,Principale,1968,6,1968,11,None,0,12236.308551424485,3670.8925654273457,0.3
SN2008A21802,Matam,Matam,Niébé,Principale,1969,6,1969,11,None,0,11216.61617213911,3364.9848516417333,0.3
SN2008A21802,Matam,Matam,Niébé,Principale,1970,6,1970,11,None,0,11910.006990053163,3573.00209701595,0.3
SN2008A21802,Matam,Matam,Niébé,Principale,1971,6,1971,11,None,0,6852.332788797712,2055.6998366393136,0.3
SN2008A21802,Matam,Matam,Niébé,Principale,1972,6,1972,11,None,0,2683.830342279104,148.46721042395043,0.0553191489361702
SN2008A21802,Matam,Matam,Niébé,Principale,1973,6,1973,11,None,0,9297.147237372325,2789.8783497247828,0.300078968149513
SN2008A21802,Matam,Matam,Niébé,Principale,1974,6,1974,11,None,0,8872.13945368618,3562.397296271382,0.4015262964325119
SN2008A21802,Matam,Matam,Niébé,Principale,1975,6,1975,11,None,0,6933.9081791405415,3466.9540895702708,0.5
SN2008A21802,Matam,Matam,Niébé,Principale,1976,6,1976,11,None,0,7994.388253597331,1874.6024700782311,0.2344897959183673
SN2008A21802,Matam,Matam,Niébé,Principale,1977,6,1977,11,None,0,8565.415985997139,1982.2819853307667,0.2314285714285714
SN2008A21802,Matam,Matam,Niébé,Principale,1978,6,1978,11,None,0,13843.343741178234,6628.0004653549295,0.4787860931054802
SN2008A21802,Matam,Matam,Niébé,Principale,1979,6,1979,11,None,0,8565.415985997139,2970.975716285865,0.3468571428571429
SN2008A21802,Matam,Matam,Niébé,Principale,1980,6,1980,11,None,0,11771.328826470355,4380.598461409965,0.3721413721413721
SN2008A21802,Matam,Matam,Niébé,Principale,1981,6,1981,11,None,0,9244.938987552912,2908.9784196253145,0.314656313420983
SN2008A21802,Matam,Matam,Niébé,Principale,1982,6,1982,11,None,0,11560.864319385852,2890.216079846464,0.25
SN2008A21802,Matam,Matam,Niébé,Principale,1983,6,1983,11,None,0,3752.467955770176,1500.9871823080705,0.4
SN2008A21802,Matam,Matam,Niébé,Principale,1984,6,1984,11,None,0,8565.415985997139,2569.624795799142,0.3
SN2008A21802,Matam,Matam,Niébé,Principale,1985,6,1985,11,None,0,24265.415611378183,18198.653831581923,0.7499831910172796
SN2008A21802,Matam,Matam,Niébé,Principale,1986,6,1986,11,None,0,16221.266369671726,9461.92952586484,0.5833039979884335
SN2008A21802,Matam,Matam,Niébé,Principale,1987,6,1987,11,None,0,14013.836306994748,4768.897319441836,0.3402992025146982
SN2008A21802,Matam,Matam,Niébé,Principale,1988,6,1988,11,None,0,8775.064739178213,4065.717454686642,0.4633262061913172
SN2008A21802,Matam,Matam,Niébé,Principale,1989,6,1989,11,None,0,6180.151572372793,2468.471311774033,0.3994192185850053
SN2008A21802,Matam,Matam,Arachide (en coque),Principale,1960,6,1960,11,None,0,1114.6110068759128,1168.1123352059567,1.048
SN2008A21802,Matam,Matam,Arachide (en coque),Principale,1961,6,1961,11,None,0,607.9696401141342,466.11005742083626,0.7666666666666667
SN2008A21802,Matam,Matam,Arachide (en coque),Principale,1962,6,1962,11,None,0,1121.9066425572823,591.7571163777574,0.527456647398844
SN2008A21802,Matam,Matam,Arachide (en coque),Principale,1963,6,1963,11,None,0,1427.9180280813966,599.4580651525364,0.4198126596650582
SN2008A21802,Matam,Matam,Arachide (en coque),Principale,1964,6,1964,11,None,0,109.43453522054416,48.63757120913074,0.4444444444444445
SN2008A21802,Matam,Matam,Arachide (en coque),Principale,1965,6,1965,11,None,0,405.3130934094228,243.1878560456537,0.6000000000000001
SN2008A21802,Matam,Matam,Arachide (en coque),Principale,1966,6,1966,11,None,0,61.60759019823227,25.53472488479364,0.4144736842105263
SN2008A21802,Matam,Matam,Arachide (en coque),Principale,1967,6,1967,11,None,0,64.85009494550765,29.182542725478445,0.45
SN2008A21802,Matam,Matam,Arachide (en coque),Principale,1987,6,1987,11,None,0,20.265654670471143,7.295635681369611,0.36
SN2008A21802,Matam,Matam,Arachide (en coque),Principale,1988,6,1988,11,None,0,318.9814045132157,253.7259964742987,0.7954256670902161
SN2008A21802,Matam,Matam,Arachide (en coque),Principale,1989,6,1989,11,None,0,323.84516163412883,187.6599622485628,0.579474342928661
SN2008A21802,Matam,Matam,Maïs,Principale,1960,6,1960,11,None,0,114.90189316023933,105.49434120753762,0.9181253529079616
SN2008A21802,Matam,Matam,Maïs,Principale,1961,6,1961,11,None,0,141.1132792905254,118.4053952667627,0.8390804597701149
SN2008A21802,Matam,Matam,Maïs,Principale,1964,6,1964,11,None,0,340.61826035644066,215.5951388884671,0.6329523809523809
SN2008A21802,Matam,Matam,Maïs,Principale,1965,6,1965,11,None,0,340.61826035644066,221.4018692316864,0.6499999999999999
SN2008A21802,Matam,Matam,Maïs,Principale,1966,6,1966,11,None,0,365.66181245121896,212.74043346833693,0.5817955997161107
SN2008A21802,Matam,Matam,Maïs,Principale,1967,6,1967,11,None,0,160.15546203616643,89.30686388202678,0.5576260887178449
SN2008A21802,Matam,Matam,Maïs,Principale,1968,6,1968,11,None,0,164.37264049772236,96.24898842643422,0.5855535820011841
SN2008A21802,Matam,Matam,Maïs,Principale,1969,6,1969,11,None,0,234.86440047434573,143.1245490183444,0.6093922651933702
SN2008A21802,Matam,Matam,Maïs,Principale,1970,6,1970,11,None,0,185.555852308461,292.639745397662,1.577097902097902
SN2008A21802,Matam,Matam,Maïs,Principale,1971,6,1971,11,None,0,284.983944498222,185.1016946279857,0.6495162208309619
SN2008A21802,Matam,Matam,Maïs,Principale,1972,6,1972,11,None,0,11.418821680520676,6.196008355055254,0.5426136363636365
SN2008A21802,Matam,Matam,Maïs,Principale,1973,6,1973,11,None,0,294.2292972793254,131.5435281662254,0.4470782800441014
SN2008A21802,Matam,Matam,Maïs,Principale,1974,6,1974,11,None,0,112.76086409514168,84.57064807135626,0.75
SN2008A21802,Matam,Matam,Maïs,Principale,1975,6,1975,11,None,0,125.73679782300609,40.54979289957627,0.3224974200206398
SN2008A21802,Matam,Matam,Maïs,Principale,1977,6,1977,11,None,0,30.00684674568644,14.954763621363728,0.4983783783783784
SN2008A21802,Matam,Matam,Maïs,Principale,1978,6,1978,11,None,0,111.9174284028305,62.60888023694576,0.5594202898550725
SN2008A21802,Matam,Matam,Maïs,Principale,1979,6,1979,11,None,0,36.55969327825796,18.977303077001693,0.5190771960958297
SN2008A21802,Matam,Matam,Maïs,Principale,1980,6,1980,11,None,0,114.67481432000169,60.95444868664305,0.5315417256011316
SN2008A21802,Matam,Matam,Maïs,Principale,1981,6,1981,11,None,0,143.15698885266406,101.6664407578176,0.7101744844776794
SN2008A21802,Matam,Matam,Maïs,Principale,1983,6,1983,11,None,0,285.50298184733657,104.9428640241034,0.3675718668333145
SN2008A21802,Matam,Matam,Mil,Principale,1960,6,1960,11,None,0,16499.475619204684,8563.551365497018,0.5190196078431372
SN2008A21802,Matam,Matam,Mil,Principale,1961,6,1961,11,None,0,12940.765191533084,7908.245394825774,0.6111111111111112
SN2008A21802,Matam,Matam,Mil,Principale,1962,6,1962,11,None,0,11757.404107907338,6539.04054442162,0.5561636296930415
SN2008A21802,Matam,Matam,Mil,Principale,1963,6,1963,11,None,0,11881.060308626433,6048.010398542893,0.5090463512041631
SN2008A21802,Matam,Matam,Mil,Principale,1964,6,1964,11,None,0,8267.711094590582,4313.588397177695,0.5217391304347826
SN2008A21802,Matam,Matam,Mil,Principale,1965,6,1965,11,None,0,8986.642494120199,4043.989122354089,0.4499999999999999
SN2008A21802,Matam,Matam,Mil,Principale,1966,6,1966,11,None,0,15555.518691622296,7534.760532770139,0.4843786107131304
SN2008A21802,Matam,Matam,Mil,Principale,1967,6,1967,11,None,0,13428.560146113929,6944.15838805656,0.5171186123082689
SN2008A21802,Matam,Matam,Mil,Principale,1968,6,1968,11,None,0,9296.501927317462,4192.08899065719,0.4509318691516511
SN2008A21802,Matam,Matam,Mil,Principale,1969,6,1969,11,None,0,14813.581487307734,10228.955952507376,0.6905120116476585
SN2008A21802,Matam,Matam,Mil,Principale,1970,6,1970,11,None,0,14856.71737127951,4752.13655089076,0.3198645052020324
SN2008A21802,Matam,Matam,Mil,Principale,1971,6,1971,11,None,0,18719.8952466519,8877.364921391696,0.4742208652572153
SN2008A21802,Matam,Matam,Mil,Principale,1972,6,1972,11,None,0,12215.003943707938,410.5098291314106,0.0336070156852358
SN2008A21802,Matam,Matam,Mil,Principale,1973,6,1973,11,None,0,11995.010935451875,2573.055478916495,0.2145104737930414
SN2008A21802,Matam,Matam,Mil,Principale,1974,6,1974,11,None,0,13192.39118136845,5823.344336189888,0.44141689373297
SN2008A21802,Matam,Matam,Mil,Principale,1975,6,1975,11,None,0,10588.062186572415,5165.52210562029,0.4878628416228145
SN2008A21802,Matam,Matam,Mil,Principale,1976,6,1976,11,None,0,16948.807743910693,5765.829824227519,0.3401908801696712
SN2008A21802,Matam,Matam,Mil,Principale,1977,6,1977,11,None,0,15591.824727298545,744.0939985131524,0.0477233429394812
SN2008A21802,Matam,Matam,Mil,Principale,1978,6,1978,11,None,0,19951.06526834637,9653.451367183916,0.4838564376058519
SN2008A21802,Matam,Matam,Mil,Principale,1979,6,1979,11,None,0,5217.285166386422,2302.3778069935947,0.4412980570483671
SN2008A21802,Matam,Matam,Mil,Principale,1980,6,1980,11,None,0,15772.276508580477,5358.914652093757,0.3397679877840326
SN2008A21802,Matam,Matam,Mil,Principale,1981,6,1981,11,None,0,18650.877832297057,9190.459545886844,0.4927628408981401
SN2008A21802,Matam,Matam,Mil,Principale,1982,6,1982,11,None,0,10120.397311178402,2562.271507923551,0.2531789443773531
SN2008A21802,Matam,Matam,Mil,Principale,1983,6,1983,11,None,0,2731.93931821254,1046.404652015356,0.3830263157894737
SN2008A21802,Matam,Matam,Mil,Principale,1984,6,1984,11,None,0,352.27638576951176,105.68291573085352,0.3
SN2008A21802,Matam,Matam,Mil,Principale,1986,6,1986,11,None,0,1442.5358531561742,607.4970326025253,0.4211313231996013
SN2008A21802,Matam,Matam,Mil,Principale,1987,6,1987,11,None,0,2805.9892523640906,1584.5248045632732,0.5646938252626185
SN2008A21802,Matam,Matam,Mil,Principale,1988,6,1988,11,None,0,2924.972398986242,1611.125266345869,0.5508172545164065
SN2008A21802,Matam,Matam,Mil,Principale,1989,6,1989,11,None,0,1522.3372385039615,353.3547828688062,0.2321133412042502
SN2008A21802,Matam,Matam,Riz,Principale,1960,6,1960,11,None,0,165.73097580447256,165.73097580447256,1.0
SN2008A21802,Matam,Matam,Riz,Principale,1977,6,1977,11,None,0,227.8800917311497,1242.9823185335442,5.454545454545455
SN2008A21802,Matam,Matam,Riz,Principale,1978,6,1978,11,None,0,407.6982004790025,2323.548280778705,5.699186991869919
SN2008A21802,Matam,Matam,Riz,Principale,1979,6,1979,11,None,0,898.2618888602412,4940.440388731327,5.500000000000001
SN2008A21802,Matam,Matam,Riz,Principale,1980,6,1980,11,None,0,1063.9928646647138,4337.179636803047,4.076323987538942
SN2008A21802,Matam,Matam,Riz,Principale,1981,6,1981,11,None,0,768.1630728537303,3894.677931405105,5.070118662351672
SN2008A21802,Matam,Matam,Riz,Principale,1982,6,1982,11,None,0,1000.186438979992,4734.933978733781,4.734051367025684
SN2008A21802,Matam,Matam,Riz,Principale,1984,6,1984,11,None,0,1479.1489590549177,8220.256399901838,5.557422969187675
SN2008A21802,Matam,Matam,Riz,Principale,1985,6,1985,11,None,0,1823.0407338491984,8750.595522476151,4.799999999999999
SN2008A21802,Matam,Matam,Riz,Principale,1986,6,1986,11,None,0,1863.644822921294,8816.059257918918,4.730546909737661
SN2008A21802,Matam,Matam,Riz,Principale,1987,6,1987,11,None,0,1846.2430704618243,8308.09381707821,4.5
SN2008A21802,Matam,Matam,Riz,Principale,1988,6,1988,11,None,0,1736.03197155185,8159.764593733206,4.700238663484488
SN2008A21802,Matam,Matam,Riz,Principale,1989,6,1989,11,None,0,1681.340749536374,6557.146057703957,3.899950714637753
SN2008A21802,Matam,Matam,Sorgho,Principale,1982,6,1982,11,None,1,1949.184260013352,10407.942075591583,5.339639914555995
SN2008A21802,Matam,Matam,Sorgho,Principale,1983,6,1983,11,None,0,1498.91496345244,685.2182690068298,0.4571428571428572
SN2008A21802,Matam,Matam,Sorgho,Principale,1984,6,1984,11,None,0,366.996243035776,97.25103036685476,0.2649918962722853
SN2008A21802,Matam,Matam,Sorgho,Principale,1986,6,1986,11,None,0,1484.0447753229516,1276.754352797882,0.860320641282565
SN2008A21802,Matam,Matam,Sorgho,Principale,1987,6,1987,11,None,0,1519.733226833724,1100.3939215821486,0.7240704500978473
SN2008A21802,Matam,Matam,Sorgho,Principale,1988,6,1988,11,None,0,2244.803600027583,1791.2628620781838,0.7979597244303127
SN2008A21802,Matam,Matam,Sorgho,Principale,1989,6,1989,11,None,0,1773.7160400853877,1136.6771806181005,0.6408450704225351
SN2008A21803,Matam,Ranerou Ferlo,Niébé,Principale,1962,6,1962,11,None,0,223.72909709012424,76.06789301064225,0.34
SN2008A21803,Matam,Ranerou Ferlo,Niébé,Principale,1963,6,1963,11,None,0,1105.4408545686006,287.94891945604826,0.2604833341069347
SN2008A21803,Matam,Ranerou Ferlo,Niébé,Principale,1964,6,1964,11,None,0,894.916388360497,223.72909709012424,0.25
SN2008A21803,Matam,Ranerou Ferlo,Niébé,Principale,1965,6,1965,11,None,0,894.916388360497,223.72909709012424,0.25
SN2008A21803,Matam,Ranerou Ferlo,Niébé,Principale,1966,6,1966,11,None,0,1682.4428101177343,504.7328430353203,0.3
SN2008A21803,Matam,Ranerou Ferlo,Niébé,Principale,1967,6,1967,11,None,0,1342.3745825407457,268.4749165081491,0.1999999999999999
SN2008A21803,Matam,Ranerou Ferlo,Niébé,Principale,1968,6,1968,11,None,0,1342.3745825407457,402.7123747622237,0.3
SN2008A21803,Matam,Ranerou Ferlo,Niébé,Principale,1969,6,1969,11,None,0,1230.5100339956834,369.153010198705,0.3
SN2008A21803,Matam,Ranerou Ferlo,Niébé,Principale,1970,6,1970,11,None,0,1306.5779270063256,391.9733781018977,0.3
SN2008A21803,Matam,Ranerou Ferlo,Niébé,Principale,1971,6,1971,11,None,0,751.7297662228175,225.51892986684524,0.3
SN2008A21803,Matam,Ranerou Ferlo,Niébé,Principale,1972,6,1972,11,None,0,294.4274917706035,16.287478268161045,0.0553191489361702
SN2008A21803,Matam,Ranerou Ferlo,Niébé,Principale,1973,6,1973,11,None,0,1019.9362078144584,306.06140481929,0.300078968149513
SN2008A21803,Matam,Ranerou Ferlo,Niébé,Principale,1974,6,1974,11,None,0,973.3110639808764,390.809986797029,0.401526296432512
SN2008A21803,Matam,Ranerou Ferlo,Niébé,Principale,1975,6,1975,11,None,0,760.6789301064224,380.3394650532112,0.5
SN2008A21803,Matam,Ranerou Ferlo,Niébé,Principale,1976,6,1976,11,None,0,877.018060593287,205.6517860452422,0.2344897959183673
SN2008A21803,Matam,Ranerou Ferlo,Niébé,Principale,1977,6,1977,11,None,0,940.1780530205224,218.2016041458872,0.2320854049345951
SN2008A21803,Matam,Ranerou Ferlo,Niébé,Principale,1978,6,1978,11,None,0,1519.4591609403356,727.2423858386182,0.4786192380376683
SN2008A21803,Matam,Ranerou Ferlo,Niébé,Principale,1979,6,1979,11,None,0,940.1903350500938,326.18647126189325,0.3469366351702752
SN2008A21803,Matam,Ranerou Ferlo,Niébé,Principale,1980,6,1980,11,None,0,1291.3643484041972,480.57010054958687,0.3721413721413721
SN2008A21803,Matam,Ranerou Ferlo,Niébé,Principale,1981,6,1981,11,None,0,1024.6239040055325,323.8066373560719,0.3160248712627375
SN2008A21803,Matam,Ranerou Ferlo,Niébé,Principale,1982,6,1982,11,None,0,1268.2755055844964,317.0688763961241,0.25
SN2008A21803,Matam,Ranerou Ferlo,Niébé,Principale,1983,6,1983,11,None,0,411.6615386458286,164.66461545833144,0.3999999999999999
SN2008A21803,Matam,Ranerou Ferlo,Niébé,Principale,1984,6,1984,11,None,0,939.662207778522,281.89866233355656,0.3
SN2008A21803,Matam,Ranerou Ferlo,Niébé,Principale,1985,6,1985,11,None,0,2662.0182888171344,1996.4689707934328,0.7499831910172797
SN2008A21803,Matam,Ranerou Ferlo,Niébé,Principale,1986,6,1986,11,None,0,1779.5412382548484,1038.0135188593404,0.5833039979884334
SN2008A21803,Matam,Ranerou Ferlo,Niébé,Principale,1987,6,1987,11,None,0,1546.4041552995063,526.5825248564068,0.3405206349529103
SN2008A21803,Matam,Ranerou Ferlo,Niébé,Principale,1988,6,1988,11,None,0,962.6615589593866,446.0263279588717,0.4633262061913173
SN2008A21803,Matam,Ranerou Ferlo,Niébé,Principale,1989,6,1989,11,None,0,677.9886558219125,270.8016991178864,0.3994192185850053
SN2008A21803,Matam,Ranerou Ferlo,Arachide (en coque),Principale,1960,6,1960,11,None,0,1459.5525257677357,1422.8323749696474,0.974841500973887
SN2008A21803,Matam,Ranerou Ferlo,Arachide (en coque),Principale,1961,6,1961,11,None,0,974.6059027938834,946.977309712724,0.9716515229366486
SN2008A21803,Matam,Ranerou Ferlo,Arachide (en coque),Principale,1962,6,1962,11,None,0,1449.0653886043262,821.8597949273658,0.5671654304840885
SN2008A21803,Matam,Ranerou Ferlo,Arachide (en coque),Principale,1963,6,1963,11,None,0,1783.54794150833,901.4409216785192,0.5054200678879307
SN2008A21803,Matam,Ranerou Ferlo,Arachide (en coque),Principale,1964,6,1964,11,None,0,514.3652343815454,370.1286968042707,0.7195834245082687
SN2008A21803,Matam,Ranerou Ferlo,Arachide (en coque),Principale,1965,6,1965,11,None,0,1218.0753616184493,899.6244082521027,0.738562191305452
SN2008A21803,Matam,Ranerou Ferlo,Arachide (en coque),Principale,1966,6,1966,11,None,0,1126.4186713204524,531.5642235514324,0.4719064385964966
SN2008A21803,Matam,Ranerou Ferlo,Arachide (en coque),Principale,1967,6,1967,11,None,0,1640.8819456095184,484.53919394444347,0.2952919283687149
SN2008A21803,Matam,Ranerou Ferlo,Arachide (en coque),Principale,1968,6,1968,11,None,0,1205.5656520073803,744.6951256114161,0.6177142857142857
SN2008A21803,Matam,Ranerou Ferlo,Arachide (en coque),Principale,1969,6,1969,11,None,0,964.4525216059044,723.3393912044282,0.7499999999999999
SN2008A21803,Matam,Ranerou Ferlo,Arachide (en coque),Principale,1970,6,1970,11,None,0,1171.1209190928837,344.4473291449658,0.2941176470588235
SN2008A21803,Matam,Ranerou Ferlo,Arachide (en coque),Principale,1971,6,1971,11,None,0,513.2265204259991,449.1593172050354,0.8751677852348992
SN2008A21803,Matam,Ranerou Ferlo,Arachide (en coque),Principale,1972,6,1972,11,None,0,1205.5656520073803,120.55656520073804,0.1
SN2008A21803,Matam,Ranerou Ferlo,Arachide (en coque),Principale,1973,6,1973,11,None,0,917.263237513044,289.3357564817713,0.3154337213668794
SN2008A21803,Matam,Ranerou Ferlo,Arachide (en coque),Principale,1974,6,1974,11,None,0,549.634603116622,461.7695339250327,0.8401391238954691
SN2008A21803,Matam,Ranerou Ferlo,Arachide (en coque),Principale,1975,6,1975,11,None,0,1308.8998507508702,1112.5648731382396,0.85
SN2008A21803,Matam,Ranerou Ferlo,Arachide (en coque),Principale,1976,6,1976,11,None,0,1401.900629620011,1356.9502531665928,0.967936117936118
SN2008A21803,Matam,Ranerou Ferlo,Arachide (en coque),Principale,1977,6,1977,11,None,0,1599.2689492200764,534.5478101000724,0.3342451001507645
SN2008A21803,Matam,Ranerou Ferlo,Arachide (en coque),Principale,1978,6,1978,11,None,0,1591.002213320597,1241.3192847726275,0.7802121671357435
SN2008A21803,Matam,Ranerou Ferlo,Arachide (en coque),Principale,1979,6,1979,11,None,0,1573.6076231987763,833.9758733257912,0.5299770165262121
SN2008A21803,Matam,Ranerou Ferlo,Arachide (en coque),Principale,1980,6,1980,11,None,0,1560.139732629208,1050.8054670225472,0.6735329182673202
SN2008A21803,Matam,Ranerou Ferlo,Arachide (en coque),Principale,1981,6,1981,11,None,0,1497.1058713956795,1779.0704550337484,1.1883397754463465
SN2008A21803,Matam,Ranerou Ferlo,Arachide (en coque),Principale,1982,6,1982,11,None,0,2040.884869916837,1428.5952976287458,0.6999881858534034
SN2008A21803,Matam,Ranerou Ferlo,Arachide (en coque),Principale,1983,6,1983,11,None,0,463.7294392278675,352.26628351655654,0.7596375250687069
SN2008A21803,Matam,Ranerou Ferlo,Arachide (en coque),Principale,1985,6,1985,11,None,0,753.6163114362707,812.3790257884019,1.077974313268431
SN2008A21803,Matam,Ranerou Ferlo,Arachide (en coque),Principale,1986,6,1986,11,None,0,904.3464626701076,852.7482527641919,0.9429442011045516
SN2008A21803,Matam,Ranerou Ferlo,Arachide (en coque),Principale,1987,6,1987,11,None,0,927.016577215939,996.332405927326,1.074773019614773
SN2008A21803,Matam,Ranerou Ferlo,Arachide (en coque),Principale,1988,6,1988,11,None,0,1662.003978074197,1285.076219418977,0.7732088709607211
SN2008A21803,Matam,Ranerou Ferlo,Arachide (en coque),Principale,1989,6,1989,11,None,0,1468.0235798834271,1370.406201789993,0.933504216532281
SN2008A21803,Matam,Ranerou Ferlo,Maïs,Principale,1960,6,1960,11,None,0,446.4258975629247,409.8749347472138,0.9181253529079616
SN2008A21803,Matam,Ranerou Ferlo,Maïs,Principale,1961,6,1961,11,None,0,548.2644422356642,460.0379802667067,0.8390804597701149
SN2008A21803,Matam,Ranerou Ferlo,Maïs,Principale,1964,6,1964,11,None,0,1323.3969295343618,837.6472374938446,0.6329523809523809
SN2008A21803,Matam,Ranerou Ferlo,Maïs,Principale,1965,6,1965,11,None,0,1323.3969295343618,860.2080041973352,0.65
SN2008A21803,Matam,Ranerou Ferlo,Maïs,Principale,1966,6,1966,11,None,0,1420.6981133058407,826.5559108463185,0.5817955997161106
SN2008A21803,Matam,Ranerou Ferlo,Maïs,Principale,1967,6,1967,11,None,0,622.2486324867756,346.9820711436284,0.5576260887178449
SN2008A21803,Matam,Ranerou Ferlo,Maïs,Principale,1968,6,1968,11,None,0,638.6335468524392,373.9541609455668,0.5855535820011841
SN2008A21803,Matam,Ranerou Ferlo,Maïs,Principale,1969,6,1969,11,None,0,912.5136923646456,556.0787860100576,0.6093922651933702
SN2008A21803,Matam,Ranerou Ferlo,Maïs,Principale,1970,6,1970,11,None,0,720.9362320891952,1136.987019174236,1.577097902097902
SN2008A21803,Matam,Ranerou Ferlo,Maïs,Principale,1971,6,1971,11,None,0,1107.242097710416,719.171702849816,0.6495162208309619
SN2008A21803,Matam,Ranerou Ferlo,Maïs,Principale,1972,6,1972,11,None,0,44.36530659010432,24.073220337244106,0.5426136363636364
SN2008A21803,Matam,Ranerou Ferlo,Maïs,Principale,1973,6,1973,11,None,0,1143.162871512063,511.0832904058893,0.4470782800441014
SN2008A21803,Matam,Ranerou Ferlo,Maïs,Principale,1974,6,1974,11,None,0,438.10740257728014,328.58055193296013,0.7500000000000001
SN2008A21803,Matam,Ranerou Ferlo,Maïs,Principale,1975,6,1975,11,None,0,488.5225237023987,157.54725351599546,0.3224974200206398
SN2008A21803,Matam,Ranerou Ferlo,Maïs,Principale,1977,6,1977,11,None,0,116.58496760183664,58.10342709669912,0.4983783783783783
SN2008A21803,Matam,Ranerou Ferlo,Maïs,Principale,1978,6,1978,11,None,0,434.83041970414746,243.25295942869693,0.5594202898550724
SN2008A21803,Matam,Ranerou Ferlo,Maïs,Principale,1979,6,1979,11,None,0,142.0446037700215,73.73211464548586,0.5190771960958296
SN2008A21803,Matam,Ranerou Ferlo,Maïs,Principale,1980,6,1980,11,None,0,445.5436329432352,236.82503148524435,0.5315417256011316
SN2008A21803,Matam,Ranerou Ferlo,Maïs,Principale,1981,6,1981,11,None,0,556.2048238128704,395.0024740153038,0.7101744844776795
SN2008A21803,Matam,Ranerou Ferlo,Maïs,Principale,1983,6,1983,11,None,0,1109.2587025554208,407.7322920993962,0.3675718668333144
SN2008A21803,Matam,Ranerou Ferlo,Mil,Principale,1960,6,1960,11,None,0,17888.535304022782,7518.133531980012,0.4202766411115465
SN2008A21803,Matam,Ranerou Ferlo,Mil,Principale,1961,6,1961,11,None,0,15786.446972246868,7796.402756609548,0.4938668447888179
SN2008A21803,Matam,Ranerou Ferlo,Mil,Principale,1962,6,1962,11,None,0,15517.450942015725,5957.770687725125,0.3839400369292359
SN2008A21803,Matam,Ranerou Ferlo,Mil,Principale,1963,6,1963,11,None,0,16819.116566716646,6933.085485418572,0.412214604608809
SN2008A21803,Matam,Ranerou Ferlo,Mil,Principale,1964,6,1964,11,None,0,14098.39093970824,5609.415654364891,0.3978763022215481
SN2008A21803,Matam,Ranerou Ferlo,Mil,Principale,1965,6,1965,11,None,0,15056.14003979642,5541.552502430719,0.3680593092109449
SN2008A21803,Matam,Ranerou Ferlo,Mil,Principale,1966,6,1966,11,None,0,19391.643632407537,7619.411214718687,0.3929224030285416
SN2008A21803,Matam,Ranerou Ferlo,Mil,Principale,1967,6,1967,11,None,0,18432.766048064976,8568.656642692575,0.464860055205447
SN2008A21803,Matam,Ranerou Ferlo,Mil,Principale,1968,6,1968,11,None,0,15428.76577070832,5903.891868230563,0.3826548381101984
SN2008A21803,Matam,Ranerou Ferlo,Mil,Principale,1969,6,1969,11,None,0,20828.99559243796,10646.209590660568,0.5111244823790597
SN2008A21803,Matam,Ranerou Ferlo,Mil,Principale,1970,6,1970,11,None,0,20615.044225038167,4347.189200587102,0.2108745997889826
SN2008A21803,Matam,Ranerou Ferlo,Mil,Principale,1971,6,1971,11,None,0,24785.43837819992,10696.207055711297,0.4315520626465565
SN2008A21803,Matam,Ranerou Ferlo,Mil,Principale,1972,6,1972,11,None,0,18469.80597364086,1011.1611268084472,0.0547467108345113
SN2008A21803,Matam,Ranerou Ferlo,Mil,Principale,1973,6,1973,11,None,0,22220.289502965028,3148.280057986821,0.1416849252826666
SN2008A21803,Matam,Ranerou Ferlo,Mil,Principale,1974,6,1974,11,None,0,20994.815693414526,11006.538734805454,0.5242503147221192
SN2008A21803,Matam,Ranerou Ferlo,Mil,Principale,1975,6,1975,11,None,0,19700.469756605307,10917.716853938016,0.5541856102328448
SN2008A21803,Matam,Ranerou Ferlo,Mil,Principale,1976,6,1976,11,None,0,24933.26593494872,8739.397247094712,0.3505115322595899
SN2008A21803,Matam,Ranerou Ferlo,Mil,Principale,1977,6,1977,11,None,0,24820.15298048703,4017.288055165662,0.1618558942132206
SN2008A21803,Matam,Ranerou Ferlo,Mil,Principale,1978,6,1978,11,None,0,28107.33676311624,11577.871039541158,0.4119163312097994
SN2008A21803,Matam,Ranerou Ferlo,Mil,Principale,1979,6,1979,11,None,0,16096.155428468215,5671.485851732675,0.3523503408585313
SN2008A21803,Matam,Ranerou Ferlo,Mil,Principale,1980,6,1980,11,None,0,24217.101248860927,9119.578406237444,0.3765759705310061
SN2008A21803,Matam,Ranerou Ferlo,Mil,Principale,1981,6,1981,11,None,0,25495.9546154366,13025.763706209333,0.5108953127145454
SN2008A21803,Matam,Ranerou Ferlo,Mil,Principale,1982,6,1982,11,None,0,19664.905790784567,5511.822300595625,0.2802872466939858
SN2008A21803,Matam,Ranerou Ferlo,Mil,Principale,1983,6,1983,11,None,0,5807.213034975513,2405.852056289281,0.4142868604611859
SN2008A21803,Matam,Ranerou Ferlo,Mil,Principale,1984,6,1984,11,None,0,267.79100818185526,80.33730245455658,0.3
SN2008A21803,Matam,Ranerou Ferlo,Mil,Principale,1985,6,1985,11,None,0,16595.325538420962,9957.14049147411,0.5999966959624661
SN2008A21803,Matam,Ranerou Ferlo,Mil,Principale,1986,6,1986,11,None,0,14372.672788892987,4707.411981645457,0.327525161867129
SN2008A21803,Matam,Ranerou Ferlo,Mil,Principale,1987,6,1987,11,None,0,17479.847853765274,12781.104186014552,0.7311908142988452
SN2008A21803,Matam,Ranerou Ferlo,Mil,Principale,1988,6,1988,11,None,0,16390.59422237037,5874.177674232637,0.3583871087611567
SN2008A21803,Matam,Ranerou Ferlo,Mil,Principale,1989,6,1989,11,None,0,16250.454160282548,3010.18969985796,0.1852372659968551
SN2008A21803,Matam,Ranerou Ferlo,Sorgho,Principale,1982,6,1982,11,None,1,330.37425830866454,1764.0795764067782,5.339639914555996
SN2008A21803,Matam,Ranerou Ferlo,Sorgho,Principale,1983,6,1983,11,None,0,254.05649403046527,116.14011155678412,0.4571428571428571
SN2008A21803,Matam,Ranerou Ferlo,Sorgho,Principale,1984,6,1984,11,None,0,62.203514609840106,16.48342729126233,0.2649918962722852
SN2008A21803,Matam,Ranerou Ferlo,Sorgho,Principale,1986,6,1986,11,None,0,251.53609230397257,216.40169223666416,0.860320641282565
SN2008A21803,Matam,Ranerou Ferlo,Sorgho,Principale,1987,6,1987,11,None,0,257.5850564475551,186.5097277604606,0.7240704500978473
SN2008A21803,Matam,Ranerou Ferlo,Sorgho,Principale,1988,6,1988,11,None,0,380.4798446313396,303.607591973312,0.7979597244303128
SN2008A21803,Matam,Ranerou Ferlo,Sorgho,Principale,1989,6,1989,11,None,0,300.63351793605057,192.6595079731028,0.6408450704225351
SN2008A21901,Louga,Kebemer,Niébé,Principale,1963,6,1963,11,None,0,300.0,120.0,0.4
SN2008A21901,Louga,Kebemer,Niébé,Principale,1964,6,1964,11,None,2,350.0,140.0,0.4
SN2008A21901,Louga,Kebemer,Niébé,Principale,1965,6,1965,11,None,2,350.0,140.0,0.4
SN2008A21901,Louga,Kebemer,Niébé,Principale,1966,6,1966,11,None,2,300.0,120.0,0.4
SN2008A21901,Louga,Kebemer,Niébé,Principale,1967,6,1967,11,None,2,190.0,76.0,0.4
SN2008A21901,Louga,Kebemer,Niébé,Principale,1968,6,1968,11,None,2,190.0,76.0,0.4
SN2008A21901,Louga,Kebemer,Niébé,Principale,1969,6,1969,11,None,2,130.0,52.0,0.4
SN2008A21901,Louga,Kebemer,Niébé,Principale,1977,6,1977,11,None,0,7.0,1.0,0.1428571428571428
SN2008A21901,Louga,Kebemer,Niébé,Principale,1978,6,1978,11,None,0,12.0,2.0,0.1666666666666666
SN2008A21901,Louga,Kebemer,Niébé,Principale,1987,6,1987,11,None,0,59.0,19.0,0.3220338983050847
SN2008A21901,Louga,Kebemer,Niébé,Principale,1988,6,1988,11,None,0,80.0,14.0,0.175
SN2008A21901,Louga,Kebemer,Niébé,Principale,1989,6,1989,11,None,0,19.0,6.0,0.3157894736842105
SN2008A21901,Louga,Kebemer,Arachide (en coque),Principale,1960,6,1960,11,None,0,63339.0,50671.0,0.7999968423877863
SN2008A21901,Louga,Kebemer,Arachide (en coque),Principale,1961,6,1961,11,None,0,58000.0,58000.0,1.0
SN2008A21901,Louga,Kebemer,Arachide (en coque),Principale,1962,6,1962,11,None,0,51000.0,40000.0,0.7843137254901961
SN2008A21901,Louga,Kebemer,Arachide (en coque),Principale,1963,6,1963,11,None,0,70493.0,49361.0,0.700225554310357
SN2008A21901,Louga,Kebemer,Arachide (en coque),Principale,1964,6,1964,11,None,0,74000.0,60000.0,0.8108108108108109
SN2008A21901,Louga,Kebemer,Arachide (en coque),Principale,1965,6,1965,11,None,0,76500.0,65000.0,0.8496732026143791
SN2008A21901,Louga,Kebemer,Arachide (en coque),Principale,1966,6,1966,11,None,0,89412.0,44772.0,0.5007381559522212
SN2008A21901,Louga,Kebemer,Arachide (en coque),Principale,1967,6,1967,11,None,0,64400.0,64000.0,0.9937888198757764
SN2008A21901,Louga,Kebemer,Arachide (en coque),Principale,1968,6,1968,11,None,0,87249.0,57965.0,0.6643629153342732
SN2008A21901,Louga,Kebemer,Arachide (en coque),Principale,1969,6,1969,11,None,0,60000.0,46000.0,0.7666666666666667
SN2008A21901,Louga,Kebemer,Arachide (en coque),Principale,1970,6,1970,11,None,0,81600.0,25530.0,0.3128676470588235
SN2008A21901,Louga,Kebemer,Arachide (en coque),Principale,1971,6,1971,11,None,0,61700.0,55400.0,0.8978930307941653
SN2008A21901,Louga,Kebemer,Arachide (en coque),Principale,1972,6,1972,11,None,0,74700.0,8000.0,0.107095046854083
SN2008A21901,Louga,Kebemer,Arachide (en coque),Principale,1973,6,1973,11,None,0,73025.0,32800.0,0.4491612461485793
SN2008A21901,Louga,Kebemer,Arachide (en coque),Principale,1974,6,1974,11,None,0,74570.0,53261.0,0.7142416521389299
SN2008A21901,Louga,Kebemer,Arachide (en coque),Principale,1975,6,1975,11,None,0,78000.0,62400.0,0.8
SN2008A21901,Louga,Kebemer,Arachide (en coque),Principale,1976,6,1976,11,None,0,81400.0,39072.0,0.48
SN2008A21901,Louga,Kebemer,Arachide (en coque),Principale,1977,6,1977,11,None,0,72170.0,24911.0,0.3451711237356242
SN2008A21901,Louga,Kebemer,Arachide (en coque),Principale,1978,6,1978,11,None,0,81692.0,94573.0,1.157677618371444
SN2008A21901,Louga,Kebemer,Arachide (en coque),Principale,1979,6,1979,11,None,0,91760.0,42141.0,0.4592523975588491
SN2008A21901,Louga,Kebemer,Arachide (en coque),Principale,1980,6,1980,11,None,0,80257.0,58425.0,0.7279738838979778
SN2008A21901,Louga,Kebemer,Arachide (en coque),Principale,1981,6,1981,11,None,0,94019.0,76176.0,0.8102192110105404
SN2008A21901,Louga,Kebemer,Arachide (en coque),Principale,1982,6,1982,11,None,0,84589.0,59212.0,0.6999964534395725
SN2008A21901,Louga,Kebemer,Arachide (en coque),Principale,1983,6,1983,11,None,0,22167.0,10963.0,0.4945639915189245
SN2008A21901,Louga,Kebemer,Arachide (en coque),Principale,1985,6,1985,11,None,0,16040.0,16698.0,1.0410224438902742
SN2008A21901,Louga,Kebemer,Arachide (en coque),Principale,1986,6,1986,11,None,0,21188.0,18678.0,0.8815367188974892
SN2008A21901,Louga,Kebemer,Arachide (en coque),Principale,1987,6,1987,11,None,0,24580.0,21426.0,0.8716842961757526
SN2008A21901,Louga,Kebemer,Arachide (en coque),Principale,1988,6,1988,11,None,0,36235.0,13501.0,0.3725955567821167
SN2008A21901,Louga,Kebemer,Arachide (en coque),Principale,1989,6,1989,11,None,0,33928.0,29984.0,0.8837538316434803
SN2008A21901,Louga,Kebemer,Mil,Principale,1960,6,1960,11,None,0,63000.0,15750.0,0.25
SN2008A21901,Louga,Kebemer,Mil,Principale,1961,6,1961,11,None,0,40200.0,14800.0,0.3681592039800995
SN2008A21901,Louga,Kebemer,Mil,Principale,1962,6,1962,11,None,0,33600.0,13440.0,0.4
SN2008A21901,Louga,Kebemer,Mil,Principale,1963,6,1963,11,None,0,86812.0,84723.0,0.9759365064737594
SN2008A21901,Louga,Kebemer,Mil,Principale,1964,6,1964,11,None,0,86500.0,36200.0,0.4184971098265896
SN2008A21901,Louga,Kebemer,Mil,Principale,1965,6,1965,11,None,0,88000.0,35200.0,0.4
SN2008A21901,Louga,Kebemer,Mil,Principale,1966,6,1966,11,None,0,47000.0,18800.0,0.4
SN2008A21901,Louga,Kebemer,Mil,Principale,1967,6,1967,11,None,0,85000.0,42500.0,0.5
SN2008A21901,Louga,Kebemer,Mil,Principale,1968,6,1968,11,None,0,56000.0,22400.0,0.4
SN2008A21901,Louga,Kebemer,Mil,Principale,1969,6,1969,11,None,0,59100.0,23662.0,0.4003722504230118
SN2008A21901,Louga,Kebemer,Mil,Principale,1970,6,1970,11,None,0,64200.0,17600.0,0.2741433021806853
SN2008A21901,Louga,Kebemer,Mil,Principale,1971,6,1971,11,None,0,52400.0,26200.0,0.5
SN2008A21901,Louga,Kebemer,Mil,Principale,1972,6,1972,11,None,0,62000.0,5000.0,0.0806451612903225
SN2008A21901,Louga,Kebemer,Mil,Principale,1973,6,1973,11,None,0,67220.0,16799.0,0.2499107408509372
SN2008A21901,Louga,Kebemer,Mil,Principale,1974,6,1974,11,None,0,61433.0,30700.0,0.4997314147119626
SN2008A21901,Louga,Kebemer,Mil,Principale,1975,6,1975,11,None,0,59200.0,29600.0,0.5
SN2008A21901,Louga,Kebemer,Mil,Principale,1976,6,1976,11,None,0,53000.0,16560.0,0.3124528301886792
SN2008A21901,Louga,Kebemer,Mil,Principale,1977,6,1977,11,None,0,55900.0,11475.0,0.2052772808586762
SN2008A21901,Louga,Kebemer,Mil,Principale,1978,6,1978,11,None,0,80784.0,59980.0,0.7424737571796395
SN2008A21901,Louga,Kebemer,Mil,Principale,1979,6,1979,11,None,0,71984.0,26262.0,0.3648310735719048
SN2008A21901,Louga,Kebemer,Mil,Principale,1980,6,1980,11,None,0,69778.0,31906.0,0.4572501361460632
SN2008A21901,Louga,Kebemer,Mil,Principale,1981,6,1981,11,None,0,94144.0,32754.0,0.3479138341264446
SN2008A21901,Louga,Kebemer,Mil,Principale,1982,6,1982,11,None,0,73932.0,25876.0,0.3499972948114483
SN2008A21901,Louga,Kebemer,Mil,Principale,1983,6,1983,11,None,0,7389.0,2216.0,0.2999052645824875
SN2008A21901,Louga,Kebemer,Mil,Principale,1985,6,1985,11,None,0,86243.0,51747.0,0.6000139141727444
SN2008A21901,Louga,Kebemer,Mil,Principale,1986,6,1986,11,None,0,38931.0,12966.0,0.33305078215304
SN2008A21901,Louga,Kebemer,Mil,Principale,1987,6,1987,11,None,0,56879.0,31648.0,0.5564092195713708
SN2008A21901,Louga,Kebemer,Mil,Principale,1988,6,1988,11,None,0,44246.0,4510.0,0.1019301179767662
SN2008A21901,Louga,Kebemer,Mil,Principale,1989,6,1989,11,None,0,45440.0,8220.0,0.1808978873239436
SN2008A21902,Louga,Linguere,Niébé,Principale,1963,6,1963,11,None,0,197.543594085712,69.14025792999918,0.35
SN2008A21902,Louga,Linguere,Niébé,Principale,1977,6,1977,11,None,1,41.48415475799951,59.26307822571359,1.4285714285714284
SN2008A21902,Louga,Linguere,Niébé,Principale,1978,6,1978,11,None,0,63.21395010742783,9.8771797042856,0.15625
SN2008A21902,Louga,Linguere,Niébé,Principale,1979,6,1979,11,None,0,42.47187272842808,20.74207737899976,0.4883720930232558
SN2008A21902,Louga,Linguere,Niébé,Principale,1981,6,1981,11,None,0,837.5848389234187,376.3205467332813,0.4492924528301886
SN2008A21902,Louga,Linguere,Niébé,Principale,1987,6,1987,11,None,0,725.9727082649914,274.5855957791396,0.3782312925170068
SN2008A21902,Louga,Linguere,Arachide (en coque),Principale,1960,6,1960,11,None,0,12069.440838568791,9655.552670855031,0.7999999999999999
SN2008A21902,Louga,Linguere,Arachide (en coque),Principale,1961,6,1961,11,None,0,11586.66320502604,14483.329006282547,1.2499999999999998
SN2008A21902,Louga,Linguere,Arachide (en coque),Principale,1962,6,1962,11,None,0,11586.66320502604,7724.442136684027,0.6666666666666667
SN2008A21902,Louga,Linguere,Arachide (en coque),Principale,1963,6,1963,11,None,0,13043.686103058064,9755.970418631923,0.747945813901843
SN2008A21902,Louga,Linguere,Arachide (en coque),Principale,1964,6,1964,11,None,0,11586.66320502604,9116.772831821325,0.7868333333333336
SN2008A21902,Louga,Linguere,Arachide (en coque),Principale,1965,6,1965,11,None,0,23656.10404359483,18924.883234875862,0.7999999999999999
SN2008A21902,Louga,Linguere,Arachide (en coque),Principale,1966,6,1966,11,None,0,29981.456598271965,14240.009078977004,0.4749605487745966
SN2008A21902,Louga,Linguere,Arachide (en coque),Principale,1967,6,1967,11,None,0,44318.9867592246,12827.401723230912,0.2894335511982571
SN2008A21902,Louga,Linguere,Arachide (en coque),Principale,1968,6,1968,11,None,0,33794.43434799262,20875.30487438858,0.6177142857142857
SN2008A21902,Louga,Linguere,Arachide (en coque),Principale,1969,6,1969,11,None,0,27035.54747839409,20276.66060879557,0.75
SN2008A21902,Louga,Linguere,Arachide (en coque),Principale,1970,6,1970,11,None,0,32828.879080907114,9655.552670855031,0.2941176470588235
SN2008A21902,Louga,Linguere,Arachide (en coque),Principale,1971,6,1971,11,None,0,14386.773479574,12590.840682794964,0.8751677852348994
SN2008A21902,Louga,Linguere,Arachide (en coque),Principale,1972,6,1972,11,None,0,33794.43434799262,3379.443434799261,0.0999999999999999
SN2008A21902,Louga,Linguere,Arachide (en coque),Principale,1973,6,1973,11,None,0,25712.736762486955,8110.6642435182275,0.3154337213668794
SN2008A21902,Louga,Linguere,Arachide (en coque),Principale,1974,6,1974,11,None,0,15407.365396883377,12944.330466074967,0.8401391238954691
SN2008A21902,Louga,Linguere,Arachide (en coque),Principale,1975,6,1975,11,None,0,36691.10014924913,31187.43512686176,0.85
SN2008A21902,Louga,Linguere,Arachide (en coque),Principale,1976,6,1976,11,None,0,39298.09937037998,38038.04974683341,0.967936117936118
SN2008A21902,Louga,Linguere,Arachide (en coque),Principale,1977,6,1977,11,None,0,44830.73105077992,14984.452189899926,0.3342451001507646
SN2008A21902,Louga,Linguere,Arachide (en coque),Principale,1978,6,1978,11,None,0,44598.9977866794,34796.68071522737,0.7802121671357436
SN2008A21902,Louga,Linguere,Arachide (en coque),Principale,1979,6,1979,11,None,0,44111.39237680122,23378.024126674205,0.5299770165262121
SN2008A21902,Louga,Linguere,Arachide (en coque),Principale,1980,6,1980,11,None,0,43733.86026737079,29456.19453297745,0.6735329182673202
SN2008A21902,Louga,Linguere,Arachide (en coque),Principale,1981,6,1981,11,None,0,41966.89412860432,49870.929544966246,1.1883397754463465
SN2008A21902,Louga,Linguere,Arachide (en coque),Principale,1982,6,1982,11,None,0,57210.11513008316,40046.40470237125,0.6999881858534033
SN2008A21902,Louga,Linguere,Arachide (en coque),Principale,1983,6,1983,11,None,0,12999.270560772133,9874.733716483444,0.7596375250687069
SN2008A21902,Louga,Linguere,Arachide (en coque),Principale,1985,6,1985,11,None,0,21125.38368856373,22772.6209742116,1.077974313268431
SN2008A21902,Louga,Linguere,Arachide (en coque),Principale,1986,6,1986,11,None,0,25350.65353732989,23904.251747235805,0.9429442011045516
SN2008A21902,Louga,Linguere,Arachide (en coque),Principale,1987,6,1987,11,None,0,25461.692393044723,27740.402823366512,1.0894956389836936
SN2008A21902,Louga,Linguere,Arachide (en coque),Principale,1988,6,1988,11,None,0,38334.47521382865,29457.16008824453,0.7684247644954915
SN2008A21902,Louga,Linguere,Arachide (en coque),Principale,1989,6,1989,11,None,0,32770.94576488198,33558.83886282375,1.024042427813789
SN2008A21902,Louga,Linguere,Mil,Principale,1960,6,1960,11,None,0,14153.921099596764,2669.647272016251,0.1886153846153846
SN2008A21902,Louga,Linguere,Mil,Principale,1961,6,1961,11,None,0,15750.773736474348,4725.232120942304,0.3
SN2008A21902,Louga,Linguere,Mil,Principale,1962,6,1962,11,None,0,17420.210584119093,2613.0315876178643,0.15
SN2008A21902,Louga,Linguere,Mil,Principale,1963,6,1963,11,None,0,20617.54506841262,6183.448915254607,0.2999119873261749
SN2008A21902,Louga,Linguere,Mil,Principale,1964,6,1964,11,None,0,20686.500068641424,6169.657915208846,0.2982456140350877
SN2008A21902,Louga,Linguere,Mil,Principale,1965,6,1965,11,None,0,21775.263230148867,6532.57896904466,0.3
SN2008A21902,Louga,Linguere,Mil,Principale,1966,6,1966,11,None,0,20033.24217173696,5008.31054293424,0.2499999999999999
SN2008A21902,Louga,Linguere,Mil,Principale,1967,6,1967,11,None,0,21775.263230148867,8710.105292059547,0.4
SN2008A21902,Louga,Linguere,Mil,Principale,1968,6,1968,11,None,0,22138.184283984683,7193.821129133515,0.3249508196721311
SN2008A21902,Louga,Linguere,Mil,Principale,1969,6,1969,11,None,0,25331.88955773985,7599.566867321955,0.3
SN2008A21902,Louga,Linguere,Mil,Principale,1970,6,1970,11,None,0,24678.631660835385,1945.2568485599656,0.0788235294117647
SN2008A21902,Louga,Linguere,Mil,Principale,1971,6,1971,11,None,0,27944.921145357715,10452.126350471455,0.3740259740259739
SN2008A21902,Louga,Linguere,Mil,Principale,1972,6,1972,11,None,0,24315.710606999568,1850.8973745626536,0.0761194029850746
SN2008A21902,Louga,Linguere,Mil,Principale,1973,6,1973,11,None,0,34687.99432562714,3156.687326263914,0.091002301736765
SN2008A21902,Louga,Linguere,Mil,Principale,1974,6,1974,11,None,0,29033.68430686516,17420.210584119093,0.5999999999999999
SN2008A21902,Louga,Linguere,Mil,Principale,1975,6,1975,11,None,0,30848.28957604423,18508.97374562654,0.6000000000000001
SN2008A21902,Louga,Linguere,Mil,Principale,1976,6,1976,11,None,0,31900.76063216809,11533.631090902183,0.361547212741752
SN2008A21902,Louga,Linguere,Mil,Principale,1977,6,1977,11,None,0,34332.33169286805,9138.352135585808,0.2661733615221987
SN2008A21902,Louga,Linguere,Mil,Principale,1978,6,1978,11,None,0,34261.9250084239,11224.42235303407,0.3276062962099866
SN2008A21902,Louga,Linguere,Mil,Principale,1979,6,1979,11,None,0,32114.884053931222,10381.71966602731,0.3232681658944514
SN2008A21902,Louga,Linguere,Mil,Principale,1980,6,1980,11,None,0,32372.55800215465,13359.123991696331,0.4126681614349776
SN2008A21902,Louga,Linguere,Mil,Principale,1981,6,1981,11,None,0,29964.939731007857,15989.575789898314,0.5336094760555192
SN2008A21902,Louga,Linguere,Mil,Principale,1982,6,1982,11,None,0,31695.34731569702,9435.947399731176,0.2977076510866329
SN2008A21902,Louga,Linguere,Mil,Principale,1983,6,1983,11,None,0,9876.533559087857,4263.596540463148,0.431689571544058
SN2008A21902,Louga,Linguere,Mil,Principale,1985,6,1985,11,None,0,43936.674461579045,26361.859508525893,0.5999966959624662
SN2008A21902,Louga,Linguere,Mil,Principale,1986,6,1986,11,None,0,35148.904063998634,11240.390879402845,0.3197934950955085
SN2008A21902,Louga,Linguere,Mil,Principale,1987,6,1987,11,None,0,40631.18950324244,30649.408838542204,0.7543320590231877
SN2008A21902,Louga,Linguere,Mil,Principale,1988,6,1988,11,None,0,37507.89091393143,12309.556304003156,0.3281857764876633
SN2008A21902,Louga,Linguere,Mil,Principale,1989,6,1989,11,None,0,39959.78555364619,7258.4210767162895,0.1816431438795342
SN2008A21903,Louga,Louga,Niébé,Principale,1963,6,1963,11,None,0,10.0,3.0,0.3
SN2008A21903,Louga,Louga,Niébé,Principale,1964,6,1964,11,None,0,23.0,7.0,0.3043478260869565
SN2008A21903,Louga,Louga,Niébé,Principale,1965,6,1965,11,None,0,25.0,7.0,0.28
SN2008A21903,Louga,Louga,Niébé,Principale,1966,6,1966,11,None,0,30.0,10.0,0.3333333333333333
SN2008A21903,Louga,Louga,Niébé,Principale,1967,6,1967,11,None,0,110.0,30.0,0.2727272727272727
SN2008A21903,Louga,Louga,Niébé,Principale,1968,6,1968,11,None,0,185.0,54.0,0.2918918918918919
SN2008A21903,Louga,Louga,Niébé,Principale,1969,6,1969,11,None,0,130.0,39.0,0.3
SN2008A21903,Louga,Louga,Niébé,Principale,1970,6,1970,11,None,0,92.0,18.0,0.1956521739130435
SN2008A21903,Louga,Louga,Niébé,Principale,1971,6,1971,11,None,0,107.0,37.0,0.3457943925233644
SN2008A21903,Louga,Louga,Niébé,Principale,1972,6,1972,11,None,0,100.0,25.0,0.25
SN2008A21903,Louga,Louga,Niébé,Principale,1977,6,1977,11,None,0,10.0,1.0,0.1
SN2008A21903,Louga,Louga,Niébé,Principale,1978,6,1978,11,None,0,27.0,4.0,0.1481481481481481
SN2008A21903,Louga,Louga,Niébé,Principale,1979,6,1979,11,None,0,8.0,4.0,0.5
SN2008A21903,Louga,Louga,Niébé,Principale,1981,6,1981,11,None,0,148.0,44.0,0.2972972972972973
SN2008A21903,Louga,Louga,Niébé,Principale,1986,6,1986,11,None,0,230.0,92.0,0.4
SN2008A21903,Louga,Louga,Niébé,Principale,1987,6,1987,11,None,0,295.0,134.0,0.4542372881355932
SN2008A21903,Louga,Louga,Niébé,Principale,1988,6,1988,11,None,0,385.0,146.0,0.3792207792207792
SN2008A21903,Louga,Louga,Niébé,Principale,1989,6,1989,11,None,0,403.0,202.0,0.5012406947890818
SN2008A21903,Louga,Louga,Arachide (en coque),Principale,1960,6,1960,11,None,0,29930.0,23964.0,0.8006682258603408
SN2008A21903,Louga,Louga,Arachide (en coque),Principale,1961,6,1961,11,None,0,33000.0,39000.0,1.181818181818182
SN2008A21903,Louga,Louga,Arachide (en coque),Principale,1962,6,1962,11,None,0,33000.0,21450.0,0.65
SN2008A21903,Louga,Louga,Arachide (en coque),Principale,1963,6,1963,11,None,0,39508.0,31606.0,0.7999898754682596
SN2008A21903,Louga,Louga,Arachide (en coque),Principale,1964,6,1964,11,None,0,27000.0,22000.0,0.8148148148148148
SN2008A21903,Louga,Louga,Arachide (en coque),Principale,1965,6,1965,11,None,0,53000.0,47700.0,0.9
SN2008A21903,Louga,Louga,Arachide (en coque),Principale,1966,6,1966,11,None,0,163263.0,78821.0,0.4827854443444013
SN2008A21903,Louga,Louga,Arachide (en coque),Principale,1967,6,1967,11,None,0,50000.0,45000.0,0.9
SN2008A21903,Louga,Louga,Arachide (en coque),Principale,1968,6,1968,11,None,0,70000.0,35600.0,0.5085714285714286
SN2008A21903,Louga,Louga,Arachide (en coque),Principale,1969,6,1969,11,None,0,50000.0,44000.0,0.88
SN2008A21903,Louga,Louga,Arachide (en coque),Principale,1970,6,1970,11,None,0,48000.0,10940.0,0.2279166666666666
SN2008A21903,Louga,Louga,Arachide (en coque),Principale,1971,6,1971,11,None,0,46800.0,45000.0,0.9615384615384616
SN2008A21903,Louga,Louga,Arachide (en coque),Principale,1972,6,1972,11,None,0,46000.0,3100.0,0.067391304347826
SN2008A21903,Louga,Louga,Arachide (en coque),Principale,1973,6,1973,11,None,0,24600.0,18300.0,0.7439024390243902
SN2008A21903,Louga,Louga,Arachide (en coque),Principale,1974,6,1974,11,None,0,49000.0,49000.0,1.0
SN2008A21903,Louga,Louga,Arachide (en coque),Principale,1975,6,1975,11,None,0,58000.0,49300.0,0.85
SN2008A21903,Louga,Louga,Arachide (en coque),Principale,1976,6,1976,11,None,0,57760.0,30082.0,0.5208102493074792
SN2008A21903,Louga,Louga,Arachide (en coque),Principale,1977,6,1977,11,None,0,56980.0,7545.0,0.1324148824148824
SN2008A21903,Louga,Louga,Arachide (en coque),Principale,1978,6,1978,11,None,0,52497.0,42164.0,0.8031697049355201
SN2008A21903,Louga,Louga,Arachide (en coque),Principale,1979,6,1979,11,None,0,62782.0,17739.0,0.2825491382880443
SN2008A21903,Louga,Louga,Arachide (en coque),Principale,1980,6,1980,11,None,0,51666.0,38098.0,0.7373901598730306
SN2008A21903,Louga,Louga,Arachide (en coque),Principale,1981,6,1981,11,None,0,50439.0,32003.0,0.6344891849560855
SN2008A21903,Louga,Louga,Arachide (en coque),Principale,1982,6,1982,11,None,0,52602.0,26820.0,0.509866544998289
SN2008A21903,Louga,Louga,Arachide (en coque),Principale,1983,6,1983,11,None,0,3799.0,1227.0,0.3229797315082917
SN2008A21903,Louga,Louga,Arachide (en coque),Principale,1985,6,1985,11,None,0,7795.0,7015.0,0.8999358563181526
SN2008A21903,Louga,Louga,Arachide (en coque),Principale,1986,6,1986,11,None,0,11023.0,8497.0,0.7708427832713417
SN2008A21903,Louga,Louga,Arachide (en coque),Principale,1987,6,1987,11,None,0,10880.0,8976.0,0.825
SN2008A21903,Louga,Louga,Arachide (en coque),Principale,1988,6,1988,11,None,0,22252.0,7048.0,0.3167355743303973
SN2008A21903,Louga,Louga,Arachide (en coque),Principale,1989,6,1989,11,None,0,26551.0,19016.0,0.7162065458928101
SN2008A21903,Louga,Louga,Mil,Principale,1960,6,1960,11,None,0,26800.0,5780.0,0.2156716417910447
SN2008A21903,Louga,Louga,Mil,Principale,1961,6,1961,11,None,0,27300.0,5000.0,0.1831501831501831
SN2008A21903,Louga,Louga,Mil,Principale,1962,6,1962,11,None,0,32000.0,5000.0,0.15625
SN2008A21903,Louga,Louga,Mil,Principale,1963,6,1963,11,None,0,37000.0,7400.0,0.2
SN2008A21903,Louga,Louga,Mil,Principale,1964,6,1964,11,None,0,35000.0,6300.0,0.18
SN2008A21903,Louga,Louga,Mil,Principale,1965,6,1965,11,None,0,38000.0,7600.0,0.2
SN2008A21903,Louga,Louga,Mil,Principale,1966,6,1966,11,None,0,35650.0,5300.0,0.1486676016830294
SN2008A21903,Louga,Louga,Mil,Principale,1967,6,1967,11,None,0,38000.0,19000.0,0.5
SN2008A21903,Louga,Louga,Mil,Principale,1968,6,1968,11,None,0,41000.0,7000.0,0.1707317073170731
SN2008A21903,Louga,Louga,Mil,Principale,1969,6,1969,11,None,0,29900.0,7525.0,0.2516722408026756
SN2008A21903,Louga,Louga,Mil,Principale,1970,6,1970,11,None,0,31000.0,7140.0,0.2303225806451612
SN2008A21903,Louga,Louga,Mil,Principale,1971,6,1971,11,None,0,16360.0,9030.0,0.5519559902200489
SN2008A21903,Louga,Louga,Mil,Principale,1972,6,1972,11,None,0,43000.0,7000.0,0.1627906976744186
SN2008A21903,Louga,Louga,Mil,Principale,1973,6,1973,11,None,0,64900.0,22031.0,0.3394607087827427
SN2008A21903,Louga,Louga,Mil,Principale,1974,6,1974,11,None,0,55000.0,27500.0,0.5
SN2008A21903,Louga,Louga,Mil,Principale,1975,6,1975,11,None,0,47000.0,18800.0,0.4
SN2008A21903,Louga,Louga,Mil,Principale,1976,6,1976,11,None,0,35440.0,7334.0,0.206941309255079
SN2008A21903,Louga,Louga,Mil,Principale,1977,6,1977,11,None,0,32500.0,3520.0,0.1083076923076923
SN2008A21903,Louga,Louga,Mil,Principale,1978,6,1978,11,None,0,33006.0,12174.0,0.3688420287220505
SN2008A21903,Louga,Louga,Mil,Principale,1979,6,1979,11,None,0,26320.0,6430.0,0.2443009118541033
SN2008A21903,Louga,Louga,Mil,Principale,1980,6,1980,11,None,0,40680.0,15924.0,0.3914454277286135
SN2008A21903,Louga,Louga,Mil,Principale,1981,6,1981,11,None,0,50412.0,17561.0,0.3483495993017536
SN2008A21903,Louga,Louga,Mil,Principale,1982,6,1982,11,None,0,58672.0,5867.0,0.0999965912189801
SN2008A21903,Louga,Louga,Mil,Principale,1985,6,1985,11,None,0,54570.0,28922.0,0.5299981674912956
SN2008A21903,Louga,Louga,Mil,Principale,1986,6,1986,11,None,0,37427.0,9074.0,0.2424452935046891
SN2008A21903,Louga,Louga,Mil,Principale,1987,6,1987,11,None,0,44771.0,26517.0,0.5922807174286927
SN2008A21903,Louga,Louga,Mil,Principale,1988,6,1988,11,None,0,42502.0,5249.0,0.1235000705849136
SN2008A21903,Louga,Louga,Mil,Principale,1989,6,1989,11,None,0,43585.0,6928.0,0.1589537684983366
SN2008A22001,Kolda,Kolda,Niébé,Principale,1963,6,1963,11,None,0,521.1059725660012,156.3317917698004,0.3
SN2008A22001,Kolda,Kolda,Niébé,Principale,1964,6,1964,11,None,0,551.7592650698837,165.5277795209651,0.3
SN2008A22001,Kolda,Kolda,Niébé,Principale,1965,6,1965,11,None,0,551.7592650698837,165.5277795209651,0.3
SN2008A22001,Kolda,Kolda,Niébé,Principale,1966,6,1966,11,None,0,321.8595712907656,104.8342603632779,0.3257142857142857
SN2008A22001,Kolda,Kolda,Niébé,Principale,1967,6,1967,11,None,0,318.79424204037724,104.22119451320026,0.3269230769230769
SN2008A22001,Kolda,Kolda,Niébé,Principale,1968,6,1968,11,None,0,269.74897403416537,81.53775806032726,0.3022727272727273
SN2008A22001,Kolda,Kolda,Niébé,Principale,1969,6,1969,11,None,0,177.7890965225181,53.33672895675543,0.3
SN2008A22001,Kolda,Kolda,Niébé,Principale,1970,6,1970,11,None,0,171.6584380217416,34.33168760434832,0.1999999999999999
SN2008A22001,Kolda,Kolda,Niébé,Principale,1971,6,1971,11,None,0,104.22119451320026,39.23621440496951,0.3764705882352941
SN2008A22001,Kolda,Kolda,Niébé,Principale,1972,6,1972,11,None,0,44.1407412055907,17.77890965225181,0.4027777777777777
SN2008A22001,Kolda,Kolda,Niébé,Principale,1973,6,1973,11,None,0,3.0653292503882428,0.6130658500776486,0.2
SN2008A22001,Kolda,Kolda,Niébé,Principale,1977,6,1977,11,None,0,25.135699853183592,4.904526800621189,0.1951219512195122
SN2008A22001,Kolda,Kolda,Niébé,Principale,1978,6,1978,11,None,0,99.31666771257908,30.04022665380478,0.3024691358024691
SN2008A22001,Kolda,Kolda,Niébé,Principale,1979,6,1979,11,None,0,186.9850842736828,91.95987751164728,0.4918032786885246
SN2008A22001,Kolda,Kolda,Niébé,Principale,1981,6,1981,11,None,0,928.7947628676376,417.4978439028787,0.4495049504950495
SN2008A22001,Kolda,Kolda,Niébé,Principale,1986,6,1986,11,None,0,2758.7963253494186,1406.373060078126,0.5097777777777778
SN2008A22001,Kolda,Kolda,Niébé,Principale,1987,6,1987,11,None,0,1425.9911672806106,436.5028852552858,0.3061049011177987
SN2008A22001,Kolda,Kolda,Niébé,Principale,1988,6,1988,11,None,0,885.2670875121246,229.2866279290405,0.2590027700831024
SN2008A22001,Kolda,Kolda,Niébé,Principale,1989,6,1989,11,None,0,1002.9757307270332,313.2766493896784,0.3123471882640586
SN2008A22001,Kolda,Kolda,Arachide (en coque),Principale,1960,6,1960,11,None,0,9145.281889568494,7041.27820571284,0.7699356116889549
SN2008A22001,Kolda,Kolda,Arachide (en coque),Principale,1961,6,1961,11,None,0,11550.504615353966,10418.10220208397,0.9019607843137256
SN2008A22001,Kolda,Kolda,Arachide (en coque),Principale,1962,6,1962,11,None,0,9512.180271467972,11414.616325761566,1.2
SN2008A22001,Kolda,Kolda,Arachide (en coque),Principale,1963,6,1963,11,None,0,10634.164582535885,13188.864426872997,1.2402351237381266
SN2008A22001,Kolda,Kolda,Arachide (en coque),Principale,1964,6,1964,11,None,0,8789.707531801714,10711.167946638245,1.2186034527183716
SN2008A22001,Kolda,Kolda,Arachide (en coque),Principale,1965,6,1965,11,None,0,9512.180271467972,11414.616325761566,1.2
SN2008A22001,Kolda,Kolda,Arachide (en coque),Principale,1966,6,1966,11,None,0,12434.231458669872,14904.227602494388,1.1986448581108156
SN2008A22001,Kolda,Kolda,Arachide (en coque),Principale,1967,6,1967,11,None,0,13545.7976675357,16254.504240077533,1.19996656077579
SN2008A22001,Kolda,Kolda,Arachide (en coque),Principale,1968,6,1968,11,None,0,10485.59338591486,11111.585439970517,1.0597002030325289
SN2008A22001,Kolda,Kolda,Arachide (en coque),Principale,1969,6,1969,11,None,0,12456.426545969964,9783.956850652772,0.7854545454545455
SN2008A22001,Kolda,Kolda,Arachide (en coque),Principale,1970,6,1970,11,None,0,12154.754543074836,11801.897951099903,0.970969665349929
SN2008A22001,Kolda,Kolda,Arachide (en coque),Principale,1971,6,1971,11,None,0,14453.984402978238,16320.183580047193,1.1291131306800375
SN2008A22001,Kolda,Kolda,Arachide (en coque),Principale,1972,6,1972,11,None,0,11739.389337887402,14576.736824576705,1.2416946405834008
SN2008A22001,Kolda,Kolda,Arachide (en coque),Principale,1973,6,1973,11,None,0,11070.818953092796,15865.86373184327,1.4331246675667937
SN2008A22001,Kolda,Kolda,Arachide (en coque),Principale,1974,6,1974,11,None,0,15115.760373293224,22382.160178764138,1.480716790027269
SN2008A22001,Kolda,Kolda,Arachide (en coque),Principale,1975,6,1975,11,None,0,22489.51192754213,23850.20666732736,1.0605035246727088
SN2008A22001,Kolda,Kolda,Arachide (en coque),Principale,1976,6,1976,11,None,0,16609.172675913695,18580.0058359688,1.1186593214792189
SN2008A22001,Kolda,Kolda,Arachide (en coque),Principale,1977,6,1977,11,None,0,16886.38478668219,12094.96369565418,0.716255364806867
SN2008A22001,Kolda,Kolda,Arachide (en coque),Principale,1978,6,1978,11,None,0,22253.972225581976,18661.08584875893,0.8385507836352534
SN2008A22001,Kolda,Kolda,Arachide (en coque),Principale,1979,6,1979,11,None,0,16080.114268433954,10434.861757800363,0.6489295774647885
SN2008A22001,Kolda,Kolda,Arachide (en coque),Principale,1980,6,1980,11,None,0,11425.940349894268,7113.298999196812,0.6225569871159563
SN2008A22001,Kolda,Kolda,Arachide (en coque),Principale,1981,6,1981,11,None,0,10997.892237678208,11885.242768716576,1.0806836902800658
SN2008A22001,Kolda,Kolda,Arachide (en coque),Principale,1982,6,1982,11,None,0,11204.895398823965,11591.724063196994,1.0345231838945708
SN2008A22001,Kolda,Kolda,Arachide (en coque),Principale,1983,6,1983,11,None,0,10520.924341208884,12746.774524732393,1.2115641279545362
SN2008A22001,Kolda,Kolda,Arachide (en coque),Principale,1984,6,1984,11,None,0,8416.467696387923,10183.921383019737,1.2099994618158338
SN2008A22001,Kolda,Kolda,Arachide (en coque),Principale,1985,6,1985,11,None,0,,8187.269447942076,
SN2008A22001,Kolda,Kolda,Arachide (en coque),Principale,1986,6,1986,11,None,0,12836.007834898066,20461.15272489292,1.5940433340390996
SN2008A22001,Kolda,Kolda,Arachide (en coque),Principale,1987,6,1987,11,None,0,16017.605655221449,25406.12758316033,1.5861376618969514
SN2008A22001,Kolda,Kolda,Arachide (en coque),Principale,1988,6,1988,11,None,0,14269.176329132575,20168.992902269256,1.4134658116944954
SN2008A22001,Kolda,Kolda,Arachide (en coque),Principale,1989,6,1989,11,None,0,16623.214465838242,24111.56514431008,1.4504754897953622
SN2008A22001,Kolda,Kolda,Maïs,Principale,1960,6,1960,11,None,0,2472.9847372481786,1978.3877897985428,0.7999999999999999
SN2008A22001,Kolda,Kolda,Maïs,Principale,1962,6,1962,11,None,0,1433.079003433185,1346.0549835654642,0.9392747924858016
SN2008A22001,Kolda,Kolda,Maïs,Principale,1963,6,1963,11,None,0,1733.5936044152422,1592.1013131195236,0.918382087396172
SN2008A22001,Kolda,Kolda,Maïs,Principale,1964,6,1964,11,None,0,1434.3311476039437,1146.9640604148517,0.7996508075076387
SN2008A22001,Kolda,Kolda,Maïs,Principale,1965,6,1965,11,None,0,1753.001839062,1402.4014712496,0.8
SN2008A22001,Kolda,Kolda,Maïs,Principale,1966,6,1966,11,None,0,2781.6382753401663,2363.422122306803,0.8496511366194012
SN2008A22001,Kolda,Kolda,Maïs,Principale,1967,6,1967,11,None,0,3567.35874249117,3800.257558252264,1.0652860652860654
SN2008A22001,Kolda,Kolda,Maïs,Principale,1968,6,1968,11,None,0,2950.6777383925737,2546.861243322934,0.8631444939528962
SN2008A22001,Kolda,Kolda,Maïs,Principale,1969,6,1969,11,None,0,2963.199180100159,3082.778948407603,1.040354954574266
SN2008A22001,Kolda,Kolda,Maïs,Principale,1970,6,1970,11,None,0,2771.621121974098,1346.0549835654642,0.4856562005873051
SN2008A22001,Kolda,Kolda,Maïs,Principale,1971,6,1971,11,None,0,2798.542221645407,1818.739408026825,0.6498881431767338
SN2008A22001,Kolda,Kolda,Maïs,Principale,1972,6,1972,11,None,0,3395.8149910972456,2312.084211305702,0.680862831858407
SN2008A22001,Kolda,Kolda,Maïs,Principale,1973,6,1973,11,None,0,2339.0053109770115,1532.6244650084914,0.6552462526766595
SN2008A22001,Kolda,Kolda,Maïs,Principale,1974,6,1974,11,None,0,2039.1167820803337,2081.063611800745,1.0205710776788457
SN2008A22001,Kolda,Kolda,Maïs,Principale,1975,6,1975,11,None,0,2611.97274020238,2162.452982900053,0.8279002876318313
SN2008A22001,Kolda,Kolda,Maïs,Principale,1976,6,1976,11,None,0,2980.72919849078,2569.3998383965886,0.8620037807183365
SN2008A22001,Kolda,Kolda,Maïs,Principale,1977,6,1977,11,None,0,2859.8972860125773,1673.490684218831,0.5851576182136603
SN2008A22001,Kolda,Kolda,Maïs,Principale,1978,6,1978,11,None,0,5153.82540684228,3552.3330124420672,0.6892614188532555
SN2008A22001,Kolda,Kolda,Maïs,Principale,1979,6,1979,11,None,0,5384.219934261857,3119.0911293596014,0.5793023255813954
SN2008A22001,Kolda,Kolda,Maïs,Principale,1980,6,1980,11,None,0,5064.923170718422,3236.792681410908,0.6390605686032138
SN2008A22001,Kolda,Kolda,Maïs,Principale,1981,6,1981,11,None,0,5778.645348050807,4674.254189441747,0.8088840736728061
SN2008A22001,Kolda,Kolda,Maïs,Principale,1982,6,1982,11,None,0,6348.370945745957,6250.703700426789,0.9846153846153846
SN2008A22001,Kolda,Kolda,Maïs,Principale,1983,6,1983,11,None,0,5868.799728345424,7042.684888431585,1.2000213356091316
SN2008A22001,Kolda,Kolda,Maïs,Principale,1984,6,1984,11,None,0,7042.058816346205,12675.45544058902,1.7999644381223332
SN2008A22001,Kolda,Kolda,Maïs,Principale,1985,6,1985,11,None,0,15103.362987689889,11373.225503000103,0.7530260321671364
SN2008A22001,Kolda,Kolda,Maïs,Principale,1986,6,1986,11,None,0,8541.501460829595,19901.579450036737,2.3299860734442577
SN2008A22001,Kolda,Kolda,Maïs,Principale,1987,6,1987,11,None,0,9145.034951135229,11280.56683436397,1.233518176216882
SN2008A22001,Kolda,Kolda,Maïs,Principale,1988,6,1988,11,None,0,9225.798250149155,11676.870464409058,1.265675895765472
SN2008A22001,Kolda,Kolda,Maïs,Principale,1989,6,1989,11,None,0,9813.679938320303,13242.676749942651,1.3494098883572567
SN2008A22001,Kolda,Kolda,Mil,Principale,1960,6,1960,11,None,0,8399.98567106554,8399.98567106554,1.0
SN2008A22001,Kolda,Kolda,Mil,Principale,1961,6,1961,11,None,0,8894.102475245867,7115.281980196693,0.7999999999999999
SN2008A22001,Kolda,Kolda,Mil,Principale,1962,6,1962,11,None,0,6916.152908112023,6996.199830389235,1.0115739086947202
SN2008A22001,Kolda,Kolda,Mil,Principale,1963,6,1963,11,None,0,8672.2440301689,9258.760676730948,1.067631473990086
SN2008A22001,Kolda,Kolda,Mil,Principale,1964,6,1964,11,None,0,7597.045864272512,7597.045864272512,1.0
SN2008A22001,Kolda,Kolda,Mil,Principale,1965,6,1965,11,None,0,7905.868866885215,6719.988536852433,0.8500000000000001
SN2008A22001,Kolda,Kolda,Mil,Principale,1966,6,1966,11,None,0,9711.865786164306,10338.40589386496,1.0645128466039175
SN2008A22001,Kolda,Kolda,Mil,Principale,1967,6,1967,11,None,0,10068.124001978322,11002.498878683318,1.0928052610914802
SN2008A22001,Kolda,Kolda,Mil,Principale,1968,6,1968,11,None,0,9593.277753161028,9141.16087733603,0.9528714911151172
SN2008A22001,Kolda,Kolda,Mil,Principale,1969,6,1969,11,None,0,11109.722225190448,10957.040132698728,0.9862568937911405
SN2008A22001,Kolda,Kolda,Mil,Principale,1970,6,1970,11,None,0,12056.450021999954,9002.314055361358,0.7466803278688523
SN2008A22001,Kolda,Kolda,Mil,Principale,1971,6,1971,11,None,0,11764.92110753356,10287.511863034386,0.874422511549769
SN2008A22001,Kolda,Kolda,Mil,Principale,1972,6,1972,11,None,0,15603.220442406331,11895.862060641348,0.7623978719361582
SN2008A22001,Kolda,Kolda,Mil,Principale,1973,6,1973,11,None,0,5128.932427391784,4109.569460367771,0.801252408477842
SN2008A22001,Kolda,Kolda,Mil,Principale,1974,6,1974,11,None,0,4763.285992298342,4039.404874174165,0.8480290456431536
SN2008A22001,Kolda,Kolda,Mil,Principale,1975,6,1975,11,None,0,5155.614734817521,6095.4248963685,1.1822886716503738
SN2008A22001,Kolda,Kolda,Mil,Principale,1976,6,1976,11,None,0,6004.507404399321,3946.5109149882633,0.657258064516129
SN2008A22001,Kolda,Kolda,Mil,Principale,1977,6,1977,11,None,0,11567.27438586143,7776.90438099415,0.6723195215719778
SN2008A22001,Kolda,Kolda,Mil,Principale,1978,6,1978,11,None,0,5257.402796478668,4240.016296671377,0.806484962406015
SN2008A22001,Kolda,Kolda,Mil,Principale,1979,6,1979,11,None,0,15391.738450217154,9252.337158276605,0.6011235955056181
SN2008A22001,Kolda,Kolda,Mil,Principale,1980,6,1980,11,None,0,19890.67195227902,9808.21856297947,0.4931064464041734
SN2008A22001,Kolda,Kolda,Mil,Principale,1981,6,1981,11,None,0,20767.7292796991,19656.954703901727,0.9465143944801332
SN2008A22001,Kolda,Kolda,Mil,Principale,1982,6,1982,11,None,0,9727.183407093897,9881.347849998156,1.0158488265772627
SN2008A22001,Kolda,Kolda,Mil,Principale,1983,6,1983,11,None,0,8679.655782231606,6943.823449146121,0.8000113856313332
SN2008A22001,Kolda,Kolda,Mil,Principale,1984,6,1984,11,None,0,9544.360189547177,11453.133404095775,1.199989645889418
SN2008A22001,Kolda,Kolda,Mil,Principale,1985,6,1985,11,None,0,,7250.175867737922,
SN2008A22001,Kolda,Kolda,Mil,Principale,1986,6,1986,11,None,0,7894.998297193248,7410.763829096529,0.9386656652897736
SN2008A22001,Kolda,Kolda,Mil,Principale,1987,6,1987,11,None,0,6546.553538585138,6095.919013172681,0.9311646161974488
SN2008A22001,Kolda,Kolda,Mil,Principale,1988,6,1988,11,None,0,6693.800346230875,6708.129733552105,1.0021406953569056
SN2008A22001,Kolda,Kolda,Mil,Principale,1989,6,1989,11,None,0,8201.84483258923,8505.23255035595,1.0369901801313333
SN2008A22001,Kolda,Kolda,Riz,Principale,1960,6,1960,11,None,0,4418.140825044508,4418.140825044508,1.0
SN2008A22001,Kolda,Kolda,Riz,Principale,1961,6,1961,11,None,0,3720.539642142744,3720.539642142744,1.0
SN2008A22001,Kolda,Kolda,Riz,Principale,1962,6,1962,11,None,0,3706.587618484709,4162.353724647194,1.1229611041405267
SN2008A22001,Kolda,Kolda,Riz,Principale,1963,6,1963,11,None,0,3314.3807312088275,3659.3057605324775,1.104069223573433
SN2008A22001,Kolda,Kolda,Riz,Principale,1964,6,1964,11,None,0,6134.239734982849,6446.61004243775,1.0509224159716957
SN2008A22001,Kolda,Kolda,Riz,Principale,1965,6,1965,11,None,0,4650.67455267843,4650.67455267843,1.0
SN2008A22001,Kolda,Kolda,Riz,Principale,1966,6,1966,11,None,0,4263.118339955227,4476.274256952988,1.0499999999999998
SN2008A22001,Kolda,Kolda,Riz,Principale,1967,6,1967,11,None,0,7373.64450327165,8310.755425636353,1.127089246294544
SN2008A22001,Kolda,Kolda,Riz,Principale,1968,6,1968,11,None,0,9131.599484184097,7946.452585676543,0.8702147525676938
SN2008A22001,Kolda,Kolda,Riz,Principale,1969,6,1969,11,None,0,9953.993767582731,8312.305650487246,0.8350724186263822
SN2008A22001,Kolda,Kolda,Riz,Principale,1970,6,1970,11,None,0,10005.151187662195,6340.419640151592,0.6337155252556553
SN2008A22001,Kolda,Kolda,Riz,Principale,1971,6,1971,11,None,0,10200.479518874688,12258.403008434894,1.2017477203647418
SN2008A22001,Kolda,Kolda,Riz,Principale,1972,6,1972,11,None,0,5251.386682399393,2315.2608148084114,0.4408856088560886
SN2008A22001,Kolda,Kolda,Riz,Principale,1973,6,1973,11,None,0,5255.262244526625,4734.386694626641,0.9008849557522124
SN2008A22001,Kolda,Kolda,Riz,Principale,1974,6,1974,11,None,0,6602.407639952477,7162.038811124781,1.0847616811458087
SN2008A22001,Kolda,Kolda,Riz,Principale,1975,6,1975,11,None,0,7535.643000189949,7116.307178023443,0.944353013783172
SN2008A22001,Kolda,Kolda,Riz,Principale,1976,6,1976,11,None,0,6855.869403073451,6414.830432994447,0.9356698699830412
SN2008A22001,Kolda,Kolda,Riz,Principale,1977,6,1977,11,None,0,5395.557593532424,4170.104848901658,0.7728774601350381
SN2008A22001,Kolda,Kolda,Riz,Principale,1978,6,1978,11,None,0,6379.175261423912,8016.212703966719,1.256622114216282
SN2008A22001,Kolda,Kolda,Riz,Principale,1979,6,1979,11,None,0,6045.876918481959,4836.701534785567,0.8
SN2008A22001,Kolda,Kolda,Riz,Principale,1980,6,1980,11,None,0,7879.017804662706,4635.172304169501,0.588293162813576
SN2008A22001,Kolda,Kolda,Riz,Principale,1981,6,1981,11,None,0,6995.389639653804,7727.095769275211,1.1045983379501385
SN2008A22001,Kolda,Kolda,Riz,Principale,1982,6,1982,11,None,0,5073.11082454672,6197.023841444007,1.2215431627196334
SN2008A22001,Kolda,Kolda,Riz,Principale,1983,6,1983,11,None,0,5073.11082454672,6087.732989456064,1.2
SN2008A22001,Kolda,Kolda,Riz,Principale,1984,6,1984,11,None,0,5115.742007946273,6138.890409535527,1.2
SN2008A22001,Kolda,Kolda,Riz,Principale,1985,6,1985,11,None,0,5101.014871862791,6121.06282375026,1.1999696094818415
SN2008A22001,Kolda,Kolda,Riz,Principale,1986,6,1986,11,None,0,6059.053829714547,7026.394136671661,1.1596520404247157
SN2008A22001,Kolda,Kolda,Riz,Principale,1987,6,1987,11,None,0,6295.4631194757,6221.827439058292,0.988303373553312
SN2008A22001,Kolda,Kolda,Riz,Principale,1988,6,1988,11,None,0,4870.031369079762,4911.887440053868,1.0085946204042655
SN2008A22001,Kolda,Kolda,Riz,Principale,1989,6,1989,11,None,0,4257.692552977102,4477.049369378435,1.051520116511924
SN2008A22001,Kolda,Kolda,Sorgho,Principale,1982,6,1982,11,None,0,14287.33224510724,13964.615350605034,0.9774123755949804
SN2008A22001,Kolda,Kolda,Sorgho,Principale,1983,6,1983,11,None,0,11959.69027614018,9094.186816336109,0.7604032049625226
SN2008A22001,Kolda,Kolda,Sorgho,Principale,1984,6,1984,11,None,0,13155.350187954866,17101.522482222263,1.29996710371728
SN2008A22001,Kolda,Kolda,Sorgho,Principale,1985,6,1985,11,None,0,13575.747675045865,13415.007459393422,0.9881597522655856
SN2008A22001,Kolda,Kolda,Sorgho,Principale,1986,6,1986,11,None,0,16510.493073900212,19652.346058306743,1.1902943158840709
SN2008A22001,Kolda,Kolda,Sorgho,Principale,1987,6,1987,11,None,0,12859.217252195178,5131.322268904807,0.3990384615384615
SN2008A22001,Kolda,Kolda,Sorgho,Principale,1988,6,1988,11,None,0,16401.06608093682,15550.379401176218,0.9481322326510612
SN2008A22001,Kolda,Kolda,Sorgho,Principale,1989,6,1989,11,None,0,17764.266755989243,17720.99054408282,0.9975638616273406
SN2008A22002,Kolda,Velingara,Niébé,Principale,1962,6,1962,11,None,0,3745.0,1139.0,0.3041388518024032
SN2008A22002,Kolda,Velingara,Niébé,Principale,1963,6,1963,11,None,0,3669.0,670.0,0.1826110656854729
SN2008A22002,Kolda,Velingara,Niébé,Principale,1964,6,1964,11,None,0,1100.0,330.0,0.3
SN2008A22002,Kolda,Velingara,Niébé,Principale,1965,6,1965,11,None,0,5300.0,530.0,0.1
SN2008A22002,Kolda,Velingara,Niébé,Principale,1966,6,1966,11,None,0,1119.0,322.0,0.2877569258266309
SN2008A22002,Kolda,Velingara,Niébé,Principale,1967,6,1967,11,None,0,4417.0,1154.0,0.2612633008829522
SN2008A22002,Kolda,Velingara,Niébé,Principale,1968,6,1968,11,None,0,3661.0,700.0,0.1912045889101338
SN2008A22002,Kolda,Velingara,Niébé,Principale,1969,6,1969,11,None,0,3955.0,1080.0,0.2730720606826801
SN2008A22002,Kolda,Velingara,Niébé,Principale,1970,6,1970,11,None,1,1007.0,1154.0,1.1459781529294937
SN2008A22002,Kolda,Velingara,Niébé,Principale,1971,6,1971,11,None,0,1056.0,195.0,0.1846590909090909
SN2008A22002,Kolda,Velingara,Niébé,Principale,1973,6,1973,11,None,0,5290.0,1222.0,0.2310018903591682
SN2008A22002,Kolda,Velingara,Niébé,Principale,1974,6,1974,11,None,0,7884.0,2006.0,0.254439370877727
SN2008A22002,Kolda,Velingara,Niébé,Principale,1975,6,1975,11,None,0,3993.0,1822.0,0.4562985224142249
SN2008A22002,Kolda,Velingara,Niébé,Principale,1976,6,1976,11,None,0,4596.0,1540.0,0.3350739773716275
SN2008A22002,Kolda,Velingara,Niébé,Principale,1977,6,1977,11,None,0,6055.0,686.0,0.1132947976878612
SN2008A22002,Kolda,Velingara,Niébé,Principale,1978,6,1978,11,None,0,995.0,328.0,0.3296482412060301
SN2008A22002,Kolda,Velingara,Niébé,Principale,1979,6,1979,11,None,0,1666.0,329.0,0.1974789915966386
SN2008A22002,Kolda,Velingara,Niébé,Principale,1980,6,1980,11,None,0,2820.0,795.0,0.2819148936170212
SN2008A22002,Kolda,Velingara,Niébé,Principale,1981,6,1981,11,None,0,3433.0,947.0,0.2758520244683949
SN2008A22002,Kolda,Velingara,Niébé,Principale,1982,6,1982,11,None,0,766.0,205.0,0.2676240208877284
SN2008A22002,Kolda,Velingara,Niébé,Principale,1983,6,1983,11,None,0,351.0,84.0,0.2393162393162393
SN2008A22002,Kolda,Velingara,Niébé,Principale,1984,6,1984,11,None,0,1250.0,325.0,0.26
SN2008A22002,Kolda,Velingara,Niébé,Principale,1986,6,1986,11,None,0,990.0,151.0,0.1525252525252525
SN2008A22002,Kolda,Velingara,Niébé,Principale,1987,6,1987,11,None,0,1280.0,258.0,0.2015625
SN2008A22002,Kolda,Velingara,Niébé,Principale,1988,6,1988,11,None,0,3850.0,1809.0,0.4698701298701299
SN2008A22002,Kolda,Velingara,Niébé,Principale,1989,6,1989,11,None,0,3272.0,806.0,0.2463325183374083
SN2008A22002,Kolda,Velingara,Arachide (en coque),Principale,1960,6,1960,11,None,0,19983.0,17386.0,0.870039533603563
SN2008A22002,Kolda,Velingara,Arachide (en coque),Principale,1961,6,1961,11,None,0,22200.0,20000.0,0.9009009009009008
SN2008A22002,Kolda,Velingara,Arachide (en coque),Principale,1962,6,1962,11,None,0,14965.0,15511.0,1.0364851319746071
SN2008A22002,Kolda,Velingara,Arachide (en coque),Principale,1963,6,1963,11,None,0,15526.0,13973.0,0.8999742367641376
SN2008A22002,Kolda,Velingara,Arachide (en coque),Principale,1964,6,1964,11,None,0,15656.0,15656.0,1.0
SN2008A22002,Kolda,Velingara,Arachide (en coque),Principale,1965,6,1965,11,None,0,17000.0,17850.0,1.05
SN2008A22002,Kolda,Velingara,Arachide (en coque),Principale,1966,6,1966,11,None,0,13228.0,13228.0,1.0
SN2008A22002,Kolda,Velingara,Arachide (en coque),Principale,1967,6,1967,11,None,0,18540.0,20390.0,1.099784250269687
SN2008A22002,Kolda,Velingara,Arachide (en coque),Principale,1968,6,1968,11,None,0,16420.0,16420.0,1.0
SN2008A22002,Kolda,Velingara,Arachide (en coque),Principale,1969,6,1969,11,None,0,18000.0,14700.0,0.8166666666666667
SN2008A22002,Kolda,Velingara,Arachide (en coque),Principale,1970,6,1970,11,None,0,13866.0,16438.0,1.185489687004183
SN2008A22002,Kolda,Velingara,Arachide (en coque),Principale,1971,6,1971,11,None,0,16855.0,18140.0,1.07623850489469
SN2008A22002,Kolda,Velingara,Arachide (en coque),Principale,1972,6,1972,11,None,0,16175.0,19700.0,1.2179289026275115
SN2008A22002,Kolda,Velingara,Arachide (en coque),Principale,1973,6,1973,11,None,0,13220.0,13608.0,1.0293494704992436
SN2008A22002,Kolda,Velingara,Arachide (en coque),Principale,1974,6,1974,11,None,0,12225.0,12212.0,0.9989366053169734
SN2008A22002,Kolda,Velingara,Arachide (en coque),Principale,1975,6,1975,11,None,0,13271.0,12740.0,0.9599879436365006
SN2008A22002,Kolda,Velingara,Arachide (en coque),Principale,1976,6,1976,11,None,0,12816.0,12980.0,1.0127965043695382
SN2008A22002,Kolda,Velingara,Arachide (en coque),Principale,1977,6,1977,11,None,0,10914.0,8592.0,0.7872457394172623
SN2008A22002,Kolda,Velingara,Arachide (en coque),Principale,1978,6,1978,11,None,0,13211.0,12809.0,0.969570812201953
SN2008A22002,Kolda,Velingara,Arachide (en coque),Principale,1979,6,1979,11,None,0,14137.0,10298.0,0.7284430925939025
SN2008A22002,Kolda,Velingara,Arachide (en coque),Principale,1980,6,1980,11,None,0,9586.0,4048.0,0.4222824953056541
SN2008A22002,Kolda,Velingara,Arachide (en coque),Principale,1981,6,1981,11,None,0,8906.0,8861.0,0.9949472265888164
SN2008A22002,Kolda,Velingara,Arachide (en coque),Principale,1982,6,1982,11,None,0,5656.0,8844.0,1.5636492220650635
SN2008A22002,Kolda,Velingara,Arachide (en coque),Principale,1983,6,1983,11,None,0,9338.0,10803.0,1.1568858427928892
SN2008A22002,Kolda,Velingara,Arachide (en coque),Principale,1984,6,1984,11,None,0,7470.0,8635.0,1.1559571619812583
SN2008A22002,Kolda,Velingara,Arachide (en coque),Principale,1985,6,1985,11,None,0,,11946.0,
SN2008A22002,Kolda,Velingara,Arachide (en coque),Principale,1986,6,1986,11,None,0,10458.0,12742.0,1.2183973991202908
SN2008A22002,Kolda,Velingara,Arachide (en coque),Principale,1987,6,1987,11,None,0,10979.0,11262.0,1.025776482375444
SN2008A22002,Kolda,Velingara,Arachide (en coque),Principale,1988,6,1988,11,None,0,12077.0,11612.0,0.9614970605282768
SN2008A22002,Kolda,Velingara,Arachide (en coque),Principale,1989,6,1989,11,None,0,12077.0,14853.0,1.2298584085451685
SN2008A22002,Kolda,Velingara,Maïs,Principale,1960,6,1960,11,None,0,2720.0,2176.0,0.8
SN2008A22002,Kolda,Velingara,Maïs,Principale,1962,6,1962,11,None,0,2730.0,2184.0,0.8
SN2008A22002,Kolda,Velingara,Maïs,Principale,1963,6,1963,11,None,0,197.0,115.0,0.583756345177665
SN2008A22002,Kolda,Velingara,Maïs,Principale,1964,6,1964,11,None,0,1757.0,1142.0,0.6499715424018213
SN2008A22002,Kolda,Velingara,Maïs,Principale,1965,6,1965,11,None,0,5000.0,3250.0,0.65
SN2008A22002,Kolda,Velingara,Maïs,Principale,1966,6,1966,11,None,0,2031.0,1320.0,0.6499261447562777
SN2008A22002,Kolda,Velingara,Maïs,Principale,1967,6,1967,11,None,0,1738.0,1667.3,0.9593210586881472
SN2008A22002,Kolda,Velingara,Maïs,Principale,1968,6,1968,11,None,0,1113.0,826.3,0.7424079065588499
SN2008A22002,Kolda,Velingara,Maïs,Principale,1969,6,1969,11,None,0,1658.0,1590.3,0.959167671893848
SN2008A22002,Kolda,Velingara,Maïs,Principale,1970,6,1970,11,None,0,1212.0,958.1,0.7905115511551155
SN2008A22002,Kolda,Velingara,Maïs,Principale,1971,6,1971,11,None,0,979.0,906.5,0.9259448416751788
SN2008A22002,Kolda,Velingara,Maïs,Principale,1972,6,1972,11,None,0,2942.0,2491.0,0.8467029231815092
SN2008A22002,Kolda,Velingara,Maïs,Principale,1973,6,1973,11,None,0,3478.0,5981.0,1.719666474985624
SN2008A22002,Kolda,Velingara,Maïs,Principale,1974,6,1974,11,None,0,5516.0,6895.0,1.25
SN2008A22002,Kolda,Velingara,Maïs,Principale,1975,6,1975,11,None,0,4475.0,6328.0,1.414078212290503
SN2008A22002,Kolda,Velingara,Maïs,Principale,1976,6,1976,11,None,0,5850.0,9446.0,1.6147008547008548
SN2008A22002,Kolda,Velingara,Maïs,Principale,1977,6,1977,11,None,0,5154.0,4420.0,0.8575863407062476
SN2008A22002,Kolda,Velingara,Maïs,Principale,1978,6,1978,11,None,0,6261.0,6620.0,1.057339083213544
SN2008A22002,Kolda,Velingara,Maïs,Principale,1979,6,1979,11,None,0,6946.0,9373.0,1.3494097322199827
SN2008A22002,Kolda,Velingara,Maïs,Principale,1980,6,1980,11,None,0,6470.0,8407.0,1.2993817619783616
SN2008A22002,Kolda,Velingara,Maïs,Principale,1981,6,1981,11,None,0,8068.0,8466.0,1.0493306891422904
SN2008A22002,Kolda,Velingara,Maïs,Principale,1982,6,1982,11,None,0,7253.0,6111.0,0.8425479112091548
SN2008A22002,Kolda,Velingara,Maïs,Principale,1983,6,1983,11,None,0,9121.0,6803.0,0.745861199429887
SN2008A22002,Kolda,Velingara,Maïs,Principale,1984,6,1984,11,None,0,10946.0,16419.0,1.5
SN2008A22002,Kolda,Velingara,Maïs,Principale,1985,6,1985,11,None,0,14061.0,13651.0,0.9708413341867576
SN2008A22002,Kolda,Velingara,Maïs,Principale,1986,6,1986,11,None,0,10715.0,12971.0,1.2105459636024265
SN2008A22002,Kolda,Velingara,Maïs,Principale,1987,6,1987,11,None,0,11761.0,13910.0,1.1827225576056457
SN2008A22002,Kolda,Velingara,Maïs,Principale,1988,6,1988,11,None,0,11350.0,11074.0,0.97568281938326
SN2008A22002,Kolda,Velingara,Maïs,Principale,1989,6,1989,11,None,0,7829.0,9538.0,1.2182909694724742
SN2008A22002,Kolda,Velingara,Mil,Principale,1960,6,1960,11,None,0,11000.0,9900.0,0.9
SN2008A22002,Kolda,Velingara,Mil,Principale,1961,6,1961,11,None,0,12000.0,9600.0,0.8
SN2008A22002,Kolda,Velingara,Mil,Principale,1962,6,1962,11,None,0,10700.0,10051.0,0.9393457943925234
SN2008A22002,Kolda,Velingara,Mil,Principale,1963,6,1963,11,None,0,9374.0,7628.0,0.8137401322807766
SN2008A22002,Kolda,Velingara,Mil,Principale,1964,6,1964,11,None,0,15000.0,9750.0,0.65
SN2008A22002,Kolda,Velingara,Mil,Principale,1965,6,1965,11,None,0,20000.0,16000.0,0.8
SN2008A22002,Kolda,Velingara,Mil,Principale,1966,6,1966,11,None,0,11081.0,9159.0,0.8265499503654905
SN2008A22002,Kolda,Velingara,Mil,Principale,1967,6,1967,11,None,0,25200.0,23205.0,0.9208333333333332
SN2008A22002,Kolda,Velingara,Mil,Principale,1968,6,1968,11,None,0,24860.0,21339.0,0.8583668543845535
SN2008A22002,Kolda,Velingara,Mil,Principale,1969,6,1969,11,None,0,28599.0,35506.0,1.2415119409769573
SN2008A22002,Kolda,Velingara,Mil,Principale,1970,6,1970,11,None,0,28814.0,32342.0,1.1224404803220656
SN2008A22002,Kolda,Velingara,Mil,Principale,1971,6,1971,11,None,0,21555.0,22905.0,1.0626304801670146
SN2008A22002,Kolda,Velingara,Mil,Principale,1972,6,1972,11,None,0,18707.0,19981.0,1.068102849200834
SN2008A22002,Kolda,Velingara,Mil,Principale,1973,6,1973,11,None,0,7909.0,8012.0,1.0130231381969907
SN2008A22002,Kolda,Velingara,Mil,Principale,1974,6,1974,11,None,0,9400.0,9538.0,1.01468085106383
SN2008A22002,Kolda,Velingara,Mil,Principale,1975,6,1975,11,None,0,4898.0,7481.0,1.527358105349122
SN2008A22002,Kolda,Velingara,Mil,Principale,1976,6,1976,11,None,0,4838.0,4403.0,0.910086812732534
SN2008A22002,Kolda,Velingara,Mil,Principale,1977,6,1977,11,None,0,19573.0,15157.0,0.7743830787309048
SN2008A22002,Kolda,Velingara,Mil,Principale,1978,6,1978,11,None,0,18223.0,18117.0,0.9941831751083796
SN2008A22002,Kolda,Velingara,Mil,Principale,1979,6,1979,11,None,0,22857.0,20515.0,0.8975368596053726
SN2008A22002,Kolda,Velingara,Mil,Principale,1980,6,1980,11,None,0,18027.0,13018.0,0.7221390137016697
SN2008A22002,Kolda,Velingara,Mil,Principale,1981,6,1981,11,None,0,13640.0,12740.0,0.9340175953079178
SN2008A22002,Kolda,Velingara,Mil,Principale,1982,6,1982,11,None,0,2908.0,3388.0,1.1650618982118297
SN2008A22002,Kolda,Velingara,Mil,Principale,1983,6,1983,11,None,0,4908.0,3092.0,0.6299918500407498
SN2008A22002,Kolda,Velingara,Mil,Principale,1984,6,1984,11,None,0,5398.0,6478.0,1.2000741015190812
SN2008A22002,Kolda,Velingara,Mil,Principale,1985,6,1985,11,None,0,,22735.0,
SN2008A22002,Kolda,Velingara,Mil,Principale,1986,6,1986,11,None,0,6434.0,5340.0,0.8299658066521604
SN2008A22002,Kolda,Velingara,Mil,Principale,1987,6,1987,11,None,0,7076.0,5791.0,0.81840022611645
SN2008A22002,Kolda,Velingara,Mil,Principale,1988,6,1988,11,None,0,7429.0,5268.0,0.7091129357921658
SN2008A22002,Kolda,Velingara,Mil,Principale,1989,6,1989,11,None,0,6688.0,5800.0,0.8672248803827751
SN2008A22002,Kolda,Velingara,Riz,Principale,1960,6,1960,11,None,0,1100.0,990.0,0.9
SN2008A22002,Kolda,Velingara,Riz,Principale,1961,6,1961,11,None,0,900.0,810.0,0.9
SN2008A22002,Kolda,Velingara,Riz,Principale,1962,6,1962,11,None,0,1138.0,1023.0,0.8989455184534271
SN2008A22002,Kolda,Velingara,Riz,Principale,1963,6,1963,11,None,0,1150.0,1265.0,1.1
SN2008A22002,Kolda,Velingara,Riz,Principale,1964,6,1964,11,None,0,2332.0,2799.0,1.2002572898799313
SN2008A22002,Kolda,Velingara,Riz,Principale,1965,6,1965,11,None,0,3000.0,3600.0,1.2
SN2008A22002,Kolda,Velingara,Riz,Principale,1966,6,1966,11,None,0,3500.0,4200.0,1.2
SN2008A22002,Kolda,Velingara,Riz,Principale,1967,6,1967,11,None,0,4800.0,6000.0,1.25
SN2008A22002,Kolda,Velingara,Riz,Principale,1968,6,1968,11,None,0,2550.0,1275.0,0.5
SN2008A22002,Kolda,Velingara,Riz,Principale,1969,6,1969,11,None,0,3178.0,5871.0,1.8473882945248583
SN2008A22002,Kolda,Velingara,Riz,Principale,1970,6,1970,11,None,0,4171.0,3272.0,0.7844641572764325
SN2008A22002,Kolda,Velingara,Riz,Principale,1971,6,1971,11,None,0,1580.0,2285.0,1.4462025316455696
SN2008A22002,Kolda,Velingara,Riz,Principale,1972,6,1972,11,None,0,1526.0,1373.0,0.8997378768020969
SN2008A22002,Kolda,Velingara,Riz,Principale,1973,6,1973,11,None,0,2173.0,2604.0,1.198343304187759
SN2008A22002,Kolda,Velingara,Riz,Principale,1974,6,1974,11,None,0,2640.0,2957.0,1.1200757575757576
SN2008A22002,Kolda,Velingara,Riz,Principale,1975,6,1975,11,None,0,2695.0,3881.0,1.440074211502783
SN2008A22002,Kolda,Velingara,Riz,Principale,1976,6,1976,11,None,0,2971.0,3120.0,1.0501514641534837
SN2008A22002,Kolda,Velingara,Riz,Principale,1977,6,1977,11,None,0,2517.0,1860.0,0.7389749702026222
SN2008A22002,Kolda,Velingara,Riz,Principale,1978,6,1978,11,None,0,5946.0,5415.0,0.9106962663975782
SN2008A22002,Kolda,Velingara,Riz,Principale,1979,6,1979,11,None,0,8204.0,4168.0,0.5080448561677231
SN2008A22002,Kolda,Velingara,Riz,Principale,1980,6,1980,11,None,0,5288.0,2380.0,0.4500756429652042
SN2008A22002,Kolda,Velingara,Riz,Principale,1981,6,1981,11,None,0,5602.0,7248.0,1.29382363441628
SN2008A22002,Kolda,Velingara,Riz,Principale,1982,6,1982,11,None,0,3553.0,6331.0,1.781874472276949
SN2008A22002,Kolda,Velingara,Riz,Principale,1983,6,1983,11,None,0,3516.0,2438.0,0.6934015927189988
SN2008A22002,Kolda,Velingara,Riz,Principale,1984,6,1984,11,None,0,3500.0,3500.0,1.0
SN2008A22002,Kolda,Velingara,Riz,Principale,1985,6,1985,11,None,0,3805.0,4756.0,1.249934296977661
SN2008A22002,Kolda,Velingara,Riz,Principale,1986,6,1986,11,None,0,5287.0,6794.0,1.2850387743521845
SN2008A22002,Kolda,Velingara,Riz,Principale,1987,6,1987,11,None,0,6524.0,7028.0,1.0772532188841202
SN2008A22002,Kolda,Velingara,Riz,Principale,1988,6,1988,11,None,0,6189.0,5944.0,0.9604136370980773
SN2008A22002,Kolda,Velingara,Riz,Principale,1989,6,1989,11,None,0,7425.0,8448.0,1.1377777777777778
SN2008A22002,Kolda,Velingara,Sorgho,Principale,1982,6,1982,11,None,0,7593.0,9582.0,1.2619517977084156
SN2008A22002,Kolda,Velingara,Sorgho,Principale,1983,6,1983,11,None,0,7573.0,4670.0,0.6166644658655751
SN2008A22002,Kolda,Velingara,Sorgho,Principale,1984,6,1984,11,None,0,8330.0,9996.0,1.2
SN2008A22002,Kolda,Velingara,Sorgho,Principale,1986,6,1986,11,None,0,11152.0,10701.0,0.9595588235294118
SN2008A22002,Kolda,Velingara,Sorgho,Principale,1987,6,1987,11,None,0,9000.0,5500.0,0.6111111111111112
SN2008A22002,Kolda,Velingara,Sorgho,Principale,1988,6,1988,11,None,0,12878.0,10814.0,0.8397266656313092
SN2008A22002,Kolda,Velingara,Sorgho,Principale,1989,6,1989,11,None,0,15452.0,12293.0,0.7955604452498058
SN2008A22003,Kolda,Medina Yoro Foulah,Niébé,Principale,1963,6,1963,11,None,0,328.89402743399864,98.6682082301996,0.3
SN2008A22003,Kolda,Medina Yoro Foulah,Niébé,Principale,1964,6,1964,11,None,0,348.2407349301162,104.47222047903487,0.3
SN2008A22003,Kolda,Medina Yoro Foulah,Niébé,Principale,1965,6,1965,11,None,0,348.2407349301162,104.47222047903487,0.3
SN2008A22003,Kolda,Medina Yoro Foulah,Niébé,Principale,1966,6,1966,11,None,0,203.14042870923447,66.16573963672208,0.3257142857142857
SN2008A22003,Kolda,Medina Yoro Foulah,Niébé,Principale,1967,6,1967,11,None,0,201.2057579596227,65.77880548679973,0.3269230769230769
SN2008A22003,Kolda,Medina Yoro Foulah,Niébé,Principale,1968,6,1968,11,None,0,170.2510259658346,51.46224193967273,0.3022727272727272
SN2008A22003,Kolda,Medina Yoro Foulah,Niébé,Principale,1969,6,1969,11,None,0,112.21090347748188,33.66327104324457,0.3
SN2008A22003,Kolda,Medina Yoro Foulah,Niébé,Principale,1970,6,1970,11,None,0,108.34156197825838,21.668312395651675,0.1999999999999999
SN2008A22003,Kolda,Medina Yoro Foulah,Niébé,Principale,1971,6,1971,11,None,0,65.77880548679973,24.763785595030487,0.3764705882352941
SN2008A22003,Kolda,Medina Yoro Foulah,Niébé,Principale,1972,6,1972,11,None,0,27.8592587944093,11.22109034774819,0.4027777777777777
SN2008A22003,Kolda,Medina Yoro Foulah,Niébé,Principale,1973,6,1973,11,None,0,1.9346707496117568,0.3869341499223513,0.1999999999999999
SN2008A22003,Kolda,Medina Yoro Foulah,Niébé,Principale,1977,6,1977,11,None,0,15.864300146816406,3.095473199378811,0.1951219512195122
SN2008A22003,Kolda,Medina Yoro Foulah,Niébé,Principale,1978,6,1978,11,None,0,62.68333228742093,18.959773346195217,0.3024691358024691
SN2008A22003,Kolda,Medina Yoro Foulah,Niébé,Principale,1979,6,1979,11,None,0,118.01491572631716,58.04012248835271,0.4918032786885246
SN2008A22003,Kolda,Medina Yoro Foulah,Niébé,Principale,1981,6,1981,11,None,0,586.2052371323623,263.50215609712126,0.4495049504950494
SN2008A22003,Kolda,Medina Yoro Foulah,Niébé,Principale,1986,6,1986,11,None,0,1741.2036746505812,887.626939921874,0.5097777777777778
SN2008A22003,Kolda,Medina Yoro Foulah,Niébé,Principale,1987,6,1987,11,None,0,900.0088327193893,275.49711474471417,0.3061049011177988
SN2008A22003,Kolda,Medina Yoro Foulah,Niébé,Principale,1988,6,1988,11,None,0,558.7329124878754,144.71337207095942,0.2590027700831025
SN2008A22003,Kolda,Medina Yoro Foulah,Niébé,Principale,1989,6,1989,11,None,0,633.0242692729669,197.72335061032155,0.3123471882640586
SN2008A22003,Kolda,Medina Yoro Foulah,Arachide (en coque),Principale,1960,6,1960,11,None,0,11044.718110431506,8503.721794287161,0.7699356116889551
SN2008A22003,Kolda,Medina Yoro Foulah,Arachide (en coque),Principale,1961,6,1961,11,None,0,13949.495384646034,12581.89779791603,0.9019607843137254
SN2008A22003,Kolda,Medina Yoro Foulah,Arachide (en coque),Principale,1962,6,1962,11,None,0,11487.819728532028,13785.383674238434,1.2
SN2008A22003,Kolda,Medina Yoro Foulah,Arachide (en coque),Principale,1963,6,1963,11,None,0,12842.835417464115,15928.135573127003,1.2402351237381266
SN2008A22003,Kolda,Medina Yoro Foulah,Arachide (en coque),Principale,1964,6,1964,11,None,0,10615.292468198286,12935.832053361755,1.2186034527183716
SN2008A22003,Kolda,Medina Yoro Foulah,Arachide (en coque),Principale,1965,6,1965,11,None,0,11487.819728532028,13785.383674238434,1.2
SN2008A22003,Kolda,Medina Yoro Foulah,Arachide (en coque),Principale,1966,6,1966,11,None,0,15016.768541330128,17999.77239750561,1.1986448581108156
SN2008A22003,Kolda,Medina Yoro Foulah,Arachide (en coque),Principale,1967,6,1967,11,None,0,16359.2023324643,19630.49575992247,1.19996656077579
SN2008A22003,Kolda,Medina Yoro Foulah,Arachide (en coque),Principale,1968,6,1968,11,None,0,12663.40661408514,13419.414560029483,1.0597002030325282
SN2008A22003,Kolda,Medina Yoro Foulah,Arachide (en coque),Principale,1969,6,1969,11,None,0,15043.573454030036,11816.043149347228,0.7854545454545454
SN2008A22003,Kolda,Medina Yoro Foulah,Arachide (en coque),Principale,1970,6,1970,11,None,0,14679.245456925164,14253.102048900097,0.9709696653499292
SN2008A22003,Kolda,Medina Yoro Foulah,Arachide (en coque),Principale,1971,6,1971,11,None,0,17456.015597021764,19709.816419952807,1.1291131306800375
SN2008A22003,Kolda,Medina Yoro Foulah,Arachide (en coque),Principale,1972,6,1972,11,None,0,14177.610662112598,17604.263175423293,1.2416946405834008
SN2008A22003,Kolda,Medina Yoro Foulah,Arachide (en coque),Principale,1973,6,1973,11,None,0,13370.181046907204,19161.13626815673,1.4331246675667937
SN2008A22003,Kolda,Medina Yoro Foulah,Arachide (en coque),Principale,1974,6,1974,11,None,0,18255.23962670677,27030.839821235862,1.4807167900272693
SN2008A22003,Kolda,Medina Yoro Foulah,Arachide (en coque),Principale,1975,6,1975,11,None,0,27160.488072457865,28803.79333267264,1.060503524672709
SN2008A22003,Kolda,Medina Yoro Foulah,Arachide (en coque),Principale,1976,6,1976,11,None,0,20058.827324086305,22438.994164031203,1.1186593214792189
SN2008A22003,Kolda,Medina Yoro Foulah,Arachide (en coque),Principale,1977,6,1977,11,None,0,20393.61521331781,14607.03630434582,0.7162553648068669
SN2008A22003,Kolda,Medina Yoro Foulah,Arachide (en coque),Principale,1978,6,1978,11,None,0,26876.027774418024,22536.91415124107,0.8385507836352535
SN2008A22003,Kolda,Medina Yoro Foulah,Arachide (en coque),Principale,1979,6,1979,11,None,0,19419.88573156605,12602.138242199637,0.6489295774647887
SN2008A22003,Kolda,Medina Yoro Foulah,Arachide (en coque),Principale,1980,6,1980,11,None,0,13799.059650105732,8590.701000803188,0.6225569871159564
SN2008A22003,Kolda,Medina Yoro Foulah,Arachide (en coque),Principale,1981,6,1981,11,None,0,13282.107762321792,14353.757231283424,1.080683690280066
SN2008A22003,Kolda,Medina Yoro Foulah,Arachide (en coque),Principale,1982,6,1982,11,None,0,13532.104601176035,13999.275936803006,1.034523183894571
SN2008A22003,Kolda,Medina Yoro Foulah,Arachide (en coque),Principale,1983,6,1983,11,None,0,12706.075658791116,15394.225475267607,1.2115641279545353
SN2008A22003,Kolda,Medina Yoro Foulah,Arachide (en coque),Principale,1984,6,1984,11,None,0,10164.532303612075,12299.078616980263,1.2099994618158332
SN2008A22003,Kolda,Medina Yoro Foulah,Arachide (en coque),Principale,1985,6,1985,11,None,0,,9887.730552057925,
SN2008A22003,Kolda,Medina Yoro Foulah,Arachide (en coque),Principale,1986,6,1986,11,None,0,15501.992165101934,24710.847275107084,1.5940433340390994
SN2008A22003,Kolda,Medina Yoro Foulah,Arachide (en coque),Principale,1987,6,1987,11,None,0,19344.39434477855,30682.872416839666,1.5861376618969518
SN2008A22003,Kolda,Medina Yoro Foulah,Arachide (en coque),Principale,1988,6,1988,11,None,0,17232.823670867427,24358.007097730744,1.4134658116944956
SN2008A22003,Kolda,Medina Yoro Foulah,Arachide (en coque),Principale,1989,6,1989,11,None,0,20075.78553416176,29119.434855689924,1.450475489795362
SN2008A22003,Kolda,Medina Yoro Foulah,Maïs,Principale,1960,6,1960,11,None,0,1477.0152627518216,1181.6122102014574,0.8
SN2008A22003,Kolda,Medina Yoro Foulah,Maïs,Principale,1962,6,1962,11,None,0,855.9209965668151,803.9450164345359,0.9392747924858016
SN2008A22003,Kolda,Medina Yoro Foulah,Maïs,Principale,1963,6,1963,11,None,0,1035.406395584758,950.8986868804766,0.918382087396172
SN2008A22003,Kolda,Medina Yoro Foulah,Maïs,Principale,1964,6,1964,11,None,0,856.6688523960565,685.0359395851486,0.7996508075076386
SN2008A22003,Kolda,Medina Yoro Foulah,Maïs,Principale,1965,6,1965,11,None,0,1046.9981609380002,837.5985287504001,0.7999999999999999
SN2008A22003,Kolda,Medina Yoro Foulah,Maïs,Principale,1966,6,1966,11,None,0,1661.3617246598335,1411.5778776931966,0.8496511366194014
SN2008A22003,Kolda,Medina Yoro Foulah,Maïs,Principale,1967,6,1967,11,None,0,2130.64125750883,2269.742441747736,1.0652860652860652
SN2008A22003,Kolda,Medina Yoro Foulah,Maïs,Principale,1968,6,1968,11,None,0,1762.3222616074268,1521.138756677066,0.8631444939528963
SN2008A22003,Kolda,Medina Yoro Foulah,Maïs,Principale,1969,6,1969,11,None,0,1769.800819899841,1841.221051592397,1.0403549545742656
SN2008A22003,Kolda,Medina Yoro Foulah,Maïs,Principale,1970,6,1970,11,None,0,1655.3788780259024,803.9450164345359,0.4856562005873052
SN2008A22003,Kolda,Medina Yoro Foulah,Maïs,Principale,1971,6,1971,11,None,0,1671.457778354593,1086.2605919731752,0.6498881431767338
SN2008A22003,Kolda,Medina Yoro Foulah,Maïs,Principale,1972,6,1972,11,None,0,2028.1850089027544,1380.915788694298,0.6808628318584071
SN2008A22003,Kolda,Medina Yoro Foulah,Maïs,Principale,1973,6,1973,11,None,0,1396.9946890229887,915.3755349915087,0.6552462526766596
SN2008A22003,Kolda,Medina Yoro Foulah,Maïs,Principale,1974,6,1974,11,None,0,1217.8832179196663,1242.9363881992545,1.0205710776788457
SN2008A22003,Kolda,Medina Yoro Foulah,Maïs,Principale,1975,6,1975,11,None,0,1560.0272597976202,1291.5470170999474,0.8279002876318313
SN2008A22003,Kolda,Medina Yoro Foulah,Maïs,Principale,1976,6,1976,11,None,0,1780.270801509221,1534.6001616034116,0.8620037807183365
SN2008A22003,Kolda,Medina Yoro Foulah,Maïs,Principale,1977,6,1977,11,None,0,1708.1027139874232,999.5093157811694,0.5851576182136602
SN2008A22003,Kolda,Medina Yoro Foulah,Maïs,Principale,1978,6,1978,11,None,0,3078.1745931577207,2121.666987557933,0.6892614188532555
SN2008A22003,Kolda,Medina Yoro Foulah,Maïs,Principale,1979,6,1979,11,None,0,3215.7800657381435,1862.9088706403988,0.5793023255813953
SN2008A22003,Kolda,Medina Yoro Foulah,Maïs,Principale,1980,6,1980,11,None,0,3025.076829281579,1933.207318589093,0.6390605686032138
SN2008A22003,Kolda,Medina Yoro Foulah,Maïs,Principale,1981,6,1981,11,None,0,3451.3546519491933,2791.745810558253,0.808884073672806
SN2008A22003,Kolda,Medina Yoro Foulah,Maïs,Principale,1982,6,1982,11,None,0,3791.6290542540432,3733.296299573212,0.9846153846153848
SN2008A22003,Kolda,Medina Yoro Foulah,Maïs,Principale,1983,6,1983,11,None,0,3505.200271654576,4206.315111568416,1.2000213356091318
SN2008A22003,Kolda,Medina Yoro Foulah,Maïs,Principale,1984,6,1984,11,None,0,4205.941183653795,7570.544559410982,1.799964438122333
SN2008A22003,Kolda,Medina Yoro Foulah,Maïs,Principale,1985,6,1985,11,None,0,9020.637012310111,6792.774496999897,0.7530260321671366
SN2008A22003,Kolda,Medina Yoro Foulah,Maïs,Principale,1986,6,1986,11,None,0,5101.498539170406,11886.420549963268,2.329986073444257
SN2008A22003,Kolda,Medina Yoro Foulah,Maïs,Principale,1987,6,1987,11,None,0,5461.965048864774,6737.433165636031,1.2335181762168823
SN2008A22003,Kolda,Medina Yoro Foulah,Maïs,Principale,1988,6,1988,11,None,0,5510.201749850847,6974.129535590943,1.2656758957654723
SN2008A22003,Kolda,Medina Yoro Foulah,Maïs,Principale,1989,6,1989,11,None,0,5861.320061679698,7909.323250057349,1.3494098883572565
SN2008A22003,Kolda,Medina Yoro Foulah,Mil,Principale,1960,6,1960,11,None,0,8600.014328934458,8600.014328934458,1.0
SN2008A22003,Kolda,Medina Yoro Foulah,Mil,Principale,1961,6,1961,11,None,0,9105.897524754131,7284.718019803306,0.8
SN2008A22003,Kolda,Medina Yoro Foulah,Mil,Principale,1962,6,1962,11,None,0,7080.847091887977,7162.800169610764,1.0115739086947204
SN2008A22003,Kolda,Medina Yoro Foulah,Mil,Principale,1963,6,1963,11,None,0,8878.755969831098,9479.239323269052,1.067631473990086
SN2008A22003,Kolda,Medina Yoro Foulah,Mil,Principale,1964,6,1964,11,None,0,7777.954135727488,7777.954135727488,1.0
SN2008A22003,Kolda,Medina Yoro Foulah,Mil,Principale,1965,6,1965,11,None,0,8094.131133114784,6880.011463147566,0.85
SN2008A22003,Kolda,Medina Yoro Foulah,Mil,Principale,1966,6,1966,11,None,0,9943.134213835692,10584.59410613504,1.0645128466039178
SN2008A22003,Kolda,Medina Yoro Foulah,Mil,Principale,1967,6,1967,11,None,0,10307.875998021678,11264.501121316682,1.0928052610914802
SN2008A22003,Kolda,Medina Yoro Foulah,Mil,Principale,1968,6,1968,11,None,0,9821.72224683897,9358.839122663969,0.9528714911151172
SN2008A22003,Kolda,Medina Yoro Foulah,Mil,Principale,1969,6,1969,11,None,0,11374.27777480955,11217.959867301272,0.9862568937911405
SN2008A22003,Kolda,Medina Yoro Foulah,Mil,Principale,1970,6,1970,11,None,0,12343.549978000046,9216.68594463864,0.7466803278688524
SN2008A22003,Kolda,Medina Yoro Foulah,Mil,Principale,1971,6,1971,11,None,0,12045.078892466438,10532.488136965612,0.874422511549769
SN2008A22003,Kolda,Medina Yoro Foulah,Mil,Principale,1972,6,1972,11,None,0,15974.779557593663,12179.137939358652,0.7623978719361583
SN2008A22003,Kolda,Medina Yoro Foulah,Mil,Principale,1973,6,1973,11,None,0,5251.067572608216,4207.430539632229,0.801252408477842
SN2008A22003,Kolda,Medina Yoro Foulah,Mil,Principale,1974,6,1974,11,None,0,4876.7140077016575,4135.595125825835,0.8480290456431534
SN2008A22003,Kolda,Medina Yoro Foulah,Mil,Principale,1975,6,1975,11,None,0,5278.385265182478,6240.575103631499,1.182288671650374
SN2008A22003,Kolda,Medina Yoro Foulah,Mil,Principale,1976,6,1976,11,None,0,6147.492595600678,4040.489085011736,0.657258064516129
SN2008A22003,Kolda,Medina Yoro Foulah,Mil,Principale,1977,6,1977,11,None,0,11842.725614138568,7962.09561900585,0.6723195215719778
SN2008A22003,Kolda,Medina Yoro Foulah,Mil,Principale,1978,6,1978,11,None,0,5382.597203521332,4340.983703328623,0.8064849624060151
SN2008A22003,Kolda,Medina Yoro Foulah,Mil,Principale,1979,6,1979,11,None,0,15758.261549782845,9472.662841723395,0.601123595505618
SN2008A22003,Kolda,Medina Yoro Foulah,Mil,Principale,1980,6,1980,11,None,0,20364.328047720977,10041.781437020529,0.4931064464041734
SN2008A22003,Kolda,Medina Yoro Foulah,Mil,Principale,1981,6,1981,11,None,0,21262.270720300898,20125.04529609828,0.9465143944801332
SN2008A22003,Kolda,Medina Yoro Foulah,Mil,Principale,1982,6,1982,11,None,0,9958.816592906103,10116.65215000184,1.015848826577263
SN2008A22003,Kolda,Medina Yoro Foulah,Mil,Principale,1983,6,1983,11,None,0,8886.344217768394,7109.176550853878,0.8000113856313332
SN2008A22003,Kolda,Medina Yoro Foulah,Mil,Principale,1984,6,1984,11,None,0,9771.639810452823,11725.866595904225,1.199989645889418
SN2008A22003,Kolda,Medina Yoro Foulah,Mil,Principale,1985,6,1985,11,None,0,,7422.824132262077,
SN2008A22003,Kolda,Medina Yoro Foulah,Mil,Principale,1986,6,1986,11,None,0,8083.001702806751,7587.23617090347,0.9386656652897734
SN2008A22003,Kolda,Medina Yoro Foulah,Mil,Principale,1987,6,1987,11,None,0,6702.446461414861,6241.080986827318,0.9311646161974488
SN2008A22003,Kolda,Medina Yoro Foulah,Mil,Principale,1988,6,1988,11,None,0,6853.199653769124,6867.870266447894,1.0021406953569056
SN2008A22003,Kolda,Medina Yoro Foulah,Mil,Principale,1989,6,1989,11,None,0,8397.155167410769,8707.767449644049,1.0369901801313333
SN2008A22003,Kolda,Medina Yoro Foulah,Riz,Principale,1960,6,1960,11,None,0,1281.8591749554923,1281.8591749554923,1.0
SN2008A22003,Kolda,Medina Yoro Foulah,Riz,Principale,1961,6,1961,11,None,0,1079.460357857257,1079.460357857257,1.0
SN2008A22003,Kolda,Medina Yoro Foulah,Riz,Principale,1962,6,1962,11,None,0,1075.412381515292,1207.646275352806,1.122961104140527
SN2008A22003,Kolda,Medina Yoro Foulah,Riz,Principale,1963,6,1963,11,None,0,961.6192687911728,1061.6942394675227,1.1040692235734333
SN2008A22003,Kolda,Medina Yoro Foulah,Riz,Principale,1964,6,1964,11,None,0,1779.760265017152,1870.3899575622509,1.0509224159716957
SN2008A22003,Kolda,Medina Yoro Foulah,Riz,Principale,1965,6,1965,11,None,0,1349.325447321571,1349.325447321571,1.0
SN2008A22003,Kolda,Medina Yoro Foulah,Riz,Principale,1966,6,1966,11,None,0,1236.8816600447733,1298.725743047012,1.05
SN2008A22003,Kolda,Medina Yoro Foulah,Riz,Principale,1967,6,1967,11,None,0,2139.3554967283508,2411.244574363647,1.1270892462945443
SN2008A22003,Kolda,Medina Yoro Foulah,Riz,Principale,1968,6,1968,11,None,0,2649.4005158159043,2305.547414323458,0.8702147525676939
SN2008A22003,Kolda,Medina Yoro Foulah,Riz,Principale,1969,6,1969,11,None,0,2888.006232417269,2411.6943495127543,0.8350724186263822
SN2008A22003,Kolda,Medina Yoro Foulah,Riz,Principale,1970,6,1970,11,None,0,2902.848812337806,1839.5803598484083,0.6337155252556554
SN2008A22003,Kolda,Medina Yoro Foulah,Riz,Principale,1971,6,1971,11,None,0,2959.520481125312,3556.596991565107,1.2017477203647418
SN2008A22003,Kolda,Medina Yoro Foulah,Riz,Principale,1972,6,1972,11,None,0,1523.6133176006072,671.7391851915887,0.4408856088560886
SN2008A22003,Kolda,Medina Yoro Foulah,Riz,Principale,1973,6,1973,11,None,0,1524.737755473375,1373.6133053733593,0.9008849557522124
SN2008A22003,Kolda,Medina Yoro Foulah,Riz,Principale,1974,6,1974,11,None,0,1915.592360047524,2077.9611888752192,1.0847616811458087
SN2008A22003,Kolda,Medina Yoro Foulah,Riz,Principale,1975,6,1975,11,None,0,2186.356999810052,2064.692821976557,0.9443530137831722
SN2008A22003,Kolda,Medina Yoro Foulah,Riz,Principale,1976,6,1976,11,None,0,1989.130596926549,1861.1695670055533,0.9356698699830414
SN2008A22003,Kolda,Medina Yoro Foulah,Riz,Principale,1977,6,1977,11,None,0,1565.442406467576,1209.895151098342,0.7728774601350381
SN2008A22003,Kolda,Medina Yoro Foulah,Riz,Principale,1978,6,1978,11,None,0,1850.824738576088,2325.787296033281,1.256622114216282
SN2008A22003,Kolda,Medina Yoro Foulah,Riz,Principale,1979,6,1979,11,None,0,1754.1230815180422,1403.2984652144337,0.7999999999999999
SN2008A22003,Kolda,Medina Yoro Foulah,Riz,Principale,1980,6,1980,11,None,0,2285.982195337295,1344.827695830499,0.5882931628135759
SN2008A22003,Kolda,Medina Yoro Foulah,Riz,Principale,1981,6,1981,11,None,0,2029.6103603461963,2241.90423072479,1.1045983379501385
SN2008A22003,Kolda,Medina Yoro Foulah,Riz,Principale,1982,6,1982,11,None,0,1471.8891754532804,1797.9761585559932,1.2215431627196331
SN2008A22003,Kolda,Medina Yoro Foulah,Riz,Principale,1983,6,1983,11,None,0,1471.8891754532804,1766.2670105439363,1.2
SN2008A22003,Kolda,Medina Yoro Foulah,Riz,Principale,1984,6,1984,11,None,0,1484.257992053728,1781.1095904644735,1.2
SN2008A22003,Kolda,Medina Yoro Foulah,Riz,Principale,1985,6,1985,11,None,0,1479.9851281372096,1775.9371762497408,1.1999696094818415
SN2008A22003,Kolda,Medina Yoro Foulah,Riz,Principale,1986,6,1986,11,None,0,1757.9461702854533,2038.60586332834,1.1596520404247157
SN2008A22003,Kolda,Medina Yoro Foulah,Riz,Principale,1987,6,1987,11,None,0,1826.5368805243,1805.1725609417083,0.988303373553312
SN2008A22003,Kolda,Medina Yoro Foulah,Riz,Principale,1988,6,1988,11,None,0,1412.9686309202384,1425.1125599461325,1.0085946204042655
SN2008A22003,Kolda,Medina Yoro Foulah,Riz,Principale,1989,6,1989,11,None,0,1235.3074470228985,1298.9506306215656,1.051520116511924
SN2008A22003,Kolda,Medina Yoro Foulah,Sorgho,Principale,1982,6,1982,11,None,0,8822.66775489276,8623.384649394966,0.9774123755949804
SN2008A22003,Kolda,Medina Yoro Foulah,Sorgho,Principale,1983,6,1983,11,None,0,7385.30972385982,5615.81318366389,0.7604032049625227
SN2008A22003,Kolda,Medina Yoro Foulah,Sorgho,Principale,1984,6,1984,11,None,0,8123.649812045134,10560.47751777774,1.29996710371728
SN2008A22003,Kolda,Medina Yoro Foulah,Sorgho,Principale,1985,6,1985,11,None,0,8383.252324954137,8283.992540606578,0.988159752265586
SN2008A22003,Kolda,Medina Yoro Foulah,Sorgho,Principale,1986,6,1986,11,None,0,10195.506926099786,12135.653941693254,1.190294315884071
SN2008A22003,Kolda,Medina Yoro Foulah,Sorgho,Principale,1987,6,1987,11,None,0,7940.782747804821,3168.677731095193,0.3990384615384615
SN2008A22003,Kolda,Medina Yoro Foulah,Sorgho,Principale,1988,6,1988,11,None,0,10127.933919063178,9602.620598823782,0.9481322326510612
SN2008A22003,Kolda,Medina Yoro Foulah,Sorgho,Principale,1989,6,1989,11,None,0,10969.733244010757,10943.009455917185,0.9975638616273408
SN2008A22101,Sedhiou,Bounkiling,Niébé,Principale,1970,6,1970,11,None,0,23.277677680516533,9.347728832333411,0.4015748031496063
SN2008A22101,Sedhiou,Bounkiling,Niébé,Principale,1971,6,1971,11,None,0,94.39373232650404,24.74398808558844,0.2621359223300971
SN2008A22101,Sedhiou,Bounkiling,Niébé,Principale,1972,6,1972,11,None,0,60.11872660794821,20.711634471640693,0.3445121951219512
SN2008A22101,Sedhiou,Bounkiling,Niébé,Principale,1973,6,1973,11,None,0,51.50415297815075,20.711634471640693,0.4021352313167259
SN2008A22101,Sedhiou,Bounkiling,Niébé,Principale,1974,6,1974,11,None,0,56.81952819653642,28.40976409826821,0.5
SN2008A22101,Sedhiou,Bounkiling,Niébé,Principale,1975,6,1975,11,None,0,50.22113137371283,23.094388879882544,0.4598540145985402
SN2008A22101,Sedhiou,Bounkiling,Niébé,Principale,1987,6,1987,11,None,0,13.929948848183122,7.698129626627515,0.5526315789473685
SN2008A22101,Sedhiou,Bounkiling,Niébé,Principale,1988,6,1988,11,None,0,11.73048324057526,4.948797617117688,0.421875
SN2008A22101,Sedhiou,Bounkiling,Niébé,Principale,1989,6,1989,11,None,0,8.064707227895491,3.4824872120457804,0.4318181818181818
SN2008A22101,Sedhiou,Bounkiling,Arachide (en coque),Principale,1960,6,1960,11,None,0,15293.909064151843,14845.103606287345,0.9706546275395036
SN2008A22101,Sedhiou,Bounkiling,Arachide (en coque),Principale,1961,6,1961,11,None,0,14845.103606287345,14845.103606287345,1.0
SN2008A22101,Sedhiou,Bounkiling,Arachide (en coque),Principale,1962,6,1962,11,None,0,12235.472486289063,14682.843171520946,1.2000225727265033
SN2008A22101,Sedhiou,Bounkiling,Arachide (en coque),Principale,1963,6,1963,11,None,0,12806.491122679745,15368.134582183282,1.2000269578110256
SN2008A22101,Sedhiou,Bounkiling,Arachide (en coque),Principale,1964,6,1964,11,None,0,9800.87549485794,14526.451731203548,1.4821585825495789
SN2008A22101,Sedhiou,Bounkiling,Arachide (en coque),Principale,1965,6,1965,11,None,0,13809.398703523111,16571.278444227733,1.2
SN2008A22101,Sedhiou,Bounkiling,Arachide (en coque),Principale,1966,6,1966,11,None,0,12715.003856268904,17801.005398776466,1.4
SN2008A22101,Sedhiou,Bounkiling,Arachide (en coque),Principale,1967,6,1967,11,None,0,14563.046637767884,20120.984380968348,1.3816466349003154
SN2008A22101,Sedhiou,Bounkiling,Arachide (en coque),Principale,1968,6,1968,11,None,0,13968.552023581216,12179.199186572208,0.8719013370900373
SN2008A22101,Sedhiou,Bounkiling,Arachide (en coque),Principale,1969,6,1969,11,None,0,15190.33857387542,12980.834781311723,0.8545454545454546
SN2008A22101,Sedhiou,Bounkiling,Arachide (en coque),Principale,1970,6,1970,11,None,0,14679.390821845069,13501.103877466956,0.9197318908748822
SN2008A22101,Sedhiou,Bounkiling,Arachide (en coque),Principale,1971,6,1971,11,None,0,14192.609517545876,14206.4189162494,1.0009729992702507
SN2008A22101,Sedhiou,Bounkiling,Arachide (en coque),Principale,1972,6,1972,11,None,0,9870.95819327832,11392.753930406569,1.154168998321209
SN2008A22101,Sedhiou,Bounkiling,Arachide (en coque),Principale,1973,6,1973,11,None,0,14027.932438006364,17067.726327619388,1.2166957891369083
SN2008A22101,Sedhiou,Bounkiling,Arachide (en coque),Principale,1974,6,1974,11,None,0,13685.114115191402,18080.30048755522,1.3211654894046418
SN2008A22101,Sedhiou,Bounkiling,Arachide (en coque),Principale,1975,6,1975,11,None,0,3442.683096788312,3570.0747998283123,1.037003610108303
SN2008A22101,Sedhiou,Bounkiling,Arachide (en coque),Principale,1976,6,1976,11,None,0,14885.15086252756,18183.52574286405,1.2215882734947583
SN2008A22101,Sedhiou,Bounkiling,Arachide (en coque),Principale,1977,6,1977,11,None,0,11663.072910028031,11793.916962743911,1.0112186602729183
SN2008A22101,Sedhiou,Bounkiling,Arachide (en coque),Principale,1978,6,1978,11,None,0,14800.223060500894,17740.244044480965,1.1986470725449032
SN2008A22101,Sedhiou,Bounkiling,Arachide (en coque),Principale,1979,6,1979,11,None,0,11264.67175743139,12050.081308694263,1.069723252321554
SN2008A22101,Sedhiou,Bounkiling,Arachide (en coque),Principale,1980,6,1980,11,None,0,8609.814856679071,4121.76027803406,0.4787280965555956
SN2008A22101,Sedhiou,Bounkiling,Arachide (en coque),Principale,1981,6,1981,11,None,0,12187.48482579432,13406.164261380236,1.0999943345986063
SN2008A22101,Sedhiou,Bounkiling,Arachide (en coque),Principale,1982,6,1982,11,None,0,11720.036679680064,16895.799313760526,1.4416165900789442
SN2008A22101,Sedhiou,Bounkiling,Arachide (en coque),Principale,1983,6,1983,11,None,0,12731.575134713132,15672.631823595966,1.2310049351917132
SN2008A22101,Sedhiou,Bounkiling,Arachide (en coque),Principale,1984,6,1984,11,None,0,10185.12201378347,12537.89831789622,1.231001288048268
SN2008A22101,Sedhiou,Bounkiling,Arachide (en coque),Principale,1985,6,1985,11,None,0,,14390.429153973846,
SN2008A22101,Sedhiou,Bounkiling,Arachide (en coque),Principale,1986,6,1986,11,None,0,14449.809568398994,16785.32412413234,1.161629434954008
SN2008A22101,Sedhiou,Bounkiling,Arachide (en coque),Principale,1987,6,1987,11,None,0,15904.974956782742,19455.716598426123,1.2232472324723247
SN2008A22101,Sedhiou,Bounkiling,Arachide (en coque),Principale,1988,6,1988,11,None,0,15923.617645032498,18433.82109436541,1.1576402740438818
SN2008A22101,Sedhiou,Bounkiling,Arachide (en coque),Principale,1989,6,1989,11,None,0,14989.757057706747,16767.71714078535,1.1186116677030795
SN2008A22101,Sedhiou,Bounkiling,Maïs,Principale,1960,6,1960,11,None,0,1128.3747139143477,1354.0496566972172,1.2
SN2008A22101,Sedhiou,Bounkiling,Maïs,Principale,1962,6,1962,11,None,0,1133.855391096217,1360.4975122052992,1.199886266704578
SN2008A22101,Sedhiou,Bounkiling,Maïs,Principale,1964,6,1964,11,None,0,360.1127301263789,357.75926286592903,0.9934646374216652
SN2008A22101,Sedhiou,Bounkiling,Maïs,Principale,1965,6,1965,11,None,0,386.8713304849192,367.5277639606732,0.9499999999999998
SN2008A22101,Sedhiou,Bounkiling,Maïs,Principale,1966,6,1966,11,None,0,430.3943551644726,419.4330008007332,0.9745318352059924
SN2008A22101,Sedhiou,Bounkiling,Maïs,Principale,1967,6,1967,11,None,0,2592.0379142489587,2343.150691636994,0.9039800995024876
SN2008A22101,Sedhiou,Bounkiling,Maïs,Principale,1968,6,1968,11,None,0,1341.1539456810533,938.8077619767372,0.7
SN2008A22101,Sedhiou,Bounkiling,Maïs,Principale,1969,6,1969,11,None,0,1332.7717335205466,1375.3275798738878,1.0319303338171264
SN2008A22101,Sedhiou,Bounkiling,Maïs,Principale,1970,6,1970,11,None,0,1766.7124092144643,1642.591190683886,0.9297445255474452
SN2008A22101,Sedhiou,Bounkiling,Maïs,Principale,1971,6,1971,11,None,0,818.8776495264123,602.8744900056657,0.7362204724409449
SN2008A22101,Sedhiou,Bounkiling,Maïs,Principale,1972,6,1972,11,None,0,1135.467354973238,806.3043312856524,0.7101078932424758
SN2008A22101,Sedhiou,Bounkiling,Maïs,Principale,1973,6,1973,11,None,0,1123.5388222832862,1075.1799059726711,0.9569583931133429
SN2008A22101,Sedhiou,Bounkiling,Maïs,Principale,1974,6,1974,11,None,0,1021.9850980309948,1188.6621629149142,1.1630914826498424
SN2008A22101,Sedhiou,Bounkiling,Maïs,Principale,1975,6,1975,11,None,0,1279.2545328034662,1487.5202657145144,1.1628024193548387
SN2008A22101,Sedhiou,Bounkiling,Maïs,Principale,1976,6,1976,11,None,0,1334.3836973975672,1604.5488431862025,1.2024643633727954
SN2008A22101,Sedhiou,Bounkiling,Maïs,Principale,1977,6,1977,11,None,0,1587.7844188651893,1104.1952557590405,0.6954314720812184
SN2008A22101,Sedhiou,Bounkiling,Maïs,Principale,1978,6,1978,11,None,0,2017.2115957034496,1729.314847267589,0.8572798465718395
SN2008A22101,Sedhiou,Bounkiling,Maïs,Principale,1979,6,1979,11,None,0,2425.038456589635,2304.141165813098,0.9501462377027384
SN2008A22101,Sedhiou,Bounkiling,Maïs,Principale,1980,6,1980,11,None,0,1538.780717003766,1064.540944384336,0.6918080871569243
SN2008A22101,Sedhiou,Bounkiling,Maïs,Principale,1981,6,1981,11,None,0,1862.785456284886,1517.5027938270955,0.8146417445482865
SN2008A22101,Sedhiou,Bounkiling,Maïs,Principale,1982,6,1982,11,None,0,857.5647825749043,886.5801323612732,1.033834586466165
SN2008A22101,Sedhiou,Bounkiling,Maïs,Principale,1983,6,1983,11,None,0,2101.0337173085154,1277.6425689264456,0.60810188737149
SN2008A22101,Sedhiou,Bounkiling,Maïs,Principale,1984,6,1984,11,None,0,2521.1115036600568,3781.667255490085,1.5
SN2008A22101,Sedhiou,Bounkiling,Maïs,Principale,1985,6,1985,11,None,0,6465.587110729212,6181.236682822797,0.956020942408377
SN2008A22101,Sedhiou,Bounkiling,Maïs,Principale,1986,6,1986,11,None,0,3435.4174147060826,3449.925089599267,1.0042229729729728
SN2008A22101,Sedhiou,Bounkiling,Maïs,Principale,1987,6,1987,11,None,0,3778.443327736044,3800.366036463523,1.00580204778157
SN2008A22101,Sedhiou,Bounkiling,Maïs,Principale,1988,6,1988,11,None,0,3967.365494122848,4053.444365155741,1.0216967333008289
SN2008A22101,Sedhiou,Bounkiling,Maïs,Principale,1989,6,1989,11,None,0,4760.774114392335,5926.223997478154,1.2448026003927677
SN2008A22101,Sedhiou,Bounkiling,Mil,Principale,1960,6,1960,11,None,0,9486.024735759383,7263.119368495597,0.7656652360515022
SN2008A22101,Sedhiou,Bounkiling,Mil,Principale,1961,6,1961,11,None,0,10992.389178776968,8793.911343021575,0.8
SN2008A22101,Sedhiou,Bounkiling,Mil,Principale,1962,6,1962,11,None,0,11937.327522626649,10744.042608441636,0.9000375157736774
SN2008A22101,Sedhiou,Bounkiling,Mil,Principale,1963,6,1963,11,None,0,14921.150496376884,11331.117615693354,0.759399727148704
SN2008A22101,Sedhiou,Bounkiling,Mil,Principale,1964,6,1964,11,None,0,16761.764995534315,13539.366464052106,0.8077530300454204
SN2008A22101,Sedhiou,Bounkiling,Mil,Principale,1965,6,1965,11,None,0,18320.648631294946,15572.551336600704,0.85
SN2008A22101,Sedhiou,Bounkiling,Mil,Principale,1966,6,1966,11,None,0,15101.507104013854,14067.0011446334,0.9314965087752406
SN2008A22101,Sedhiou,Bounkiling,Mil,Principale,1967,6,1967,11,None,0,22558.825348001177,21063.04616863723,0.9336942790110088
SN2008A22101,Sedhiou,Bounkiling,Mil,Principale,1968,6,1968,11,None,0,20587.1164297487,13733.565339543831,0.6670951410999268
SN2008A22101,Sedhiou,Bounkiling,Mil,Principale,1969,6,1969,11,None,0,18312.50612079215,17277.185910361415,0.9434637616718542
SN2008A22101,Sedhiou,Bounkiling,Mil,Principale,1970,6,1970,11,None,0,19346.604954647464,12787.812744643872,0.6609848484848484
SN2008A22101,Sedhiou,Bounkiling,Mil,Principale,1971,6,1971,11,None,0,12543.53742955994,11706.080224347192,0.9332359623498864
SN2008A22101,Sedhiou,Bounkiling,Mil,Principale,1972,6,1972,11,None,0,8170.195038507266,6974.467371171416,0.8536475981662348
SN2008A22101,Sedhiou,Bounkiling,Mil,Principale,1973,6,1973,11,None,0,8502.409467021414,7998.795192423374,0.9407680520972994
SN2008A22101,Sedhiou,Bounkiling,Mil,Principale,1974,6,1974,11,None,0,8891.621469055148,10847.859617352307,1.2200091575091574
SN2008A22101,Sedhiou,Bounkiling,Mil,Principale,1975,6,1975,11,None,0,8865.972560971335,10967.147396218295,1.2369931579189053
SN2008A22101,Sedhiou,Bounkiling,Mil,Principale,1976,6,1976,11,None,0,8001.645071099353,8612.333358809185,1.0763203419151317
SN2008A22101,Sedhiou,Bounkiling,Mil,Principale,1977,6,1977,11,None,0,10307.196919966536,8615.183237485164,0.8358415294071178
SN2008A22101,Sedhiou,Bounkiling,Mil,Principale,1978,6,1978,11,None,0,10277.476756631326,9176.60933665307,0.8928854381239106
SN2008A22101,Sedhiou,Bounkiling,Mil,Principale,1979,6,1979,11,None,0,10817.325202966817,9054.064553585962,0.8369966127211139
SN2008A22101,Sedhiou,Bounkiling,Mil,Principale,1980,6,1980,11,None,0,9542.208058228687,6333.2446690760935,0.663708507551839
SN2008A22101,Sedhiou,Bounkiling,Mil,Principale,1981,6,1981,11,None,0,10695.18754542485,10951.26950073784,1.0239436619718312
SN2008A22101,Sedhiou,Bounkiling,Mil,Principale,1982,6,1982,11,None,0,6713.499909556748,6202.964501031329,0.9239539114614918
SN2008A22101,Sedhiou,Bounkiling,Mil,Principale,1983,6,1983,11,None,0,4742.198116829412,2931.303781007191,0.6181318681318679
SN2008A22101,Sedhiou,Bounkiling,Mil,Principale,1984,6,1984,11,None,0,5216.092228092241,6781.08274672997,1.300031220730565
SN2008A22101,Sedhiou,Bounkiling,Mil,Principale,1985,6,1985,11,None,0,,6543.321440048275,
SN2008A22101,Sedhiou,Bounkiling,Mil,Principale,1986,6,1986,11,None,0,5698.943100908148,3251.711569292283,0.5705815116445206
SN2008A22101,Sedhiou,Bounkiling,Mil,Principale,1987,6,1987,11,None,0,6004.694370288204,5424.947622489004,0.9034510814292496
SN2008A22101,Sedhiou,Bounkiling,Mil,Principale,1988,6,1988,11,None,0,6412.227020953232,6500.166134383447,1.0137142857142856
SN2008A22101,Sedhiou,Bounkiling,Mil,Principale,1989,6,1989,11,None,0,6532.329050869498,6362.964832411305,0.9740729199127456
SN2008A22101,Sedhiou,Bounkiling,Riz,Principale,1960,6,1960,11,None,0,1785.2600920782988,2142.3121104939587,1.2
SN2008A22101,Sedhiou,Bounkiling,Riz,Principale,1961,6,1961,11,None,0,1785.2600920782988,2142.3121104939587,1.2
SN2008A22101,Sedhiou,Bounkiling,Riz,Principale,1962,6,1962,11,None,0,1748.364716842014,2098.0773326569074,1.2000226911731335
SN2008A22101,Sedhiou,Bounkiling,Riz,Principale,1963,6,1963,11,None,0,3131.3462015053365,4533.96554718152,1.4479285442797414
SN2008A22101,Sedhiou,Bounkiling,Riz,Principale,1964,6,1964,11,None,0,2850.663642584137,3955.1445528832446,1.3874469417577064
SN2008A22101,Sedhiou,Bounkiling,Riz,Principale,1965,6,1965,11,None,0,3173.795719250309,4443.3140069504325,1.4
SN2008A22101,Sedhiou,Bounkiling,Riz,Principale,1966,6,1966,11,None,0,2777.0712543440204,3610.192630647227,1.3
SN2008A22101,Sedhiou,Bounkiling,Riz,Principale,1967,6,1967,11,None,0,4951.518046495388,7490.752984128089,1.5128194856181398
SN2008A22101,Sedhiou,Bounkiling,Riz,Principale,1968,6,1968,11,None,0,3998.585881790483,3357.0824220370146,0.8395674174025202
SN2008A22101,Sedhiou,Bounkiling,Riz,Principale,1969,6,1969,11,None,0,5268.699256187966,7612.944119319226,1.4449380670908476
SN2008A22101,Sedhiou,Bounkiling,Riz,Principale,1970,6,1970,11,None,0,4979.685483503735,4284.227496523011,0.8603409815168898
SN2008A22101,Sedhiou,Bounkiling,Riz,Principale,1971,6,1971,11,None,0,4414.551483244727,5008.646369441894,1.134576499662997
SN2008A22101,Sedhiou,Bounkiling,Riz,Principale,1972,6,1972,11,None,0,2899.4607517676104,3104.368937891709,1.070671136348088
SN2008A22101,Sedhiou,Bounkiling,Riz,Principale,1973,6,1973,11,None,0,2005.045445636383,3962.483955484011,1.9762564305500592
SN2008A22101,Sedhiou,Bounkiling,Riz,Principale,1974,6,1974,11,None,0,3078.5818476728,6272.808876865783,2.0375644329896905
SN2008A22101,Sedhiou,Bounkiling,Riz,Principale,1975,6,1975,11,None,0,3417.97962740013,6714.759930771389,1.964540653473391
SN2008A22101,Sedhiou,Bounkiling,Riz,Principale,1976,6,1976,11,None,0,3293.209783187102,5143.334325277579,1.5617997831586556
SN2008A22101,Sedhiou,Bounkiling,Riz,Principale,1977,6,1977,11,None,0,2771.120387370426,2596.7599850441125,0.937079455977094
SN2008A22101,Sedhiou,Bounkiling,Riz,Principale,1978,6,1978,11,None,0,3739.72316843913,7663.328126362325,2.049169893385668
SN2008A22101,Sedhiou,Bounkiling,Riz,Principale,1979,6,1979,11,None,0,3036.3306921602803,4253.87807495768,1.4009930097341086
SN2008A22101,Sedhiou,Bounkiling,Riz,Principale,1980,6,1980,11,None,0,2683.04755616123,2135.567794590552,0.7959485435457637
SN2008A22101,Sedhiou,Bounkiling,Riz,Principale,1981,6,1981,11,None,0,3399.9286642468937,4146.365744968076,1.2195449241540255
SN2008A22101,Sedhiou,Bounkiling,Riz,Principale,1982,6,1982,11,None,0,2880.814701917015,2972.458053310368,1.0318116091716587
SN2008A22101,Sedhiou,Bounkiling,Riz,Principale,1983,6,1983,11,None,0,2861.375203136607,1603.957011616125,0.5605545927209705
SN2008A22101,Sedhiou,Bounkiling,Riz,Principale,1984,6,1984,11,None,0,2975.4334867971647,3570.5201841565977,1.2
SN2008A22101,Sedhiou,Bounkiling,Riz,Principale,1985,6,1985,11,None,0,3049.620961734641,3354.503713015124,1.0999739820476129
SN2008A22101,Sedhiou,Bounkiling,Riz,Principale,1986,6,1986,11,None,0,3250.958627674582,3795.066231293557,1.1673683568246995
SN2008A22101,Sedhiou,Bounkiling,Riz,Principale,1987,6,1987,11,None,0,3403.895908895957,4427.246666121729,1.3006410256410257
SN2008A22101,Sedhiou,Bounkiling,Riz,Principale,1988,6,1988,11,None,0,3927.5722025722575,4782.116699980404,1.2175757575757578
SN2008A22101,Sedhiou,Bounkiling,Riz,Principale,1989,6,1989,11,None,0,3379.1006298393136,4007.3138200184217,1.185911358966833
SN2008A22101,Sedhiou,Bounkiling,Sorgho,Principale,1982,6,1982,11,None,0,2179.6343748223967,1786.9283947104725,0.8198294243070363
SN2008A22101,Sedhiou,Bounkiling,Sorgho,Principale,1983,6,1983,11,None,0,1633.563929104632,1006.5511265393408,0.6161688003793268
SN2008A22101,Sedhiou,Bounkiling,Sorgho,Principale,1984,6,1984,11,None,0,1796.6104948118511,2335.709828456623,1.300064669109722
SN2008A22101,Sedhiou,Bounkiling,Sorgho,Principale,1985,6,1985,11,None,0,1807.4544469253951,1982.119532754269,1.0966359545746736
SN2008A22101,Sedhiou,Bounkiling,Sorgho,Principale,1986,6,1986,11,None,0,3184.249081341461,2852.7339738702512,0.8958890780831914
SN2008A22101,Sedhiou,Bounkiling,Sorgho,Principale,1987,6,1987,11,None,0,2943.358430819157,1626.5928170316397,0.5526315789473685
SN2008A22101,Sedhiou,Bounkiling,Sorgho,Principale,1988,6,1988,11,None,0,3346.1337950365155,3120.3472206723613,0.932523148148148
SN2008A22101,Sedhiou,Bounkiling,Sorgho,Principale,1989,6,1989,11,None,0,2769.8551970024487,2503.016518208449,0.9036633109619688
SN2008A22102,Sedhiou,Goudomp,Niébé,Principale,1970,6,1970,11,None,0,51.53811648509499,20.6964089822035,0.4015748031496063
SN2008A22102,Sedhiou,Goudomp,Niébé,Principale,1971,6,1971,11,None,0,208.9931495261726,54.78461201171515,0.2621359223300971
SN2008A22102,Sedhiou,Goudomp,Niébé,Principale,1972,6,1972,11,None,0,133.10631659142643,45.85674931350972,0.3445121951219512
SN2008A22102,Sedhiou,Goudomp,Niébé,Principale,1973,6,1973,11,None,0,114.033155372533,45.85674931350972,0.402135231316726
SN2008A22102,Sedhiou,Goudomp,Niébé,Principale,1974,6,1974,11,None,0,125.80170165653108,62.90085082826554,0.5
SN2008A22102,Sedhiou,Goudomp,Niébé,Principale,1975,6,1975,11,None,0,111.19247178674036,51.13230454426747,0.4598540145985402
SN2008A22102,Sedhiou,Goudomp,Niébé,Principale,1987,6,1987,11,None,0,30.841707502891488,17.044101514755823,0.5526315789473685
SN2008A22102,Sedhiou,Goudomp,Niébé,Principale,1988,6,1988,11,None,0,25.971964212961257,10.956922402343029,0.4218749999999999
SN2008A22102,Sedhiou,Goudomp,Niébé,Principale,1989,6,1989,11,None,0,17.85572539641086,7.710426875722872,0.4318181818181818
SN2008A22102,Sedhiou,Goudomp,Arachide (en coque),Principale,1960,6,1960,11,None,0,14835.905978259909,14400.54079153896,0.9706546275395032
SN2008A22102,Sedhiou,Goudomp,Arachide (en coque),Principale,1961,6,1961,11,None,0,14400.54079153896,14400.54079153896,1.0
SN2008A22102,Sedhiou,Goudomp,Arachide (en coque),Principale,1962,6,1962,11,None,0,11869.059678905403,14243.139531724466,1.2000225727265033
SN2008A22102,Sedhiou,Goudomp,Arachide (en coque),Principale,1963,6,1963,11,None,0,12422.978154933437,14907.9086822176,1.2000269578110256
SN2008A22102,Sedhiou,Goudomp,Arachide (en coque),Principale,1964,6,1964,11,None,0,9507.370989093011,14091.43150896709,1.4821585825495796
SN2008A22102,Sedhiou,Goudomp,Arachide (en coque),Principale,1965,6,1965,11,None,0,13395.85189910601,16075.022278927212,1.2
SN2008A22102,Sedhiou,Goudomp,Arachide (en coque),Principale,1966,6,1966,11,None,0,12334.23063610186,17267.922890542603,1.4
SN2008A22102,Sedhiou,Goudomp,Arachide (en coque),Principale,1967,6,1967,11,None,0,14126.93051649972,19518.42600959241,1.3816466349003151
SN2008A22102,Sedhiou,Goudomp,Arachide (en coque),Principale,1968,6,1968,11,None,0,13550.239092243208,11814.471582416543,0.871901337090037
SN2008A22102,Sedhiou,Goudomp,Arachide (en coque),Principale,1969,6,1969,11,None,0,14735.437089016612,12592.10078515965,0.8545454545454545
SN2008A22102,Sedhiou,Goudomp,Arachide (en coque),Principale,1970,6,1970,11,None,0,14239.79056874969,13096.78950545847,0.9197318908748824
SN2008A22102,Sedhiou,Goudomp,Arachide (en coque),Principale,1971,6,1971,11,None,0,13767.586789306202,13780.982641205308,1.0009729992702503
SN2008A22102,Sedhiou,Goudomp,Arachide (en coque),Principale,1972,6,1972,11,None,0,9575.354937480975,11051.57781676246,1.154168998321209
SN2008A22102,Sedhiou,Goudomp,Arachide (en coque),Principale,1973,6,1973,11,None,0,13607.841255409365,16556.603154700075,1.2166957891369083
SN2008A22102,Sedhiou,Goudomp,Arachide (en coque),Principale,1974,6,1974,11,None,0,13275.289232014056,17538.853995202022,1.3211654894046418
SN2008A22102,Sedhiou,Goudomp,Arachide (en coque),Principale,1975,6,1975,11,None,0,3339.5858784471284,3463.162612216381,1.037003610108303
SN2008A22102,Sedhiou,Goudomp,Arachide (en coque),Principale,1976,6,1976,11,None,0,14439.388762046368,17638.98798814784,1.2215882734947583
SN2008A22102,Sedhiou,Goudomp,Arachide (en coque),Principale,1977,6,1977,11,None,0,11313.80161768746,11440.727314431488,1.011218660272918
SN2008A22102,Sedhiou,Goudomp,Arachide (en coque),Principale,1978,6,1978,11,None,0,14357.004272866869,17208.981142186538,1.1986470725449032
SN2008A22102,Sedhiou,Goudomp,Arachide (en coque),Principale,1979,6,1979,11,None,0,10927.33129039825,11689.220367159904,1.0697232523215543
SN2008A22102,Sedhiou,Goudomp,Arachide (en coque),Principale,1980,6,1980,11,None,0,8351.97876279512,3998.3268955856665,0.4787280965555957
SN2008A22102,Sedhiou,Goudomp,Arachide (en coque),Principale,1981,6,1981,11,None,0,11822.50909355601,13004.693023652117,1.0999943345986063
SN2008A22102,Sedhiou,Goudomp,Arachide (en coque),Principale,1982,6,1982,11,None,0,11369.059506771271,16389.824798556205,1.4416165900789444
SN2008A22102,Sedhiou,Goudomp,Arachide (en coque),Principale,1983,6,1983,11,None,0,12350.305658380788,15203.28721659289,1.231004935191713
SN2008A22102,Sedhiou,Goudomp,Arachide (en coque),Principale,1984,6,1984,11,None,0,9880.11056818564,12162.428835495824,1.2310012880482677
SN2008A22102,Sedhiou,Goudomp,Arachide (en coque),Principale,1985,6,1985,11,None,0,,13959.482367760897,
SN2008A22102,Sedhiou,Goudomp,Arachide (en coque),Principale,1986,6,1986,11,None,0,14017.084530927052,16282.657983363357,1.161629434954008
SN2008A22102,Sedhiou,Goudomp,Arachide (en coque),Principale,1987,6,1987,11,None,0,15428.672424795348,18873.080844352982,1.2232472324723247
SN2008A22102,Sedhiou,Goudomp,Arachide (en coque),Principale,1988,6,1988,11,None,0,15446.75682485914,17881.787803819137,1.1576402740438818
SN2008A22102,Sedhiou,Goudomp,Arachide (en coque),Principale,1989,6,1989,11,None,0,14540.862340182097,16265.578272191997,1.1186116677030793
SN2008A22102,Sedhiou,Goudomp,Maïs,Principale,1960,6,1960,11,None,0,872.0824734046896,1046.4989680856274,1.2
SN2008A22102,Sedhiou,Goudomp,Maïs,Principale,1962,6,1962,11,None,0,876.3183025612267,1051.4822965050828,1.1998862667045775
SN2008A22102,Sedhiou,Goudomp,Maïs,Principale,1964,6,1964,11,None,0,278.3188922265824,276.49997735348114,0.9934646374216652
SN2008A22102,Sedhiou,Goudomp,Maïs,Principale,1965,6,1965,11,None,0,298.99970516732213,284.04971990895604,0.95
SN2008A22102,Sedhiou,Goudomp,Maïs,Principale,1966,6,1966,11,None,0,332.6371719986459,324.16551368557174,0.9745318352059924
SN2008A22102,Sedhiou,Goudomp,Maïs,Principale,1967,6,1967,11,None,0,2003.2980246210584,1810.941547630081,0.9039800995024876
SN2008A22102,Sedhiou,Goudomp,Maïs,Principale,1968,6,1968,11,None,0,1036.5323112467167,725.5726178727017,0.7
SN2008A22102,Sedhiou,Goudomp,Maïs,Principale,1969,6,1969,11,None,0,1030.0539843014249,1062.9439518698302,1.0319303338171262
SN2008A22102,Sedhiou,Goudomp,Maïs,Principale,1970,6,1970,11,None,0,1365.431986930771,1269.5029148562553,0.9297445255474454
SN2008A22102,Sedhiou,Goudomp,Maïs,Principale,1971,6,1971,11,None,0,632.8827092708318,465.941207219077,0.7362204724409449
SN2008A22102,Sedhiou,Goudomp,Maïs,Principale,1972,6,1972,11,None,0,877.5641346660905,623.1652188528939,0.7101078932424758
SN2008A22102,Sedhiou,Goudomp,Maïs,Principale,1973,6,1973,11,None,0,868.344977090098,830.9700139441828,0.956958393113343
SN2008A22102,Sedhiou,Goudomp,Maïs,Principale,1974,6,1974,11,None,0,789.8575544836759,918.6765941265973,1.1630914826498424
SN2008A22102,Sedhiou,Goudomp,Maïs,Principale,1975,6,1975,11,None,0,988.6923584199452,1149.6538663683536,1.1628024193548387
SN2008A22102,Sedhiou,Goudomp,Maïs,Principale,1976,6,1976,11,None,0,1031.2998164062883,1240.1012771814685,1.2024643633727956
SN2008A22102,Sedhiou,Goudomp,Maïs,Principale,1977,6,1977,11,None,0,1227.1446232908845,853.3949918317319,0.6954314720812182
SN2008A22102,Sedhiou,Goudomp,Maïs,Principale,1978,6,1978,11,None,0,1559.034296026612,1336.52868209793,0.8572798465718396
SN2008A22102,Sedhiou,Goudomp,Maïs,Principale,1979,6,1979,11,None,0,1874.229818557164,1780.792410692376,0.9501462377027388
SN2008A22102,Sedhiou,Goudomp,Maïs,Principale,1980,6,1980,11,None,0,1189.2713273030238,822.7475220520814,0.6918080871569244
SN2008A22102,Sedhiou,Goudomp,Maïs,Principale,1981,6,1981,11,None,0,1439.6835803806562,1172.826343518821,0.8146417445482865
SN2008A22102,Sedhiou,Goudomp,Maïs,Principale,1982,6,1982,11,None,0,662.7826797875641,685.2076576751132,1.033834586466165
SN2008A22102,Sedhiou,Goudomp,Maïs,Principale,1983,6,1983,11,None,0,1623.817565479532,987.4465263150812,0.6081018873714898
SN2008A22102,Sedhiou,Goudomp,Maïs,Principale,1984,6,1984,11,None,0,1948.4814120070496,2922.722118010574,1.4999999999999998
SN2008A22102,Sedhiou,Goudomp,Maïs,Principale,1985,6,1985,11,None,0,4997.032572608871,4777.267789310889,0.956020942408377
SN2008A22102,Sedhiou,Goudomp,Maïs,Principale,1986,6,1986,11,None,0,2655.1173818858206,2666.329870829595,1.004222972972973
SN2008A22102,Sedhiou,Goudomp,Maïs,Principale,1987,6,1987,11,None,0,2920.230453800846,2937.1737704269945,1.00580204778157
SN2008A22102,Sedhiou,Goudomp,Maïs,Principale,1988,6,1988,11,None,0,3066.2419764908886,3132.7694108906176,1.0216967333008289
SN2008A22102,Sedhiou,Goudomp,Maïs,Principale,1989,6,1989,11,None,0,3679.440538504872,4580.1771503214295,1.2448026003927677
SN2008A22102,Sedhiou,Goudomp,Mil,Principale,1960,6,1960,11,None,0,7774.712222748692,5952.826869263376,0.765665236051502
SN2008A22102,Sedhiou,Goudomp,Mil,Principale,1961,6,1961,11,None,0,9009.323176575735,7207.458541260589,0.8000000000000002
SN2008A22102,Sedhiou,Goudomp,Mil,Principale,1962,6,1962,11,None,0,9783.79129112508,8805.77920851236,0.9000375157736777
SN2008A22102,Sedhiou,Goudomp,Mil,Principale,1963,6,1963,11,None,0,12229.32201561114,9286.943801868738,0.759399727148704
SN2008A22102,Sedhiou,Goudomp,Mil,Principale,1964,6,1964,11,None,0,13737.883129733322,11096.816724451952,0.8077530300454202
SN2008A22102,Sedhiou,Goudomp,Mil,Principale,1965,6,1965,11,None,0,15015.538627626229,12763.207833482296,0.8500000000000001
SN2008A22102,Sedhiou,Goudomp,Mil,Principale,1966,6,1966,11,None,0,12377.141651434216,11529.264236927587,0.9314965087752404
SN2008A22102,Sedhiou,Goudomp,Mil,Principale,1967,6,1967,11,None,0,18489.13323015043,17263.19792086379,0.9336942790110088
SN2008A22102,Sedhiou,Goudomp,Mil,Principale,1968,6,1968,11,None,0,16873.12759518168,11255.98143390479,0.6670951410999267
SN2008A22102,Sedhiou,Goudomp,Mil,Principale,1969,6,1969,11,None,0,15008.86505490284,14160.320283123872,0.943463761671854
SN2008A22102,Sedhiou,Goudomp,Mil,Principale,1970,6,1970,11,None,0,15856.408790773296,10480.845962083107,0.6609848484848485
SN2008A22102,Sedhiou,Goudomp,Mil,Principale,1971,6,1971,11,None,0,10280.638780381423,9594.26182578082,0.9332359623498864
SN2008A22102,Sedhiou,Goudomp,Mil,Principale,1972,6,1972,11,None,0,6696.262870648959,5716.24871621922,0.8536475981662348
SN2008A22102,Sedhiou,Goudomp,Mil,Principale,1973,6,1973,11,None,0,6968.544637763248,6555.784164821612,0.9407680520972994
SN2008A22102,Sedhiou,Goudomp,Mil,Principale,1974,6,1974,11,None,0,7287.541413941263,8890.867260735575,1.2200091575091574
SN2008A22102,Sedhiou,Goudomp,Mil,Principale,1975,6,1975,11,None,0,7266.519659862586,8988.63510113323,1.2369931579189053
SN2008A22102,Sedhiou,Goudomp,Mil,Principale,1976,6,1976,11,None,0,6558.119915274798,7058.637869529005,1.0763203419151317
SN2008A22102,Sedhiou,Goudomp,Mil,Principale,1977,6,1977,11,None,0,8447.742031902517,7060.973619982192,0.8358415294071178
SN2008A22102,Sedhiou,Goudomp,Mil,Principale,1978,6,1978,11,None,0,8423.383491462144,7521.116459259893,0.8928854381239107
SN2008A22102,Sedhiou,Goudomp,Mil,Principale,1979,6,1979,11,None,0,8865.841363022864,7420.679189772882,0.836996612721114
SN2008A22102,Sedhiou,Goudomp,Mil,Principale,1980,6,1980,11,None,0,7820.759874540078,5190.704864252302,0.663708507551839
SN2008A22102,Sedhiou,Goudomp,Mil,Principale,1981,6,1981,11,None,0,8765.737772172022,8975.62163432262,1.023943661971831
SN2008A22102,Sedhiou,Goudomp,Mil,Principale,1982,6,1982,11,None,0,5502.360710434589,5083.927700678071,0.9239539114614918
SN2008A22102,Sedhiou,Goudomp,Mil,Principale,1983,6,1983,11,None,0,3886.688754102007,2402.4861804201964,0.618131868131868
SN2008A22102,Sedhiou,Goudomp,Mil,Principale,1984,6,1984,11,None,0,4275.090686603272,5557.7513640387215,1.300031220730565
SN2008A22102,Sedhiou,Goudomp,Mil,Principale,1985,6,1985,11,None,0,,5362.88304051575,
SN2008A22102,Sedhiou,Goudomp,Mil,Principale,1986,6,1986,11,None,0,4670.833549100265,2665.091267085571,0.5705815116445206
SN2008A22102,Sedhiou,Goudomp,Mil,Principale,1987,6,1987,11,None,0,4921.426204863539,4446.267826958211,0.9034510814292492
SN2008A22102,Sedhiou,Goudomp,Mil,Principale,1988,6,1988,11,None,0,5255.43851966918,5327.513105081785,1.0137142857142856
SN2008A22102,Sedhiou,Goudomp,Mil,Principale,1989,6,1989,11,None,0,5353.873717339174,5215.063404692673,0.9740729199127454
SN2008A22102,Sedhiou,Goudomp,Riz,Principale,1960,6,1960,11,None,0,3095.04280714184,3714.051368570207,1.2
SN2008A22102,Sedhiou,Goudomp,Riz,Principale,1961,6,1961,11,None,0,3095.04280714184,3714.051368570207,1.2
SN2008A22102,Sedhiou,Goudomp,Riz,Principale,1962,6,1962,11,None,0,3031.0785891275746,3637.363085682138,1.200022691173134
SN2008A22102,Sedhiou,Goudomp,Riz,Principale,1963,6,1963,11,None,0,5428.705083726786,7860.377049204558,1.4479285442797416
SN2008A22102,Sedhiou,Goudomp,Riz,Principale,1964,6,1964,11,None,0,4942.095575715041,6856.895392400126,1.3874469417577064
SN2008A22102,Sedhiou,Goudomp,Riz,Principale,1965,6,1965,11,None,0,5502.298323807715,7703.2176533308,1.4
SN2008A22102,Sedhiou,Goudomp,Riz,Principale,1966,6,1966,11,None,0,4814.51103333175,6258.864343331275,1.3
SN2008A22102,Sedhiou,Goudomp,Riz,Principale,1967,6,1967,11,None,0,8584.27317243051,12986.45572512192,1.5128194856181396
SN2008A22102,Sedhiou,Goudomp,Riz,Principale,1968,6,1968,11,None,0,6932.208100707245,5820.05605200761,0.8395674174025199
SN2008A22102,Sedhiou,Goudomp,Riz,Principale,1969,6,1969,11,None,0,9134.159111166044,13198.294210588518,1.4449380670908476
SN2008A22102,Sedhiou,Goudomp,Riz,Principale,1970,6,1970,11,None,0,8633.106070054304,7427.414949849938,0.8603409815168898
SN2008A22102,Sedhiou,Goudomp,Riz,Principale,1971,6,1971,11,None,0,7653.353074771293,8683.31454225905,1.134576499662997
SN2008A22102,Sedhiou,Goudomp,Riz,Principale,1972,6,1972,11,None,0,5026.693412443586,5381.935547974421,1.070671136348088
SN2008A22102,Sedhiou,Goudomp,Riz,Principale,1973,6,1973,11,None,0,3476.076966065524,6869.619457273931,1.9762564305500592
SN2008A22102,Sedhiou,Goudomp,Riz,Principale,1974,6,1974,11,None,0,5337.229374093483,10874.94874336071,2.037564432989691
SN2008A22102,Sedhiou,Goudomp,Riz,Principale,1975,6,1975,11,None,0,5925.63140109567,11641.143784950937,1.964540653473392
SN2008A22102,Sedhiou,Goudomp,Riz,Principale,1976,6,1976,11,None,0,5709.32229824098,8916.818327375639,1.5617997831586554
SN2008A22102,Sedhiou,Goudomp,Riz,Principale,1977,6,1977,11,None,0,4804.19422397461,4501.911709810424,0.937079455977094
SN2008A22102,Sedhiou,Goudomp,Riz,Principale,1978,6,1978,11,None,0,6483.426893671678,13285.643196478964,2.049169893385668
SN2008A22102,Sedhiou,Goudomp,Riz,Principale,1979,6,1979,11,None,0,5263.980027657793,7374.799222128528,1.4009930097341088
SN2008A22102,Sedhiou,Goudomp,Riz,Principale,1980,6,1980,11,None,0,4651.505445488947,3702.358984632116,0.7959485435457637
SN2008A22102,Sedhiou,Goudomp,Riz,Principale,1981,6,1981,11,None,0,5894.337079379015,7188.408866409541,1.2195449241540255
SN2008A22102,Sedhiou,Goudomp,Riz,Principale,1982,6,1982,11,None,0,4994.367409791215,5153.246273891163,1.0318116091716587
SN2008A22102,Sedhiou,Goudomp,Riz,Principale,1983,6,1983,11,None,0,4960.665832557893,2780.724015394324,0.5605545927209705
SN2008A22102,Sedhiou,Goudomp,Riz,Principale,1984,6,1984,11,None,0,5158.404678569733,6190.085614283679,1.2
SN2008A22102,Sedhiou,Goudomp,Riz,Principale,1985,6,1985,11,None,0,5287.020901888738,5815.5854346195165,1.0999739820476129
SN2008A22102,Sedhiou,Goudomp,Riz,Principale,1986,6,1986,11,None,0,5636.072951805289,6579.3732206930745,1.1673683568246995
SN2008A22102,Sedhiou,Goudomp,Riz,Principale,1987,6,1987,11,None,0,5901.2149522837735,7675.362268066524,1.3006410256410257
SN2008A22102,Sedhiou,Goudomp,Riz,Principale,1988,6,1988,11,None,0,6809.094175712046,8290.587999397274,1.2175757575757578
SN2008A22102,Sedhiou,Goudomp,Riz,Principale,1989,6,1989,11,None,0,5858.228246629026,6947.339421097716,1.185911358966833
SN2008A22102,Sedhiou,Goudomp,Sorgho,Principale,1982,6,1982,11,None,0,1253.7551357085565,1027.8653511299358,0.8198294243070361
SN2008A22102,Sedhiou,Goudomp,Sorgho,Principale,1983,6,1983,11,None,0,939.648038809291,578.9818048519079,0.6161688003793268
SN2008A22102,Sedhiou,Goudomp,Sorgho,Principale,1984,6,1984,11,None,0,1033.4346258976532,1343.5318449641618,1.300064669109722
SN2008A22102,Sedhiou,Goudomp,Sorgho,Principale,1985,6,1985,11,None,0,1039.6722136374967,1140.14193044712,1.0966359545746736
SN2008A22102,Sedhiou,Goudomp,Sorgho,Principale,1986,6,1986,11,None,0,1831.6230856069203,1640.9311175602743,0.8958890780831914
SN2008A22102,Sedhiou,Goudomp,Sorgho,Principale,1987,6,1987,11,None,0,1693.05952938611,935.6381609765344,0.5526315789473684
SN2008A22102,Sedhiou,Goudomp,Sorgho,Principale,1988,6,1988,11,None,0,1924.7413597231568,1794.8658721399854,0.932523148148148
SN2008A22102,Sedhiou,Goudomp,Sorgho,Principale,1989,6,1989,11,None,0,1593.258125548613,1439.7689129503196,0.9036633109619688
SN2008A22103,Sedhiou,Sedhiou,Niébé,Principale,1970,6,1970,11,None,0,52.18420583438848,20.95586218546309,0.4015748031496063
SN2008A22103,Sedhiou,Sedhiou,Niébé,Principale,1971,6,1971,11,None,0,211.6131181473233,55.47139990269641,0.2621359223300971
SN2008A22103,Sedhiou,Sedhiou,Niébé,Principale,1972,6,1972,11,None,0,134.77495680062538,46.43161621484959,0.3445121951219512
SN2008A22103,Sedhiou,Sedhiou,Niébé,Principale,1973,6,1973,11,None,0,115.46269164931624,46.43161621484959,0.4021352313167259
SN2008A22103,Sedhiou,Sedhiou,Niébé,Principale,1974,6,1974,11,None,0,127.37877014693252,63.689385073466255,0.4999999999999999
SN2008A22103,Sedhiou,Sedhiou,Niébé,Principale,1975,6,1975,11,None,0,112.5863968395468,51.77330657584999,0.4598540145985401
SN2008A22103,Sedhiou,Sedhiou,Niébé,Principale,1987,6,1987,11,None,0,31.22834364892539,17.25776885861666,0.5526315789473684
SN2008A22103,Sedhiou,Sedhiou,Niébé,Principale,1988,6,1988,11,None,0,26.29755254646349,11.094279980539284,0.421875
SN2008A22103,Sedhiou,Sedhiou,Niébé,Principale,1989,6,1989,11,None,0,18.07956737569365,7.807085912231347,0.4318181818181817
SN2008A22103,Sedhiou,Sedhiou,Arachide (en coque),Principale,1960,6,1960,11,None,0,14170.184957588252,13754.355602173697,0.9706546275395032
SN2008A22103,Sedhiou,Sedhiou,Arachide (en coque),Principale,1961,6,1961,11,None,0,13754.355602173697,13754.355602173697,1.0
SN2008A22103,Sedhiou,Sedhiou,Arachide (en coque),Principale,1962,6,1962,11,None,0,11336.467834805537,13604.01729675459,1.200022572726503
SN2008A22103,Sedhiou,Sedhiou,Arachide (en coque),Principale,1963,6,1963,11,None,0,11865.53072238682,14238.95673559912,1.200026957811026
SN2008A22103,Sedhiou,Sedhiou,Arachide (en coque),Principale,1964,6,1964,11,None,0,9080.75351604905,13459.116759829363,1.4821585825495789
SN2008A22103,Sedhiou,Sedhiou,Arachide (en coque),Principale,1965,6,1965,11,None,0,12794.74939737088,15353.699276845058,1.2000000000000002
SN2008A22103,Sedhiou,Sedhiou,Arachide (en coque),Principale,1966,6,1966,11,None,0,11780.76550762924,16493.071710680935,1.4
SN2008A22103,Sedhiou,Sedhiou,Arachide (en coque),Principale,1967,6,1967,11,None,0,13493.022845732396,18642.58960943924,1.3816466349003154
SN2008A22103,Sedhiou,Sedhiou,Arachide (en coque),Principale,1968,6,1968,11,None,0,12942.20888417558,11284.329231011248,0.8719013370900374
SN2008A22103,Sedhiou,Sedhiou,Arachide (en coque),Principale,1969,6,1969,11,None,0,14074.22433710797,12027.064433528629,0.8545454545454546
SN2008A22103,Sedhiou,Sedhiou,Arachide (en coque),Principale,1970,6,1970,11,None,0,13600.818609405247,12509.106617074576,0.9197318908748824
SN2008A22103,Sedhiou,Sedhiou,Arachide (en coque),Principale,1971,6,1971,11,None,0,13149.803693147924,13162.598442545292,1.0009729992702503
SN2008A22103,Sedhiou,Sedhiou,Arachide (en coque),Principale,1972,6,1972,11,None,0,9145.686869240706,10555.668252830978,1.154168998321209
SN2008A22103,Sedhiou,Sedhiou,Arachide (en coque),Principale,1973,6,1973,11,None,0,12997.226306584276,15813.67051768054,1.2166957891369083
SN2008A22103,Sedhiou,Sedhiou,Arachide (en coque),Principale,1974,6,1974,11,None,0,12679.596652794544,16751.84551724276,1.3211654894046416
SN2008A22103,Sedhiou,Sedhiou,Arachide (en coque),Principale,1975,6,1975,11,None,0,3189.731024764561,3307.762587955307,1.037003610108303
SN2008A22103,Sedhiou,Sedhiou,Arachide (en coque),Principale,1976,6,1976,11,None,0,13791.460375426072,16847.48626898811,1.2215882734947583
SN2008A22103,Sedhiou,Sedhiou,Arachide (en coque),Principale,1977,6,1977,11,None,0,10806.125472284511,10927.3557228246,1.0112186602729183
SN2008A22103,Sedhiou,Sedhiou,Arachide (en coque),Principale,1978,6,1978,11,None,0,13712.77266663224,16436.774813332504,1.1986470725449034
SN2008A22103,Sedhiou,Sedhiou,Arachide (en coque),Principale,1979,6,1979,11,None,0,10436.996952170362,11164.698324145833,1.0697232523215543
SN2008A22103,Sedhiou,Sedhiou,Arachide (en coque),Principale,1980,6,1980,11,None,0,7977.20638052581,3818.912826380274,0.4787280965555957
SN2008A22103,Sedhiou,Sedhiou,Arachide (en coque),Principale,1981,6,1981,11,None,0,11292.006080649671,12421.142714967653,1.0999943345986063
SN2008A22103,Sedhiou,Sedhiou,Arachide (en coque),Principale,1982,6,1982,11,None,0,10858.903813548666,15654.375887683273,1.4416165900789444
SN2008A22103,Sedhiou,Sedhiou,Arachide (en coque),Principale,1983,6,1983,11,None,0,11796.119206906083,14521.080959811148,1.2310049351917134
SN2008A22103,Sedhiou,Sedhiou,Arachide (en coque),Principale,1984,6,1984,11,None,0,9436.767418030891,11616.672846607957,1.231001288048268
SN2008A22103,Sedhiou,Sedhiou,Arachide (en coque),Principale,1985,6,1985,11,None,0,,13333.08847826526,
SN2008A22103,Sedhiou,Sedhiou,Arachide (en coque),Principale,1986,6,1986,11,None,0,13388.105900673956,15552.017892504306,1.1616294349540075
SN2008A22103,Sedhiou,Sedhiou,Arachide (en coque),Principale,1987,6,1987,11,None,0,14736.352618421914,18026.202557220902,1.2232472324723247
SN2008A22103,Sedhiou,Sedhiou,Arachide (en coque),Principale,1988,6,1988,11,None,0,14753.625530108364,17079.391101815454,1.1576402740438816
SN2008A22103,Sedhiou,Sedhiou,Arachide (en coque),Principale,1989,6,1989,11,None,0,13888.380602111158,15535.70458702266,1.1186116677030793
SN2008A22103,Sedhiou,Sedhiou,Maïs,Principale,1960,6,1960,11,None,0,1499.5428126809625,1799.451375217155,1.2
SN2008A22103,Sedhiou,Sedhiou,Maïs,Principale,1962,6,1962,11,None,0,1506.8263063425557,1808.0201912896173,1.1998862667045778
SN2008A22103,Sedhiou,Sedhiou,Maïs,Principale,1964,6,1964,11,None,0,478.5683776470386,475.44075978058976,0.9934646374216652
SN2008A22103,Sedhiou,Sedhiou,Maïs,Principale,1965,6,1965,11,None,0,514.1289643477586,488.4225161303706,0.95
SN2008A22103,Sedhiou,Sedhiou,Maïs,Principale,1966,6,1966,11,None,0,571.9684728368815,557.4014855136949,0.9745318352059924
SN2008A22103,Sedhiou,Sedhiou,Maïs,Principale,1967,6,1967,11,None,0,3444.664061129982,3113.9077607329245,0.9039800995024876
SN2008A22103,Sedhiou,Sedhiou,Maïs,Principale,1968,6,1968,11,None,0,1782.3137430722295,1247.6196201505609,0.7000000000000002
SN2008A22103,Sedhiou,Sedhiou,Maïs,Principale,1969,6,1969,11,None,0,1771.1742821780283,1827.7284682562813,1.0319303338171262
SN2008A22103,Sedhiou,Sedhiou,Maïs,Principale,1970,6,1970,11,None,0,2347.855603854764,2182.9058944598582,0.9297445255474452
SN2008A22103,Sedhiou,Sedhiou,Maïs,Principale,1971,6,1971,11,None,0,1088.2396412027556,801.1843027752572,0.7362204724409449
SN2008A22103,Sedhiou,Sedhiou,Maïs,Principale,1972,6,1972,11,None,0,1508.9685103606714,1071.5304498614537,0.710107893242476
SN2008A22103,Sedhiou,Sedhiou,Maïs,Principale,1973,6,1973,11,None,0,1493.1162006266154,1428.8500800831457,0.956958393113343
SN2008A22103,Sedhiou,Sedhiou,Maïs,Principale,1974,6,1974,11,None,0,1358.157347485329,1579.6612429584882,1.1630914826498422
SN2008A22103,Sedhiou,Sedhiou,Maïs,Principale,1975,6,1975,11,None,0,1700.0531087765885,1976.8258679171315,1.1628024193548383
SN2008A22103,Sedhiou,Sedhiou,Maïs,Principale,1976,6,1976,11,None,0,1773.3164861961438,2132.349879632329,1.2024643633727954
SN2008A22103,Sedhiou,Sedhiou,Maïs,Principale,1977,6,1977,11,None,0,2110.070957843926,1467.4097524092276,0.6954314720812182
SN2008A22103,Sedhiou,Sedhiou,Maïs,Principale,1978,6,1978,11,None,0,2680.7541082699377,2298.1564706344807,0.8572798465718395
SN2008A22103,Sedhiou,Sedhiou,Maïs,Principale,1979,6,1979,11,None,0,3222.7317248532,3062.066423494525,0.9501462377027384
SN2008A22103,Sedhiou,Sedhiou,Maïs,Principale,1980,6,1980,11,None,0,2044.9479556932097,1414.7115335635824,0.6918080871569244
SN2008A22103,Sedhiou,Sedhiou,Maïs,Principale,1981,6,1981,11,None,0,2475.5309633344573,2016.670862654083,0.8146417445482868
SN2008A22103,Sedhiou,Sedhiou,Maïs,Principale,1982,6,1982,11,None,0,1139.6525376375314,1178.2122099636133,1.033834586466165
SN2008A22103,Sedhiou,Sedhiou,Maïs,Principale,1983,6,1983,11,None,0,2792.1487172119523,1697.9109047584727,0.60810188737149
SN2008A22103,Sedhiou,Sedhiou,Maïs,Principale,1984,6,1984,11,None,0,3350.407084332893,5025.61062649934,1.5
SN2008A22103,Sedhiou,Sedhiou,Maïs,Principale,1985,6,1985,11,None,0,8592.380316661915,8214.495527866313,0.9560209424083772
SN2008A22103,Sedhiou,Sedhiou,Maïs,Principale,1986,6,1986,11,None,0,4565.465203408096,4584.745039571137,1.0042229729729728
SN2008A22103,Sedhiou,Sedhiou,Maïs,Principale,1987,6,1987,11,None,0,5021.3262184631085,5050.460193109481,1.00580204778157
SN2008A22103,Sedhiou,Sedhiou,Maïs,Principale,1988,6,1988,11,None,0,5272.392529386264,5386.786223953641,1.0216967333008289
SN2008A22103,Sedhiou,Sedhiou,Maïs,Principale,1989,6,1989,11,None,0,6326.785347102792,7875.5988522004145,1.2448026003927677
SN2008A22103,Sedhiou,Sedhiou,Mil,Principale,1960,6,1960,11,None,0,6039.263041491925,4624.053762241028,0.7656652360515022
SN2008A22103,Sedhiou,Sedhiou,Mil,Principale,1961,6,1961,11,None,0,6998.287644647295,5598.630115717836,0.8
SN2008A22103,Sedhiou,Sedhiou,Mil,Principale,1962,6,1962,11,None,0,7599.881186248272,6840.178183046004,0.9000375157736775
SN2008A22103,Sedhiou,Sedhiou,Mil,Principale,1963,6,1963,11,None,0,9499.527488011976,7213.938582437908,0.759399727148704
SN2008A22103,Sedhiou,Sedhiou,Mil,Principale,1964,6,1964,11,None,0,10671.35187473236,8619.816811495943,0.8077530300454205
SN2008A22103,Sedhiou,Sedhiou,Mil,Principale,1965,6,1965,11,None,0,11663.812741078826,9914.240829917002,0.85
SN2008A22103,Sedhiou,Sedhiou,Mil,Principale,1966,6,1966,11,None,0,9614.35124455193,8955.734618439012,0.9314965087752406
SN2008A22103,Sedhiou,Sedhiou,Mil,Principale,1967,6,1967,11,None,0,14362.041421848391,13409.75591049898,0.933694279011009
SN2008A22103,Sedhiou,Sedhiou,Mil,Principale,1968,6,1968,11,None,0,13106.755975069622,8743.453226551377,0.6670951410999267
SN2008A22103,Sedhiou,Sedhiou,Mil,Principale,1969,6,1969,11,None,0,11658.628824305011,10999.493806514713,0.9434637616718542
SN2008A22103,Sedhiou,Sedhiou,Mil,Principale,1970,6,1970,11,None,0,12316.986254579238,8141.34129327302,0.6609848484848485
SN2008A22103,Sedhiou,Sedhiou,Mil,Principale,1971,6,1971,11,None,0,7985.8237900586355,7452.6579498719875,0.9332359623498864
SN2008A22103,Sedhiou,Sedhiou,Mil,Principale,1972,6,1972,11,None,0,5201.542090843775,4440.283912609363,0.8536475981662348
SN2008A22103,Sedhiou,Sedhiou,Mil,Principale,1973,6,1973,11,None,0,5413.045895215338,5092.420642755015,0.9407680520972994
SN2008A22103,Sedhiou,Sedhiou,Mil,Principale,1974,6,1974,11,None,0,5660.83711700359,6906.273121912118,1.2200091575091576
SN2008A22103,Sedhiou,Sedhiou,Mil,Principale,1975,6,1975,11,None,0,5644.50777916608,6982.217502648476,1.2369931579189053
SN2008A22103,Sedhiou,Sedhiou,Mil,Principale,1976,6,1976,11,None,0,5094.235013625849,5483.02877166181,1.076320341915132
SN2008A22103,Sedhiou,Sedhiou,Mil,Principale,1977,6,1977,11,None,0,6562.061048130947,5484.843142532644,0.8358415294071178
SN2008A22103,Sedhiou,Sedhiou,Mil,Principale,1978,6,1978,11,None,0,6543.13975190653,5842.274204087038,0.8928854381239106
SN2008A22103,Sedhiou,Sedhiou,Mil,Principale,1979,6,1979,11,None,0,6886.833434010319,5764.256256641155,0.836996612721114
SN2008A22103,Sedhiou,Sedhiou,Mil,Principale,1980,6,1980,11,None,0,6075.032067231234,4032.0504666716047,0.6637085075518389
SN2008A22103,Sedhiou,Sedhiou,Mil,Principale,1981,6,1981,11,None,0,6809.074682403128,6972.108864939541,1.023943661971831
SN2008A22103,Sedhiou,Sedhiou,Mil,Principale,1982,6,1982,11,None,0,4274.139380008663,3949.107798290599,0.9239539114614918
SN2008A22103,Sedhiou,Sedhiou,Mil,Principale,1983,6,1983,11,None,0,3019.113129068581,1866.210038572612,0.618131868131868
SN2008A22103,Sedhiou,Sedhiou,Mil,Principale,1984,6,1984,11,None,0,3320.8170853044867,4317.165889231309,1.300031220730565
SN2008A22103,Sedhiou,Sedhiou,Mil,Principale,1985,6,1985,11,None,0,,4165.795519435975,
SN2008A22103,Sedhiou,Sedhiou,Mil,Principale,1986,6,1986,11,None,0,3628.2233499915865,2070.197163622146,0.5705815116445206
SN2008A22103,Sedhiou,Sedhiou,Mil,Principale,1987,6,1987,11,None,0,3822.8794248482577,3453.7845505527853,0.9034510814292492
SN2008A22103,Sedhiou,Sedhiou,Mil,Principale,1988,6,1988,11,None,0,4082.3344593775887,4138.320760534767,1.0137142857142858
SN2008A22103,Sedhiou,Sedhiou,Mil,Principale,1989,6,1989,11,None,0,4158.797231791328,4050.971762896021,0.9740729199127452
SN2008A22103,Sedhiou,Sedhiou,Riz,Principale,1960,6,1960,11,None,0,4119.697100779861,4943.636520935834,1.2000000000000002
SN2008A22103,Sedhiou,Sedhiou,Riz,Principale,1961,6,1961,11,None,0,4119.697100779861,4943.636520935834,1.2000000000000002
SN2008A22103,Sedhiou,Sedhiou,Riz,Principale,1962,6,1962,11,None,0,4034.55669403041,4841.559581660955,1.2000226911731338
SN2008A22103,Sedhiou,Sedhiou,Riz,Principale,1963,6,1963,11,None,0,7225.948714767876,10462.65740361392,1.4479285442797416
SN2008A22103,Sedhiou,Sedhiou,Riz,Principale,1964,6,1964,11,None,0,6578.240781700821,9126.960054716628,1.3874469417577064
SN2008A22103,Sedhiou,Sedhiou,Riz,Principale,1965,6,1965,11,None,0,7323.905956941975,10253.468339718764,1.4
SN2008A22103,Sedhiou,Sedhiou,Riz,Principale,1966,6,1966,11,None,0,6408.417712324228,8330.943026021498,1.3000000000000005
SN2008A22103,Sedhiou,Sedhiou,Riz,Principale,1967,6,1967,11,None,0,11426.2087810741,17285.79129074999,1.5128194856181396
SN2008A22103,Sedhiou,Sedhiou,Riz,Principale,1968,6,1968,11,None,0,9227.20601750227,7746.861525955374,0.8395674174025202
SN2008A22103,Sedhiou,Sedhiou,Riz,Principale,1969,6,1969,11,None,0,12158.141632645988,17567.761670092255,1.4449380670908476
SN2008A22103,Sedhiou,Sedhiou,Riz,Principale,1970,6,1970,11,None,0,11491.20844644196,9886.35755362705,0.8603409815168896
SN2008A22103,Sedhiou,Sedhiou,Riz,Principale,1971,6,1971,11,None,0,10187.095441983978,11558.039088299054,1.134576499662997
SN2008A22103,Sedhiou,Sedhiou,Riz,Principale,1972,6,1972,11,None,0,6690.845835788803,7163.695514133869,1.070671136348088
SN2008A22103,Sedhiou,Sedhiou,Riz,Principale,1973,6,1973,11,None,0,4626.877588298093,9143.896587242056,1.97625643055006
SN2008A22103,Sedhiou,Sedhiou,Riz,Principale,1974,6,1974,11,None,0,7104.188778233716,14475.242379773505,2.0375644329896905
SN2008A22103,Sedhiou,Sedhiou,Riz,Principale,1975,6,1975,11,None,0,7887.388971504199,15495.096284277675,1.964540653473391
SN2008A22103,Sedhiou,Sedhiou,Riz,Principale,1976,6,1976,11,None,0,7599.467918571917,11868.84734734678,1.5617997831586556
SN2008A22103,Sedhiou,Sedhiou,Riz,Principale,1977,6,1977,11,None,0,6394.6853886549625,5992.328305145463,0.9370794559770936
SN2008A22103,Sedhiou,Sedhiou,Riz,Principale,1978,6,1978,11,None,0,8629.849937889192,17684.02867715871,2.049169893385668
SN2008A22103,Sedhiou,Sedhiou,Riz,Principale,1979,6,1979,11,None,0,7006.689280181926,9816.32270291379,1.4009930097341086
SN2008A22103,Sedhiou,Sedhiou,Riz,Principale,1980,6,1980,11,None,0,6191.446998349822,4928.073220777332,0.7959485435457637
SN2008A22103,Sedhiou,Sedhiou,Riz,Principale,1981,6,1981,11,None,0,7845.734256374091,9568.225388622384,1.219544924154026
SN2008A22103,Sedhiou,Sedhiou,Riz,Principale,1982,6,1982,11,None,0,6647.817888291769,6859.295672798468,1.0318116091716587
SN2008A22103,Sedhiou,Sedhiou,Riz,Principale,1983,6,1983,11,None,0,6602.9589643055,3701.3189729895503,0.5605545927209704
SN2008A22103,Sedhiou,Sedhiou,Riz,Principale,1984,6,1984,11,None,0,6866.1618346331015,8239.394201559722,1.2
SN2008A22103,Sedhiou,Sedhiou,Riz,Principale,1985,6,1985,11,None,0,7037.358136376621,7740.91085236536,1.099973982047613
SN2008A22103,Sedhiou,Sedhiou,Riz,Principale,1986,6,1986,11,None,0,7501.968420520127,8757.560548013367,1.1673683568246995
SN2008A22103,Sedhiou,Sedhiou,Riz,Principale,1987,6,1987,11,None,0,7854.889138820268,10216.391065811747,1.3006410256410257
SN2008A22103,Sedhiou,Sedhiou,Riz,Principale,1988,6,1988,11,None,0,9063.333621715694,11035.295300622322,1.2175757575757578
SN2008A22103,Sedhiou,Sedhiou,Riz,Principale,1989,6,1989,11,None,0,7797.67112353166,9247.34675888386,1.1859113589668326
SN2008A22103,Sedhiou,Sedhiou,Sorgho,Principale,1982,6,1982,11,None,0,2194.610489469047,1799.206254159592,0.8198294243070363
SN2008A22103,Sedhiou,Sedhiou,Sorgho,Principale,1983,6,1983,11,None,0,1644.788032086077,1013.4670686087516,0.6161688003793266
SN2008A22103,Sedhiou,Sedhiou,Sorgho,Principale,1984,6,1984,11,None,0,1808.954879290496,2351.7583265792155,1.300064669109722
SN2008A22103,Sedhiou,Sedhiou,Sorgho,Principale,1985,6,1985,11,None,0,1819.873339437108,1995.7385367986112,1.096635954574673
SN2008A22103,Sedhiou,Sedhiou,Sorgho,Principale,1986,6,1986,11,None,0,3206.127833051618,2872.3349085694745,0.8958890780831915
SN2008A22103,Sedhiou,Sedhiou,Sorgho,Principale,1987,6,1987,11,None,0,2963.582039794733,1637.7690219918263,0.5526315789473685
SN2008A22103,Sedhiou,Sedhiou,Sorgho,Principale,1988,6,1988,11,None,0,3369.1248452403283,3141.786907187653,0.9325231481481482
SN2008A22103,Sedhiou,Sedhiou,Sorgho,Principale,1989,6,1989,11,None,0,2788.8866774489384,2520.2145688412315,0.9036633109619686
SN2008A22201,Tambacounda,Bakel,Niébé,Principale,1964,6,1964,11,None,0,96.45683822681583,29.679027146712563,0.3076923076923077
SN2008A22201,Tambacounda,Bakel,Niébé,Principale,1965,6,1965,11,None,0,222.59270360034424,66.77781108010328,0.3
SN2008A22201,Tambacounda,Bakel,Niébé,Principale,1966,6,1966,11,None,0,259.6914875337349,90.52103279747332,0.3485714285714286
SN2008A22201,Tambacounda,Bakel,Niébé,Principale,1968,6,1968,11,None,0,333.8890554005163,49.71237047074354,0.1488888888888889
SN2008A22201,Tambacounda,Bakel,Niébé,Principale,1986,6,1986,11,None,0,1345.9438811034147,690.0373811610672,0.5126791620727674
SN2008A22201,Tambacounda,Bakel,Niébé,Principale,1987,6,1987,11,None,0,916.3399631547504,482.2841911340791,0.5263157894736842
SN2008A22201,Tambacounda,Bakel,Niébé,Principale,1988,6,1988,11,None,0,1455.0143058675835,396.9569880872805,0.2728199898011219
SN2008A22201,Tambacounda,Bakel,Arachide (en coque),Principale,1960,6,1960,11,None,0,1444.623447942243,1444.623447942243,1.0
SN2008A22201,Tambacounda,Bakel,Arachide (en coque),Principale,1961,6,1961,11,None,0,1162.3407052408852,1162.3407052408852,1.0
SN2008A22201,Tambacounda,Bakel,Arachide (en coque),Principale,1962,6,1962,11,None,0,1361.5991118536083,1361.5991118536083,1.0
SN2008A22201,Tambacounda,Bakel,Arachide (en coque),Principale,1963,6,1963,11,None,0,1494.4380495954238,1629.4356200755435,1.0903333333333332
SN2008A22201,Tambacounda,Bakel,Arachide (en coque),Principale,1964,6,1964,11,None,0,996.292033063616,996.292033063616,1.0
SN2008A22201,Tambacounda,Bakel,Arachide (en coque),Principale,1965,6,1965,11,None,0,1328.3893774181545,1195.550439676339,0.9
SN2008A22201,Tambacounda,Bakel,Arachide (en coque),Principale,1966,6,1966,11,None,0,1293.3531075887506,1099.4082584857,0.8500449351649761
SN2008A22201,Tambacounda,Bakel,Arachide (en coque),Principale,1967,6,1967,11,None,0,1390.989726828985,1390.989726828985,1.0
SN2008A22201,Tambacounda,Bakel,Arachide (en coque),Principale,1968,6,1968,11,None,0,1049.7597055046967,551.1155429563569,0.524992091110408
SN2008A22201,Tambacounda,Bakel,Arachide (en coque),Principale,1969,6,1969,11,None,0,996.292033063616,830.2433608863466,0.8333333333333333
SN2008A22201,Tambacounda,Bakel,Arachide (en coque),Principale,1970,6,1970,11,None,0,1693.696456208147,697.4044231445312,0.4117647058823529
SN2008A22201,Tambacounda,Bakel,Arachide (en coque),Principale,1971,6,1971,11,None,0,1773.3998188532364,755.5214584065754,0.4260299625468164
SN2008A22201,Tambacounda,Bakel,Arachide (en coque),Principale,1972,6,1972,11,None,0,2006.5321545901224,878.7295731621092,0.4379344587884806
SN2008A22201,Tambacounda,Bakel,Arachide (en coque),Principale,1973,6,1973,11,None,0,2006.5321545901224,968.8940021543664,0.4828699106256206
SN2008A22201,Tambacounda,Bakel,Arachide (en coque),Principale,1974,6,1974,11,None,0,1133.4482362820404,657.3866931498093,0.5799882801054791
SN2008A22201,Tambacounda,Bakel,Arachide (en coque),Principale,1975,6,1975,11,None,0,1259.3131297924106,1023.8561126450426,0.8130274261603375
SN2008A22201,Tambacounda,Bakel,Arachide (en coque),Principale,1976,6,1976,11,None,0,432.0586450052548,505.61820677978506,1.170253651037663
SN2008A22201,Tambacounda,Bakel,Arachide (en coque),Principale,1977,6,1977,11,None,0,156.08575184663317,43.67080078262183,0.2797872340425532
SN2008A22201,Tambacounda,Bakel,Arachide (en coque),Principale,1978,6,1978,11,None,0,1314.7733862996186,1101.732939896182,0.8379641323566557
SN2008A22201,Tambacounda,Bakel,Arachide (en coque),Principale,1979,6,1979,11,None,0,1281.0655058476327,131.67659703657458,0.1027867790019442
SN2008A22201,Tambacounda,Bakel,Arachide (en coque),Principale,1980,6,1980,11,None,0,1099.2422098135228,647.4237728191731,0.5889728096676738
SN2008A22201,Tambacounda,Bakel,Arachide (en coque),Principale,1981,6,1981,11,None,0,802.6792813049199,855.6488077294688,1.065990897807199
SN2008A22201,Tambacounda,Bakel,Arachide (en coque),Principale,1986,6,1986,11,None,0,603.0887773478422,628.4942241909644,1.042125550660793
SN2008A22201,Tambacounda,Bakel,Arachide (en coque),Principale,1987,6,1987,11,None,0,1421.5426825096026,1488.4602973970425,1.0470739399602853
SN2008A22201,Tambacounda,Bakel,Arachide (en coque),Principale,1988,6,1988,11,None,0,656.7224984611001,665.6891267586727,1.013653603034134
SN2008A22201,Tambacounda,Bakel,Arachide (en coque),Principale,1989,6,1989,11,None,0,1737.533305662946,1708.3087393597468,0.9831804281345566
SN2008A22201,Tambacounda,Bakel,Maïs,Principale,1960,6,1960,11,None,0,1756.10890391996,1404.8871231359678,0.7999999999999998
SN2008A22201,Tambacounda,Bakel,Maïs,Principale,1961,6,1961,11,None,0,1756.10890391996,1370.6215835472858,0.7804878048780487
SN2008A22201,Tambacounda,Bakel,Maïs,Principale,1962,6,1962,11,None,0,2120.180262049708,1643.4609425221672,0.775151515151515
SN2008A22201,Tambacounda,Bakel,Maïs,Principale,1963,6,1963,11,None,0,1855.9072879719963,1484.5545026796538,0.7999076852065544
SN2008A22201,Tambacounda,Bakel,Maïs,Principale,1964,6,1964,11,None,0,2227.260073264339,1884.604677377518,0.8461538461538464
SN2008A22201,Tambacounda,Bakel,Maïs,Principale,1965,6,1965,11,None,0,2569.915469151161,2055.9323753209287,0.8
SN2008A22201,Tambacounda,Bakel,Maïs,Principale,1966,6,1966,11,None,0,4076.742572563458,3057.342769800164,0.7499474679554529
SN2008A22201,Tambacounda,Bakel,Maïs,Principale,1967,6,1967,11,None,0,4092.162065378365,6192.63964216458,1.5132928616286374
SN2008A22201,Tambacounda,Bakel,Maïs,Principale,1968,6,1968,11,None,0,714.0081811791641,401.3351324324396,0.5620875824835033
SN2008A22201,Tambacounda,Bakel,Maïs,Principale,1969,6,1969,11,None,0,3316.0475936947146,2817.912311924248,0.8497804184965124
SN2008A22201,Tambacounda,Bakel,Maïs,Principale,1970,6,1970,11,None,0,3365.732626098304,1433.1561932966306,0.4258080936625095
SN2008A22201,Tambacounda,Bakel,Maïs,Principale,1971,6,1971,11,None,0,3959.81141871708,3168.448781916466,0.800151433207139
SN2008A22201,Tambacounda,Bakel,Maïs,Principale,1972,6,1972,11,None,0,4387.702344330748,1713.2769794341073,0.3904724716907458
SN2008A22201,Tambacounda,Bakel,Maïs,Principale,1973,6,1973,11,None,0,5045.600704433446,4030.055774873879,0.7987266553480475
SN2008A22201,Tambacounda,Bakel,Maïs,Principale,1974,6,1974,11,None,0,7309.26791351076,5658.953863070856,0.7742162320539114
SN2008A22201,Tambacounda,Bakel,Maïs,Principale,1975,6,1975,11,None,0,8405.33686110373,6723.755505789153,0.7999388503872809
SN2008A22201,Tambacounda,Bakel,Maïs,Principale,1976,6,1976,11,None,0,3130.5853606709725,235.57558467218973,0.0752496921603502
SN2008A22201,Tambacounda,Bakel,Maïs,Principale,1977,6,1977,11,None,0,5307.303763042006,878.4827712048384,0.1655233637317407
SN2008A22201,Tambacounda,Bakel,Maïs,Principale,1978,6,1978,11,None,0,3638.1436658283264,3011.0842913554434,0.8276430421473983
SN2008A22201,Tambacounda,Bakel,Maïs,Principale,1979,6,1979,11,None,0,4111.864750641857,822.3729501283715,0.2
SN2008A22201,Tambacounda,Bakel,Maïs,Principale,1980,6,1980,11,None,0,3142.578299527011,565.3814032132553,0.1799100449775112
SN2008A22201,Tambacounda,Bakel,Maïs,Principale,1981,6,1981,11,None,0,4412.973179777401,3824.890856586644,0.8667378433465981
SN2008A22201,Tambacounda,Bakel,Maïs,Principale,1986,6,1986,11,None,0,2228.545030998915,2272.233593974485,1.019604074572362
SN2008A22201,Tambacounda,Bakel,Maïs,Principale,1987,6,1987,11,None,0,977.424516767158,894.3305832646039,0.9149868536371604
SN2008A22201,Tambacounda,Bakel,Maïs,Principale,1988,6,1988,11,None,0,1674.2999281519812,1093.9273513686774,0.6533640317216679
SN2008A22201,Tambacounda,Bakel,Maïs,Principale,1989,6,1989,11,None,0,1810.9337672618512,1804.5089785889736,0.9964522232734154
SN2008A22201,Tambacounda,Bakel,Mil,Principale,1960,6,1960,11,None,0,2238.968558276966,1515.9682946666962,0.6770833333333335
SN2008A22201,Tambacounda,Bakel,Mil,Principale,1961,6,1961,11,None,0,2238.968558276966,1434.805684429156,0.6408333333333334
SN2008A22201,Tambacounda,Bakel,Mil,Principale,1962,6,1962,11,None,0,2378.904093169277,1519.140166790922,0.6385882352941177
SN2008A22201,Tambacounda,Bakel,Mil,Principale,1963,6,1963,11,None,0,2439.542824955945,1585.376319973282,0.6498661567877628
SN2008A22201,Tambacounda,Bakel,Mil,Principale,1964,6,1964,11,None,0,2985.291411035956,1959.097488492346,0.65625
SN2008A22201,Tambacounda,Bakel,Mil,Principale,1965,6,1965,11,None,0,3358.45283741545,2518.8396280615875,0.75
SN2008A22201,Tambacounda,Bakel,Mil,Principale,1966,6,1966,11,None,0,3486.260625950427,2266.02276168948,0.64998662028365
SN2008A22201,Tambacounda,Bakel,Mil,Principale,1967,6,1967,11,None,0,3660.340431356461,2745.162033160751,0.7499745132021612
SN2008A22201,Tambacounda,Bakel,Mil,Principale,1968,6,1968,11,None,0,3131.943851603097,980.295067098932,0.3129989276778268
SN2008A22201,Tambacounda,Bakel,Mil,Principale,1969,6,1969,11,None,0,4882.444102749306,3197.806843359078,0.6549602568022012
SN2008A22201,Tambacounda,Bakel,Mil,Principale,1970,6,1970,11,None,0,4030.14340489854,471.676042943681,0.117037037037037
SN2008A22201,Tambacounda,Bakel,Mil,Principale,1971,6,1971,11,None,0,2727.8100268341045,1505.3331940148803,0.5518467852257181
SN2008A22201,Tambacounda,Bakel,Mil,Principale,1972,6,1972,11,None,0,3001.337352370274,1119.484279138483,0.3729951510630361
SN2008A22201,Tambacounda,Bakel,Mil,Principale,1973,6,1973,11,None,0,3450.996871157565,1127.3206690924528,0.3266652249134948
SN2008A22201,Tambacounda,Bakel,Mil,Principale,1974,6,1974,11,None,0,3908.865941325205,1724.938693439213,0.441288782816229
SN2008A22201,Tambacounda,Bakel,Mil,Principale,1975,6,1975,11,None,0,4497.154930012477,3147.8032122242253,0.6999543625274862
SN2008A22201,Tambacounda,Bakel,Mil,Principale,1976,6,1976,11,None,0,4186.498042551549,209.15697948570664,0.049959889473215
SN2008A22201,Tambacounda,Bakel,Mil,Principale,1977,6,1977,11,None,0,3526.375479286223,644.6363640705766,0.1828042328042327
SN2008A22201,Tambacounda,Bakel,Mil,Principale,1978,6,1978,11,None,0,3433.085122691349,2869.6113688583123,0.8358695652173912
SN2008A22201,Tambacounda,Bakel,Mil,Principale,1979,6,1979,11,None,0,2332.2589148718403,459.5482965863474,0.19704
SN2008A22201,Tambacounda,Bakel,Mil,Principale,1980,6,1980,11,None,0,1903.496435961801,906.409104675792,0.4761811409527544
SN2008A22201,Tambacounda,Bakel,Mil,Principale,1981,6,1981,11,None,0,1777.5544545587218,1443.3883972358844,0.8120079773275952
SN2008A22201,Tambacounda,Bakel,Mil,Principale,1986,6,1986,11,None,0,856.7786349673192,547.8009739250979,0.6393728222996516
SN2008A22201,Tambacounda,Bakel,Mil,Principale,1987,6,1987,11,None,0,1119.8574405648628,545.3754246536312,0.4870043318893702
SN2008A22201,Tambacounda,Bakel,Mil,Principale,1988,6,1988,11,None,0,1536.865334543948,1262.5916861550195,0.821536967342479
SN2008A22201,Tambacounda,Bakel,Mil,Principale,1989,6,1989,11,None,0,1317.8195772591846,1340.2092628419543,1.0169899476143285
SN2008A22201,Tambacounda,Bakel,Riz,Principale,1960,6,1960,11,None,0,92.565762468664,55.5394574811984,0.6
SN2008A22201,Tambacounda,Bakel,Riz,Principale,1961,6,1961,11,None,2,92.565762468664,55.5394574811984,0.6
SN2008A22201,Tambacounda,Bakel,Riz,Principale,1962,6,1962,11,None,2,107.02916285439277,64.21749771263565,0.5999999999999999
SN2008A22201,Tambacounda,Bakel,Riz,Principale,1963,6,1963,11,None,2,94.8799065303806,57.27506552748585,0.6036585365853658
SN2008A22201,Tambacounda,Bakel,Riz,Principale,1964,6,1964,11,None,2,102.9794107463887,61.90335365091905,0.601123595505618
SN2008A22201,Tambacounda,Bakel,Riz,Principale,1965,6,1965,11,None,0,115.70720308583,34.712160925749004,0.3
SN2008A22201,Tambacounda,Bakel,Riz,Principale,1966,6,1966,11,None,0,118.59988316297576,41.07605709546965,0.3463414634146341
SN2008A22201,Tambacounda,Bakel,Riz,Principale,1967,6,1967,11,None,0,366.7918337820811,219.843685863077,0.5993690851735016
SN2008A22201,Tambacounda,Bakel,Riz,Principale,1969,6,1969,11,None,0,98.3511226229555,63.6389616972065,0.6470588235294118
SN2008A22201,Tambacounda,Bakel,Riz,Principale,1970,6,1970,11,None,0,99.5081946538138,53.80384943491095,0.5406976744186046
SN2008A22201,Tambacounda,Bakel,Riz,Principale,1971,6,1971,11,None,0,242.985126480243,121.4925632401215,0.5
SN2008A22201,Tambacounda,Bakel,Riz,Principale,1972,6,1972,11,None,0,251.66316671168025,98.3511226229555,0.3908045977011494
SN2008A22201,Tambacounda,Bakel,Riz,Principale,1973,6,1973,11,None,0,268.4407111591256,724.905627332725,2.7004310344827585
SN2008A22201,Tambacounda,Bakel,Riz,Principale,1974,6,1974,11,None,0,535.1458142719638,391.0903464301054,0.7308108108108108
SN2008A22201,Tambacounda,Bakel,Riz,Principale,1975,6,1975,11,None,0,882.8459595448829,678.0442100829638,0.7680209698558322
SN2008A22201,Tambacounda,Bakel,Riz,Principale,1976,6,1976,11,None,0,1493.2014558226365,46.282881234332,0.0309957380860131
SN2008A22201,Tambacounda,Bakel,Riz,Principale,1977,6,1977,11,None,0,1364.1879243819358,487.1273249913443,0.3570822731128074
SN2008A22201,Tambacounda,Bakel,Riz,Principale,1978,6,1978,11,None,0,2204.2222187850616,1773.7914233057738,0.8047244094488188
SN2008A22201,Tambacounda,Bakel,Riz,Principale,1979,6,1979,11,None,0,1764.5348470589074,355.79964948892723,0.201639344262295
SN2008A22201,Tambacounda,Bakel,Riz,Principale,1980,6,1980,11,None,0,1958.3444122276728,752.6753560733241,0.3843426883308715
SN2008A22201,Tambacounda,Bakel,Riz,Principale,1981,6,1981,11,None,0,1674.8617646673893,4474.976079344476,2.671848013816926
SN2008A22201,Tambacounda,Bakel,Riz,Principale,1984,6,1984,11,None,0,393.404490491822,165.22988600656527,0.42
SN2008A22201,Tambacounda,Bakel,Riz,Principale,1985,6,1985,11,None,0,289.268007714575,127.277923394413,0.44
SN2008A22201,Tambacounda,Bakel,Riz,Principale,1986,6,1986,11,None,0,334.3938169180487,141.1049341631697,0.4219723183391004
SN2008A22201,Tambacounda,Bakel,Riz,Principale,1987,6,1987,11,None,0,391.0903464301054,1163.4359270280206,2.974852071005917
SN2008A22201,Tambacounda,Bakel,Riz,Principale,1988,6,1988,11,None,0,1099.796965330814,3461.9595163280337,3.1478169384534462
SN2008A22201,Tambacounda,Bakel,Riz,Principale,1989,6,1989,11,None,0,811.1074936316683,2048.017494619191,2.5249643366619114
SN2008A22201,Tambacounda,Bakel,Sorgho,Principale,1986,6,1986,11,None,0,4483.846358448507,3475.8296465317203,0.7751892836342459
SN2008A22201,Tambacounda,Bakel,Sorgho,Principale,1987,6,1987,11,None,0,3499.332626861386,2800.33658224206,0.8002487562189056
SN2008A22201,Tambacounda,Bakel,Sorgho,Principale,1988,6,1988,11,None,0,4955.211686171254,3526.75277057933,0.7117259552042161
SN2008A22201,Tambacounda,Bakel,Sorgho,Principale,1989,6,1989,11,None,0,7180.595731089446,5223.319758080037,0.727421505637047
SN2008A22202,Tambacounda,Goudiry,Niébé,Principale,1964,6,1964,11,None,0,33.54316177318417,10.320972853287437,0.3076923076923077
SN2008A22202,Tambacounda,Goudiry,Niébé,Principale,1965,6,1965,11,None,0,77.40729639965576,23.22218891989673,0.3
SN2008A22202,Tambacounda,Goudiry,Niébé,Principale,1966,6,1966,11,None,0,90.30851246626506,31.47896720252668,0.3485714285714286
SN2008A22202,Tambacounda,Goudiry,Niébé,Principale,1968,6,1968,11,None,0,116.11094459948364,17.287629529256456,0.1488888888888889
SN2008A22202,Tambacounda,Goudiry,Niébé,Principale,1986,6,1986,11,None,0,468.0561188965852,239.96261883893288,0.5126791620727674
SN2008A22202,Tambacounda,Goudiry,Niébé,Principale,1987,6,1987,11,None,0,318.6600368452496,167.71580886592082,0.5263157894736842
SN2008A22202,Tambacounda,Goudiry,Niébé,Principale,1988,6,1988,11,None,0,505.9856941324165,138.04301191271946,0.2728199898011219
SN2008A22202,Tambacounda,Goudiry,Arachide (en coque),Principale,1960,6,1960,11,None,0,7255.376552057756,7255.376552057756,1.0
SN2008A22202,Tambacounda,Goudiry,Arachide (en coque),Principale,1961,6,1961,11,None,0,5837.659294759114,5837.659294759114,1.0
SN2008A22202,Tambacounda,Goudiry,Arachide (en coque),Principale,1962,6,1962,11,None,0,6838.400888146392,6838.400888146392,1.0
SN2008A22202,Tambacounda,Goudiry,Arachide (en coque),Principale,1963,6,1963,11,None,0,7505.561950404575,8183.564379924455,1.0903333333333334
SN2008A22202,Tambacounda,Goudiry,Arachide (en coque),Principale,1964,6,1964,11,None,0,5003.707966936384,5003.707966936384,1.0
SN2008A22202,Tambacounda,Goudiry,Arachide (en coque),Principale,1965,6,1965,11,None,0,6671.610622581845,6004.44956032366,0.8999999999999999
SN2008A22202,Tambacounda,Goudiry,Arachide (en coque),Principale,1966,6,1966,11,None,0,6495.646892411249,5521.591741514299,0.8500449351649763
SN2008A22202,Tambacounda,Goudiry,Arachide (en coque),Principale,1967,6,1967,11,None,0,6986.010273171015,6986.010273171015,1.0
SN2008A22202,Tambacounda,Goudiry,Arachide (en coque),Principale,1968,6,1968,11,None,0,5272.240294495303,2767.884457043643,0.5249920911104081
SN2008A22202,Tambacounda,Goudiry,Arachide (en coque),Principale,1969,6,1969,11,None,0,5003.707966936384,4169.756639113653,0.8333333333333334
SN2008A22202,Tambacounda,Goudiry,Arachide (en coque),Principale,1970,6,1970,11,None,0,8506.303543791852,3502.5955768554686,0.411764705882353
SN2008A22202,Tambacounda,Goudiry,Arachide (en coque),Principale,1971,6,1971,11,None,0,8906.600181146763,3794.478541593424,0.4260299625468164
SN2008A22202,Tambacounda,Goudiry,Arachide (en coque),Principale,1972,6,1972,11,None,0,10077.467845409878,4413.27042683789,0.4379344587884806
SN2008A22202,Tambacounda,Goudiry,Arachide (en coque),Principale,1973,6,1973,11,None,0,10077.467845409878,4866.105997845633,0.4828699106256206
SN2008A22202,Tambacounda,Goudiry,Arachide (en coque),Principale,1974,6,1974,11,None,0,5692.551763717959,3301.6133068501904,0.579988280105479
SN2008A22202,Tambacounda,Goudiry,Arachide (en coque),Principale,1975,6,1975,11,None,0,6324.686870207589,5142.143887354957,0.8130274261603375
SN2008A22202,Tambacounda,Goudiry,Arachide (en coque),Principale,1976,6,1976,11,None,0,2169.941354994745,2539.3817932202146,1.170253651037663
SN2008A22202,Tambacounda,Goudiry,Arachide (en coque),Principale,1977,6,1977,11,None,0,783.9142481533668,219.3291992173781,0.2797872340425532
SN2008A22202,Tambacounda,Goudiry,Arachide (en coque),Principale,1978,6,1978,11,None,0,6603.226613700381,5533.267060103818,0.8379641323566558
SN2008A22202,Tambacounda,Goudiry,Arachide (en coque),Principale,1979,6,1979,11,None,0,6433.934494152367,661.3234029634253,0.1027867790019442
SN2008A22202,Tambacounda,Goudiry,Arachide (en coque),Principale,1980,6,1980,11,None,0,5520.757790186477,3251.5762271808267,0.5889728096676737
SN2008A22202,Tambacounda,Goudiry,Arachide (en coque),Principale,1981,6,1981,11,None,0,4031.32071869508,4297.351192270531,1.065990897807199
SN2008A22202,Tambacounda,Goudiry,Arachide (en coque),Principale,1986,6,1986,11,None,0,3028.911222652157,3156.505775809036,1.0421255506607932
SN2008A22202,Tambacounda,Goudiry,Arachide (en coque),Principale,1987,6,1987,11,None,0,7139.457317490397,7475.539702602958,1.047073939960285
SN2008A22202,Tambacounda,Goudiry,Arachide (en coque),Principale,1988,6,1988,11,None,0,3298.2775015389,3343.310873241327,1.013653603034134
SN2008A22202,Tambacounda,Goudiry,Arachide (en coque),Principale,1989,6,1989,11,None,0,8726.466694337054,8579.691260640253,0.9831804281345564
SN2008A22202,Tambacounda,Goudiry,Maïs,Principale,1960,6,1960,11,None,0,2343.891096080041,1875.1128768640324,0.7999999999999999
SN2008A22202,Tambacounda,Goudiry,Maïs,Principale,1961,6,1961,11,None,0,2343.891096080041,1829.3784164527144,0.7804878048780486
SN2008A22202,Tambacounda,Goudiry,Maïs,Principale,1962,6,1962,11,None,0,2829.819737950293,2193.539057477833,0.775151515151515
SN2008A22202,Tambacounda,Goudiry,Maïs,Principale,1963,6,1963,11,None,0,2477.092712028004,1981.4454973203465,0.7999076852065543
SN2008A22202,Tambacounda,Goudiry,Maïs,Principale,1964,6,1964,11,None,0,2972.739926735662,2515.3953226224826,0.846153846153846
SN2008A22202,Tambacounda,Goudiry,Maïs,Principale,1965,6,1965,11,None,0,3430.08453084884,2744.067624679072,0.7999999999999999
SN2008A22202,Tambacounda,Goudiry,Maïs,Principale,1966,6,1966,11,None,0,5441.257427436543,4080.6572301998367,0.7499474679554529
SN2008A22202,Tambacounda,Goudiry,Maïs,Principale,1967,6,1967,11,None,0,5461.837934621636,8265.360357835421,1.5132928616286372
SN2008A22202,Tambacounda,Goudiry,Maïs,Principale,1968,6,1968,11,None,0,952.991818820836,535.6648675675605,0.5620875824835033
SN2008A22202,Tambacounda,Goudiry,Maïs,Principale,1969,6,1969,11,None,0,4425.952406305287,3761.087688075753,0.8497804184965124
SN2008A22202,Tambacounda,Goudiry,Maïs,Principale,1970,6,1970,11,None,0,4492.267373901697,1912.8438067033696,0.4258080936625095
SN2008A22202,Tambacounda,Goudiry,Maïs,Principale,1971,6,1971,11,None,0,5285.1885812829205,4228.951218083535,0.800151433207139
SN2008A22202,Tambacounda,Goudiry,Maïs,Principale,1972,6,1972,11,None,0,5856.297655669253,2286.7230205658934,0.3904724716907458
SN2008A22202,Tambacounda,Goudiry,Maïs,Principale,1973,6,1973,11,None,0,6734.399295566555,5378.944225126123,0.7987266553480475
SN2008A22202,Tambacounda,Goudiry,Maïs,Principale,1974,6,1974,11,None,0,9755.732086489244,7553.046136929145,0.7742162320539113
SN2008A22202,Tambacounda,Goudiry,Maïs,Principale,1975,6,1975,11,None,0,11218.663138896272,8974.244494210849,0.799938850387281
SN2008A22202,Tambacounda,Goudiry,Maïs,Principale,1976,6,1976,11,None,0,4178.414639329028,314.4244153278103,0.0752496921603502
SN2008A22202,Tambacounda,Goudiry,Maïs,Principale,1977,6,1977,11,None,0,7083.696236957996,1172.5172287951618,0.1655233637317407
SN2008A22202,Tambacounda,Goudiry,Maïs,Principale,1978,6,1978,11,None,0,4855.8563341716745,4018.9157086445575,0.8276430421473981
SN2008A22202,Tambacounda,Goudiry,Maïs,Principale,1979,6,1979,11,None,0,5488.135249358144,1097.6270498716287,0.2
SN2008A22202,Tambacounda,Goudiry,Maïs,Principale,1980,6,1980,11,None,0,4194.42170047299,754.6185967867448,0.1799100449775112
SN2008A22202,Tambacounda,Goudiry,Maïs,Principale,1981,6,1981,11,None,0,5890.0268202226,5105.109143413357,0.8667378433465981
SN2008A22202,Tambacounda,Goudiry,Maïs,Principale,1986,6,1986,11,None,0,2974.454969001086,3032.766406025516,1.019604074572362
SN2008A22202,Tambacounda,Goudiry,Maïs,Principale,1987,6,1987,11,None,0,1304.575483232842,1193.6694167353962,0.9149868536371604
SN2008A22202,Tambacounda,Goudiry,Maïs,Principale,1988,6,1988,11,None,0,2234.700071848019,1460.0726486313229,0.653364031721668
SN2008A22202,Tambacounda,Goudiry,Maïs,Principale,1989,6,1989,11,None,0,2417.066232738149,2408.491021411028,0.9964522232734154
SN2008A22202,Tambacounda,Goudiry,Mil,Principale,1960,6,1960,11,None,0,9761.031441723031,6609.031705333303,0.6770833333333334
SN2008A22202,Tambacounda,Goudiry,Mil,Principale,1961,6,1961,11,None,0,9761.031441723031,6255.194315570843,0.6408333333333334
SN2008A22202,Tambacounda,Goudiry,Mil,Principale,1962,6,1962,11,None,0,10371.095906830722,6622.859833209077,0.6385882352941176
SN2008A22202,Tambacounda,Goudiry,Mil,Principale,1963,6,1963,11,None,0,10635.457175044054,6911.623680026717,0.6498661567877629
SN2008A22202,Tambacounda,Goudiry,Mil,Principale,1964,6,1964,11,None,0,13014.708588964042,8540.902511507653,0.65625
SN2008A22202,Tambacounda,Goudiry,Mil,Principale,1965,6,1965,11,None,0,14641.547162584548,10981.160371938411,0.75
SN2008A22202,Tambacounda,Goudiry,Mil,Principale,1966,6,1966,11,None,0,15198.739374049572,9878.97723831052,0.64998662028365
SN2008A22202,Tambacounda,Goudiry,Mil,Principale,1967,6,1967,11,None,0,15957.659568643538,11967.837966839248,0.7499745132021612
SN2008A22202,Tambacounda,Goudiry,Mil,Principale,1968,6,1968,11,None,0,13654.0561483969,4273.704932901068,0.3129989276778268
SN2008A22202,Tambacounda,Goudiry,Mil,Principale,1969,6,1969,11,None,0,21285.55589725069,13941.19315664092,0.6549602568022012
SN2008A22202,Tambacounda,Goudiry,Mil,Principale,1970,6,1970,11,None,0,17569.856595101457,2056.3239570563187,0.117037037037037
SN2008A22202,Tambacounda,Goudiry,Mil,Principale,1971,6,1971,11,None,0,11892.189973165894,6562.666805985118,0.5518467852257182
SN2008A22202,Tambacounda,Goudiry,Mil,Principale,1972,6,1972,11,None,0,13084.662647629724,4880.515720861516,0.3729951510630361
SN2008A22202,Tambacounda,Goudiry,Mil,Principale,1973,6,1973,11,None,0,15045.003128842432,4914.6793309075465,0.3266652249134948
SN2008A22202,Tambacounda,Goudiry,Mil,Principale,1974,6,1974,11,None,0,17041.134058674794,7520.061306560786,0.4412887828162291
SN2008A22202,Tambacounda,Goudiry,Mil,Principale,1975,6,1975,11,None,0,19605.84506998752,13723.196787775772,0.6999543625274861
SN2008A22202,Tambacounda,Goudiry,Mil,Principale,1976,6,1976,11,None,0,18251.50195744845,911.8430205142932,0.049959889473215
SN2008A22202,Tambacounda,Goudiry,Mil,Principale,1977,6,1977,11,None,0,15373.624520713774,2810.363635929423,0.1828042328042328
SN2008A22202,Tambacounda,Goudiry,Mil,Principale,1978,6,1978,11,None,0,14966.914877308647,12510.388631141686,0.8358695652173914
SN2008A22202,Tambacounda,Goudiry,Mil,Principale,1979,6,1979,11,None,0,10167.741085128158,2003.451703413652,0.1970399999999999
SN2008A22202,Tambacounda,Goudiry,Mil,Principale,1980,6,1980,11,None,0,8298.503564038198,3951.590895324208,0.4761811409527544
SN2008A22202,Tambacounda,Goudiry,Mil,Principale,1981,6,1981,11,None,0,7749.445545441277,6292.611602764115,0.8120079773275952
SN2008A22202,Tambacounda,Goudiry,Mil,Principale,1986,6,1986,11,None,0,3735.22136503268,2388.1990260749017,0.6393728222996516
SN2008A22202,Tambacounda,Goudiry,Mil,Principale,1987,6,1987,11,None,0,4882.142559435137,2377.6245753463686,0.4870043318893702
SN2008A22202,Tambacounda,Goudiry,Mil,Principale,1988,6,1988,11,None,0,6700.134665456051,5504.40831384498,0.821536967342479
SN2008A22202,Tambacounda,Goudiry,Mil,Principale,1989,6,1989,11,None,0,5745.180422740815,5842.790737158045,1.0169899476143285
SN2008A22202,Tambacounda,Goudiry,Riz,Principale,1960,6,1960,11,None,0,67.434237531336,40.4605425188016,0.6000000000000001
SN2008A22202,Tambacounda,Goudiry,Riz,Principale,1961,6,1961,11,None,2,67.434237531336,40.4605425188016,0.6000000000000001
SN2008A22202,Tambacounda,Goudiry,Riz,Principale,1962,6,1962,11,None,2,77.97083714560725,46.78250228736435,0.6000000000000001
SN2008A22202,Tambacounda,Goudiry,Riz,Principale,1963,6,1963,11,None,2,69.1200934696194,41.72493447251415,0.6036585365853658
SN2008A22202,Tambacounda,Goudiry,Riz,Principale,1964,6,1964,11,None,2,75.0205892536113,45.09664634908095,0.6011235955056179
SN2008A22202,Tambacounda,Goudiry,Riz,Principale,1965,6,1965,11,None,0,84.29279691417,25.287839074251,0.3
SN2008A22202,Tambacounda,Goudiry,Riz,Principale,1966,6,1966,11,None,0,86.40011683702424,29.92394290453035,0.3463414634146342
SN2008A22202,Tambacounda,Goudiry,Riz,Principale,1967,6,1967,11,None,0,267.2081662179189,160.156314136923,0.5993690851735015
SN2008A22202,Tambacounda,Goudiry,Riz,Principale,1969,6,1969,11,None,0,71.6488773770445,46.361038302793496,0.6470588235294117
SN2008A22202,Tambacounda,Goudiry,Riz,Principale,1970,6,1970,11,None,0,72.4918053461862,39.19615056508905,0.5406976744186046
SN2008A22202,Tambacounda,Goudiry,Riz,Principale,1971,6,1971,11,None,0,177.014873519757,88.5074367598785,0.5
SN2008A22202,Tambacounda,Goudiry,Riz,Principale,1972,6,1972,11,None,0,183.33683328831967,71.6488773770445,0.3908045977011494
SN2008A22202,Tambacounda,Goudiry,Riz,Principale,1973,6,1973,11,None,0,195.5592888408744,528.094372667275,2.7004310344827585
SN2008A22202,Tambacounda,Goudiry,Riz,Principale,1974,6,1974,11,None,0,389.8541857280362,284.9096535698946,0.7308108108108109
SN2008A22202,Tambacounda,Goudiry,Riz,Principale,1975,6,1975,11,None,0,643.1540404551171,493.9557899170362,0.7680209698558323
SN2008A22202,Tambacounda,Goudiry,Riz,Principale,1976,6,1976,11,None,0,1087.7985441773635,33.717118765668,0.0309957380860131
SN2008A22202,Tambacounda,Goudiry,Riz,Principale,1977,6,1977,11,None,0,993.8120756180642,354.8726750086557,0.3570822731128075
SN2008A22202,Tambacounda,Goudiry,Riz,Principale,1978,6,1978,11,None,0,1605.7777812149384,1292.2085766942262,0.804724409448819
SN2008A22202,Tambacounda,Goudiry,Riz,Principale,1979,6,1979,11,None,0,1285.4651529410926,259.2003505110728,0.201639344262295
SN2008A22202,Tambacounda,Goudiry,Riz,Principale,1980,6,1980,11,None,0,1426.6555877723272,548.3246439266759,0.3843426883308715
SN2008A22202,Tambacounda,Goudiry,Riz,Principale,1981,6,1981,11,None,0,1220.1382353326107,3260.0239206555248,2.6718480138169256
SN2008A22202,Tambacounda,Goudiry,Riz,Principale,1984,6,1984,11,None,0,286.595509508178,120.37011399343476,0.42
SN2008A22202,Tambacounda,Goudiry,Riz,Principale,1985,6,1985,11,None,0,210.731992285425,92.722076605587,0.44
SN2008A22202,Tambacounda,Goudiry,Riz,Principale,1986,6,1986,11,None,0,243.6061830819513,102.79506583683032,0.4219723183391003
SN2008A22202,Tambacounda,Goudiry,Riz,Principale,1987,6,1987,11,None,0,284.9096535698946,847.5640729719794,2.9748520710059174
SN2008A22202,Tambacounda,Goudiry,Riz,Principale,1988,6,1988,11,None,0,801.2030346691859,2522.0404836719663,3.1478169384534453
SN2008A22202,Tambacounda,Goudiry,Riz,Principale,1989,6,1989,11,None,0,590.8925063683317,1491.982505380809,2.5249643366619114
SN2008A22202,Tambacounda,Goudiry,Sorgho,Principale,1986,6,1986,11,None,0,5818.153641551494,4510.170353468281,0.7751892836342458
SN2008A22202,Tambacounda,Goudiry,Sorgho,Principale,1987,6,1987,11,None,0,4540.667373138615,3633.6634177579417,0.8002487562189057
SN2008A22202,Tambacounda,Goudiry,Sorgho,Principale,1988,6,1988,11,None,0,6429.788313828747,4576.247229420671,0.7117259552042161
SN2008A22202,Tambacounda,Goudiry,Sorgho,Principale,1989,6,1989,11,None,0,9317.404268910555,6777.680241919965,0.727421505637047
SN2008A22203,Tambacounda,Koumpentoum,Niébé,Principale,1962,6,1962,11,None,0,437.4761684229127,111.79946526363324,0.2555555555555555
SN2008A22203,Tambacounda,Koumpentoum,Niébé,Principale,1964,6,1964,11,None,0,476.3629389493938,55.89973263181663,0.1173469387755102
SN2008A22203,Tambacounda,Koumpentoum,Niébé,Principale,1965,6,1965,11,None,0,486.0846315810141,58.330155789721694,0.12
SN2008A22203,Tambacounda,Koumpentoum,Niébé,Principale,1966,6,1966,11,None,0,558.9973263181662,59.54536736867423,0.1065217391304347
SN2008A22203,Tambacounda,Koumpentoum,Niébé,Principale,1967,6,1967,11,None,0,558.9973263181662,64.40621368448437,0.1152173913043478
SN2008A22203,Tambacounda,Koumpentoum,Niébé,Principale,1968,6,1968,11,None,0,617.3274821078879,73.88486400031414,0.1196850393700787
SN2008A22203,Tambacounda,Koumpentoum,Niébé,Principale,1969,6,1969,11,None,0,656.214252634369,73.88486400031414,0.1125925925925925
SN2008A22203,Tambacounda,Koumpentoum,Niébé,Principale,1970,6,1970,11,None,0,665.9359452659893,116.6603115794434,0.1751824817518248
SN2008A22203,Tambacounda,Koumpentoum,Niébé,Principale,1971,6,1971,11,None,0,765.5832947400972,119.57681936892948,0.1561904761904761
SN2008A22203,Tambacounda,Koumpentoum,Niébé,Principale,1972,6,1972,11,None,0,2163.076610535513,452.0587073703432,0.2089887640449438
SN2008A22203,Tambacounda,Koumpentoum,Niébé,Principale,1973,6,1973,11,None,0,777.7354105296226,257.6248547379375,0.33125
SN2008A22203,Tambacounda,Koumpentoum,Niébé,Principale,1974,6,1974,11,None,0,802.0396421086733,315.9550105276592,0.3939393939393939
SN2008A22203,Tambacounda,Koumpentoum,Niébé,Principale,1975,6,1975,11,None,0,703.8505465293084,174.74742505337457,0.2482734806629834
SN2008A22203,Tambacounda,Koumpentoum,Niébé,Principale,1976,6,1976,11,None,0,607.6057894762677,243.04231579050705,0.3999999999999999
SN2008A22203,Tambacounda,Koumpentoum,Niébé,Principale,1977,6,1977,11,None,0,899.2565684248761,194.4338526324057,0.2162162162162162
SN2008A22203,Tambacounda,Koumpentoum,Niébé,Principale,1979,6,1979,11,None,0,388.8677052648113,87.49523368458254,0.225
SN2008A22203,Tambacounda,Koumpentoum,Niébé,Principale,1980,6,1980,11,None,0,568.7190189497865,127.5972157900162,0.2243589743589743
SN2008A22203,Tambacounda,Koumpentoum,Niébé,Principale,1981,6,1981,11,None,0,407.0958789490993,142.42279705323713,0.3498507462686567
SN2008A22203,Tambacounda,Koumpentoum,Niébé,Principale,1983,6,1983,11,None,0,263.7009126327002,69.2670600002945,0.2626728110599078
SN2008A22203,Tambacounda,Koumpentoum,Niébé,Principale,1984,6,1984,11,None,0,412.9288945280715,7.777354105296226,0.0188346085932901
SN2008A22203,Tambacounda,Koumpentoum,Niébé,Principale,1985,6,1985,11,None,0,653.0547025290924,261.5135317905856,0.4004465947152959
SN2008A22203,Tambacounda,Koumpentoum,Niébé,Principale,1987,6,1987,11,None,0,164.78269010596378,40.345024421224174,0.2448377581120944
SN2008A22203,Tambacounda,Koumpentoum,Niébé,Principale,1988,6,1988,11,None,0,435.7748722123792,148.2558126322093,0.3402119353039599
SN2008A22203,Tambacounda,Koumpentoum,Niébé,Principale,1989,6,1989,11,None,0,165.75485936912582,96.97388400041233,0.5850439882697948
SN2008A22203,Tambacounda,Koumpentoum,Arachide (en coque),Principale,1960,6,1960,11,None,0,12566.799296541354,12566.799296541354,1.0
SN2008A22203,Tambacounda,Koumpentoum,Arachide (en coque),Principale,1961,6,1961,11,None,0,16157.313381267457,17354.15140950949,1.074074074074074
SN2008A22203,Tambacounda,Koumpentoum,Arachide (en coque),Principale,1962,6,1962,11,None,0,16755.73239538847,18431.30563492732,1.1
SN2008A22203,Tambacounda,Koumpentoum,Arachide (en coque),Principale,1963,6,1963,11,None,0,18898.07246594171,18898.07246594171,1.0
SN2008A22203,Tambacounda,Koumpentoum,Arachide (en coque),Principale,1964,6,1964,11,None,0,15259.684860085928,15259.684860085928,1.0
SN2008A22203,Tambacounda,Koumpentoum,Arachide (en coque),Principale,1965,6,1965,11,None,0,14960.47535302542,16456.522888327963,1.1
SN2008A22203,Tambacounda,Koumpentoum,Arachide (en coque),Principale,1966,6,1966,11,None,0,15098.111726273257,14910.806574853375,0.9875941339674988
SN2008A22203,Tambacounda,Koumpentoum,Arachide (en coque),Principale,1967,6,1967,11,None,0,15409.888032630304,15409.888032630304,1.0
SN2008A22203,Tambacounda,Koumpentoum,Arachide (en coque),Principale,1968,6,1968,11,None,0,14342.906930452533,14362.056338904404,1.001335113484646
SN2008A22203,Tambacounda,Koumpentoum,Arachide (en coque),Principale,1969,6,1969,11,None,0,11968.380282420336,11070.751761238813,0.9250000000000002
SN2008A22203,Tambacounda,Koumpentoum,Arachide (en coque),Principale,1970,6,1970,11,None,0,18969.882747636235,7055.360176486788,0.3719242902208201
SN2008A22203,Tambacounda,Koumpentoum,Arachide (en coque),Principale,1971,6,1971,11,None,0,16576.206691152165,14044.894261420264,0.8472924187725632
SN2008A22203,Tambacounda,Koumpentoum,Arachide (en coque),Principale,1972,6,1972,11,None,0,17137.52372639768,12253.826152156062,0.7150289824708429
SN2008A22203,Tambacounda,Koumpentoum,Arachide (en coque),Principale,1973,6,1973,11,None,0,18384.03053281176,15510.422427002635,0.8436899840499984
SN2008A22203,Tambacounda,Koumpentoum,Arachide (en coque),Principale,1974,6,1974,11,None,0,18394.80207506593,16857.463627789046,0.9164253879436548
SN2008A22203,Tambacounda,Koumpentoum,Arachide (en coque),Principale,1975,6,1975,11,None,0,28237.598019328423,20193.05121249959,0.7151122131095428
SN2008A22203,Tambacounda,Koumpentoum,Arachide (en coque),Principale,1976,6,1976,11,None,0,25967.794698767404,32424.137442119056,1.248628842697147
SN2008A22203,Tambacounda,Koumpentoum,Arachide (en coque),Principale,1977,6,1977,11,None,0,22679.48221617242,17664.132458824173,0.778859600517164
SN2008A22203,Tambacounda,Koumpentoum,Arachide (en coque),Principale,1978,6,1978,11,None,0,30075.342811694063,32141.085248439813,1.068685582394843
SN2008A22203,Tambacounda,Koumpentoum,Arachide (en coque),Principale,1979,6,1979,11,None,0,28330.9513855313,20075.16266671775,0.7085947236127833
SN2008A22203,Tambacounda,Koumpentoum,Arachide (en coque),Principale,1980,6,1980,11,None,0,27846.23198409328,12428.5645042794,0.4463284120946426
SN2008A22203,Tambacounda,Koumpentoum,Arachide (en coque),Principale,1981,6,1981,11,None,0,28417.72214257885,23426.309145795447,0.8243556266846361
SN2008A22203,Tambacounda,Koumpentoum,Arachide (en coque),Principale,1986,6,1986,11,None,0,31379.89626247788,34035.67984714695,1.084633281208284
SN2008A22203,Tambacounda,Koumpentoum,Arachide (en coque),Principale,1987,6,1987,11,None,0,26561.42636077545,31186.00850190267,1.1741089532735547
SN2008A22203,Tambacounda,Koumpentoum,Arachide (en coque),Principale,1988,6,1988,11,None,0,34045.25455137289,39571.65414678048,1.1623251072206988
SN2008A22203,Tambacounda,Koumpentoum,Arachide (en coque),Principale,1989,6,1989,11,None,0,34628.71309014088,41883.94521734409,1.209514922149066
SN2008A22203,Tambacounda,Koumpentoum,Maïs,Principale,1960,6,1960,11,None,0,1981.895787511704,1585.5166300093629,0.7999999999999999
SN2008A22203,Tambacounda,Koumpentoum,Maïs,Principale,1961,6,1961,11,None,0,1981.895787511704,1713.2388029823392,0.8644444444444443
SN2008A22203,Tambacounda,Koumpentoum,Maïs,Principale,1962,6,1962,11,None,0,2114.022173345817,1968.683148928292,0.93125
SN2008A22203,Tambacounda,Koumpentoum,Maïs,Principale,1963,6,1963,11,None,0,2310.0096456664187,2158.945144529416,0.9346043851286944
SN2008A22203,Tambacounda,Koumpentoum,Maïs,Principale,1964,6,1964,11,None,0,1541.4745013979916,1189.137472507022,0.7714285714285714
SN2008A22203,Tambacounda,Koumpentoum,Maïs,Principale,1965,6,1965,11,None,0,1673.6008872321052,1552.4850335508345,0.9276315789473684
SN2008A22203,Tambacounda,Koumpentoum,Maïs,Principale,1966,6,1966,11,None,0,1753.317140018687,1528.702284100694,0.8718914845516202
SN2008A22203,Tambacounda,Koumpentoum,Maïs,Principale,1967,6,1967,11,None,0,1800.0017963467403,1620.309911612346,0.9001712747736726
SN2008A22203,Tambacounda,Koumpentoum,Maïs,Principale,1968,6,1968,11,None,0,1204.552217521002,602.0558981174441,0.4998171846435101
SN2008A22203,Tambacounda,Koumpentoum,Maïs,Principale,1969,6,1969,11,None,0,1376.3165191053497,1137.167760745604,0.82624
SN2008A22203,Tambacounda,Koumpentoum,Maïs,Principale,1970,6,1970,11,None,0,2224.1274948742453,1347.6891355079583,0.6059405940594058
SN2008A22203,Tambacounda,Koumpentoum,Maïs,Principale,1971,6,1971,11,None,0,2246.1485591799305,1728.6535479963193,0.7696078431372549
SN2008A22203,Tambacounda,Koumpentoum,Maïs,Principale,1972,6,1972,11,None,0,1863.8628828332287,1128.3593350233298,0.6053875236294896
SN2008A22203,Tambacounda,Koumpentoum,Maïs,Principale,1973,6,1973,11,None,0,1921.9984926002387,1541.9149226841052,0.8022456461961502
SN2008A22203,Tambacounda,Koumpentoum,Maïs,Principale,1974,6,1974,11,None,0,1244.6305545573498,1123.0742795899653,0.9023354564755838
SN2008A22203,Tambacounda,Koumpentoum,Maïs,Principale,1975,6,1975,11,None,0,1427.845809580654,1286.4705767381524,0.9009870450339296
SN2008A22203,Tambacounda,Koumpentoum,Maïs,Principale,1976,6,1976,11,None,0,2118.866807493068,1416.8352774278112,0.6686759509457494
SN2008A22203,Tambacounda,Koumpentoum,Maïs,Principale,1977,6,1977,11,None,0,2483.535632395221,1993.34674095066,0.8026245788260329
SN2008A22203,Tambacounda,Koumpentoum,Maïs,Principale,1978,6,1978,11,None,0,2117.545543634727,2156.743038098847,1.0185108153078202
SN2008A22203,Tambacounda,Koumpentoum,Maïs,Principale,1979,6,1979,11,None,0,1920.236807455784,1158.748403765176,0.6034403669724769
SN2008A22203,Tambacounda,Koumpentoum,Maïs,Principale,1980,6,1980,11,None,0,3045.072772190204,1894.2519515750748,0.6220711599652878
SN2008A22203,Tambacounda,Koumpentoum,Maïs,Principale,1981,6,1981,11,None,0,3331.346608164117,3013.362439590017,0.9045478582760444
SN2008A22203,Tambacounda,Koumpentoum,Maïs,Principale,1986,6,1986,11,None,0,6007.34634259103,6713.782085517424,1.1175953079178886
SN2008A22203,Tambacounda,Koumpentoum,Maïs,Principale,1987,6,1987,11,None,0,7022.95782836925,5878.302905759712,0.8370124169070613
SN2008A22203,Tambacounda,Koumpentoum,Maïs,Principale,1988,6,1988,11,None,0,9391.103083802678,10510.653993103737,1.119213994278479
SN2008A22203,Tambacounda,Koumpentoum,Maïs,Principale,1989,6,1989,11,None,0,4461.908049618015,5889.313437912556,1.3199091896160302
SN2008A22203,Tambacounda,Koumpentoum,Mil,Principale,1960,6,1960,11,None,0,10516.394070251285,8138.774541324908,0.773913043478261
SN2008A22203,Tambacounda,Koumpentoum,Mil,Principale,1961,6,1961,11,None,0,10255.117198940694,7942.816887841965,0.7745222929936306
SN2008A22203,Tambacounda,Koumpentoum,Mil,Principale,1962,6,1962,11,None,0,10679.692114820406,8279.210859654351,0.7752293577981652
SN2008A22203,Tambacounda,Koumpentoum,Mil,Principale,1963,6,1963,11,None,0,12141.536209803162,9434.054630847162,0.7770066709705186
SN2008A22203,Tambacounda,Koumpentoum,Mil,Principale,1964,6,1964,11,None,0,13390.439654667784,9993.840327630103,0.7463414634146343
SN2008A22203,Tambacounda,Koumpentoum,Mil,Principale,1965,6,1965,11,None,0,16329.804456911934,11430.863119838354,0.7
SN2008A22203,Tambacounda,Koumpentoum,Mil,Principale,1966,6,1966,11,None,0,18094.72972261497,11515.12491083602,0.6363800447621112
SN2008A22203,Tambacounda,Koumpentoum,Mil,Principale,1967,6,1967,11,None,0,18666.926070785168,12134.35109584212,0.6500454895374065
SN2008A22203,Tambacounda,Koumpentoum,Mil,Principale,1968,6,1968,11,None,0,19425.28218976416,12626.204806084308,0.6499882309425334
SN2008A22203,Tambacounda,Koumpentoum,Mil,Principale,1969,6,1969,11,None,0,23818.652780851746,18866.149685159497,0.7920745920745922
SN2008A22203,Tambacounda,Koumpentoum,Mil,Principale,1970,6,1970,11,None,0,23710.876071436127,9164.286261218977,0.3865013774104683
SN2008A22203,Tambacounda,Koumpentoum,Mil,Principale,1971,6,1971,11,None,0,26290.98517562821,19873.372024061824,0.7559006211180124
SN2008A22203,Tambacounda,Koumpentoum,Mil,Principale,1972,6,1972,11,None,0,27133.60308560487,14739.281502808712,0.543211362542128
SN2008A22203,Tambacounda,Koumpentoum,Mil,Principale,1973,6,1973,11,None,0,24630.570658449407,9571.8781804635,0.3886177999363531
SN2008A22203,Tambacounda,Koumpentoum,Mil,Principale,1974,6,1974,11,None,0,17283.46503719559,11051.35846425972,0.6394179894179894
SN2008A22203,Tambacounda,Koumpentoum,Mil,Principale,1975,6,1975,11,None,0,20615.398338583906,20161.42977468175,0.9779791514844268
SN2008A22203,Tambacounda,Koumpentoum,Mil,Principale,1976,6,1976,11,None,0,15211.539447702604,7295.503439169976,0.4796032291308829
SN2008A22203,Tambacounda,Koumpentoum,Mil,Principale,1977,6,1977,11,None,0,16366.383218895417,12454.415263197594,0.7609754150702427
SN2008A22203,Tambacounda,Koumpentoum,Mil,Principale,1978,6,1978,11,None,0,17806.01877981677,15876.48908518806,0.8916360968451945
SN2008A22203,Tambacounda,Koumpentoum,Mil,Principale,1979,6,1979,11,None,0,25460.77791703881,13816.32095490405,0.5426511711434363
SN2008A22203,Tambacounda,Koumpentoum,Mil,Principale,1980,6,1980,11,None,0,22571.70891252195,15836.644362313193,0.7016147702280356
SN2008A22203,Tambacounda,Koumpentoum,Mil,Principale,1981,6,1981,11,None,0,20358.04062034297,20453.40667837133,1.0046844418776268
SN2008A22203,Tambacounda,Koumpentoum,Riz,Principale,1960,6,1960,11,None,0,8.266774461698773,6.613419569359018,0.7999999999999999
SN2008A22203,Tambacounda,Koumpentoum,Riz,Principale,1961,6,1961,11,None,0,8.266774461698773,6.613419569359018,0.7999999999999999
SN2008A22203,Tambacounda,Koumpentoum,Riz,Principale,1962,6,1962,11,None,0,9.054086315193894,7.2432690521551155,0.8
SN2008A22203,Tambacounda,Koumpentoum,Riz,Principale,1963,6,1963,11,None,0,4.80260230632024,7.007075496106579,1.459016393442623
SN2008A22203,Tambacounda,Koumpentoum,Riz,Principale,1964,6,1964,11,None,0,5.9048389012134095,4.723871120970728,0.8
SN2008A22203,Tambacounda,Koumpentoum,Riz,Principale,1965,6,1965,11,None,0,7.873118534951212,6.29849482796097,0.8
SN2008A22203,Tambacounda,Koumpentoum,Riz,Principale,1966,6,1966,11,None,0,15.746237069902424,11.80967780242682,0.7500000000000002
SN2008A22203,Tambacounda,Koumpentoum,Riz,Principale,1967,6,1967,11,None,0,10.510613244159869,8.384871239723042,0.7977528089887641
SN2008A22203,Tambacounda,Koumpentoum,Riz,Principale,1969,6,1969,11,None,0,19.36787159597998,29.64229128409131,1.5304878048780486
SN2008A22203,Tambacounda,Koumpentoum,Riz,Principale,1970,6,1970,11,None,0,20.076452264125592,18.1869038157373,0.9058823529411764
SN2008A22203,Tambacounda,Koumpentoum,Riz,Principale,1971,6,1971,11,None,0,37.39731304101826,33.02773225412034,0.8831578947368421
SN2008A22203,Tambacounda,Koumpentoum,Riz,Principale,1972,6,1972,11,None,0,42.39674331071228,27.240990130931195,0.6425255338904363
SN2008A22203,Tambacounda,Koumpentoum,Riz,Principale,1973,6,1973,11,None,0,43.065958386183134,32.55534514202326,0.7559414990859232
SN2008A22203,Tambacounda,Koumpentoum,Riz,Principale,1974,6,1974,11,None,0,34.64172155378533,19.525333966679007,0.5636363636363637
SN2008A22203,Tambacounda,Koumpentoum,Riz,Principale,1975,6,1975,11,None,0,67.94501295662896,67.94501295662896,1.0
SN2008A22203,Tambacounda,Koumpentoum,Riz,Principale,1976,6,1976,11,None,0,43.144689571532645,16.2186241819995,0.3759124087591241
SN2008A22203,Tambacounda,Koumpentoum,Riz,Principale,1977,6,1977,11,None,0,49.6400123628674,29.64229128409131,0.5971451229183187
SN2008A22203,Tambacounda,Koumpentoum,Riz,Principale,1978,6,1978,11,None,0,49.3644532141441,53.45847485231873,1.0829346092503986
SN2008A22203,Tambacounda,Koumpentoum,Riz,Principale,1979,6,1979,11,None,0,45.50662513201801,29.48482891339229,0.6479238754325259
SN2008A22203,Tambacounda,Koumpentoum,Riz,Principale,1980,6,1980,11,None,0,26.650506240809857,15.313215550480107,0.5745937961595272
SN2008A22203,Tambacounda,Koumpentoum,Riz,Principale,1981,6,1981,11,None,0,27.555914872329243,24.05237712427596,0.8728571428571429
SN2008A22203,Tambacounda,Koumpentoum,Riz,Principale,1984,6,1984,11,None,0,2.755591487232924,3.031150635956217,1.1
SN2008A22203,Tambacounda,Koumpentoum,Riz,Principale,1985,6,1985,11,None,0,2.165107597111583,2.165107597111583,1.0
SN2008A22203,Tambacounda,Koumpentoum,Riz,Principale,1986,6,1986,11,None,0,1.850182855713535,1.850182855713535,1.0
SN2008A22203,Tambacounda,Koumpentoum,Riz,Principale,1988,6,1988,11,None,0,1.6927204850145106,1.850182855713535,1.0930232558139537
SN2008A22203,Tambacounda,Koumpentoum,Sorgho,Principale,1986,6,1986,11,None,0,12515.97827993872,12559.59669487041,1.0034850184265345
SN2008A22203,Tambacounda,Koumpentoum,Sorgho,Principale,1987,6,1987,11,None,0,8187.727979878196,6223.395224678711,0.7600881758618577
SN2008A22203,Tambacounda,Koumpentoum,Sorgho,Principale,1988,6,1988,11,None,0,8353.17713996391,8826.963371118456,1.0567192845567497
SN2008A22203,Tambacounda,Koumpentoum,Sorgho,Principale,1989,6,1989,11,None,0,4247.029803291176,4288.14141276702,1.009680084995868
SN2008A22204,Tambacounda,Tambacounda,Niébé,Principale,1962,6,1962,11,None,0,1362.5238315770875,348.2005347363668,0.2555555555555555
SN2008A22204,Tambacounda,Tambacounda,Niébé,Principale,1964,6,1964,11,None,0,1483.6370610506065,174.1002673681834,0.1173469387755102
SN2008A22204,Tambacounda,Tambacounda,Niébé,Principale,1965,6,1965,11,None,0,1513.9153684189862,181.6698442102783,0.1199999999999999
SN2008A22204,Tambacounda,Tambacounda,Niébé,Principale,1966,6,1966,11,None,0,1741.002673681834,185.4546326313258,0.1065217391304347
SN2008A22204,Tambacounda,Tambacounda,Niébé,Principale,1967,6,1967,11,None,0,1741.002673681834,200.59378631551567,0.1152173913043478
SN2008A22204,Tambacounda,Tambacounda,Niébé,Principale,1968,6,1968,11,None,0,1922.6725178921124,230.1151359996859,0.1196850393700787
SN2008A22204,Tambacounda,Tambacounda,Niébé,Principale,1969,6,1969,11,None,0,2043.785747365631,230.1151359996859,0.1125925925925926
SN2008A22204,Tambacounda,Tambacounda,Niébé,Principale,1970,6,1970,11,None,0,2074.064054734011,363.3396884205567,0.1751824817518248
SN2008A22204,Tambacounda,Tambacounda,Niébé,Principale,1971,6,1971,11,None,0,2384.416705259903,372.4231806310706,0.1561904761904761
SN2008A22204,Tambacounda,Tambacounda,Niébé,Principale,1972,6,1972,11,None,0,6736.9233894644885,1407.941292629657,0.2089887640449438
SN2008A22204,Tambacounda,Tambacounda,Niébé,Principale,1973,6,1973,11,None,0,2422.264589470378,802.3751452620627,0.33125
SN2008A22204,Tambacounda,Tambacounda,Niébé,Principale,1974,6,1974,11,None,0,2497.960357891327,984.044989472341,0.3939393939393939
SN2008A22204,Tambacounda,Tambacounda,Niébé,Principale,1975,6,1975,11,None,0,2192.149453470692,544.2525749466255,0.2482734806629834
SN2008A22204,Tambacounda,Tambacounda,Niébé,Principale,1976,6,1976,11,None,0,1892.394210523733,756.9576842094931,0.3999999999999999
SN2008A22204,Tambacounda,Tambacounda,Niébé,Principale,1977,6,1977,11,None,0,2800.7434315751243,605.5661473675945,0.2162162162162162
SN2008A22204,Tambacounda,Tambacounda,Niébé,Principale,1979,6,1979,11,None,0,1211.132294735189,272.5047663154175,0.225
SN2008A22204,Tambacounda,Tambacounda,Niébé,Principale,1980,6,1980,11,None,0,1771.2809810502138,397.4027842099839,0.2243589743589743
SN2008A22204,Tambacounda,Tambacounda,Niébé,Principale,1981,6,1981,11,None,0,1267.9041210509008,443.57720294676295,0.3498507462686567
SN2008A22204,Tambacounda,Tambacounda,Niébé,Principale,1983,6,1983,11,None,0,821.2990873673,215.7329399997055,0.2626728110599078
SN2008A22204,Tambacounda,Tambacounda,Niébé,Principale,1984,6,1984,11,None,0,1286.0711054719286,24.222645894703778,0.0188346085932901
SN2008A22204,Tambacounda,Tambacounda,Niébé,Principale,1985,6,1985,11,None,0,2033.945297470908,814.4864682094145,0.4004465947152958
SN2008A22204,Tambacounda,Tambacounda,Niébé,Principale,1987,6,1987,11,None,0,513.2173098940362,125.65497557877583,0.2448377581120943
SN2008A22204,Tambacounda,Tambacounda,Niébé,Principale,1988,6,1988,11,None,0,1357.225127787621,461.74418736779074,0.3402119353039598
SN2008A22204,Tambacounda,Tambacounda,Niébé,Principale,1989,6,1989,11,None,0,516.2451406308743,302.0261159995877,0.5850439882697946
SN2008A22204,Tambacounda,Tambacounda,Arachide (en coque),Principale,1960,6,1960,11,None,0,8433.20070345865,8433.20070345865,1.0
SN2008A22204,Tambacounda,Tambacounda,Arachide (en coque),Principale,1961,6,1961,11,None,0,10842.686618732549,11645.848590490516,1.0740740740740742
SN2008A22204,Tambacounda,Tambacounda,Arachide (en coque),Principale,1962,6,1962,11,None,0,11244.267604611532,12368.694365072684,1.1
SN2008A22204,Tambacounda,Tambacounda,Arachide (en coque),Principale,1963,6,1963,11,None,0,12681.927534058292,12681.927534058292,1.0
SN2008A22204,Tambacounda,Tambacounda,Arachide (en coque),Principale,1964,6,1964,11,None,0,10240.315139914072,10240.315139914072,1.0
SN2008A22204,Tambacounda,Tambacounda,Arachide (en coque),Principale,1965,6,1965,11,None,0,10039.524646974582,11043.47711167204,1.1
SN2008A22204,Tambacounda,Tambacounda,Arachide (en coque),Principale,1966,6,1966,11,None,0,10131.888273726749,10006.193425146626,0.987594133967499
SN2008A22204,Tambacounda,Tambacounda,Arachide (en coque),Principale,1967,6,1967,11,None,0,10341.111967369698,10341.111967369698,1.0
SN2008A22204,Tambacounda,Tambacounda,Arachide (en coque),Principale,1968,6,1968,11,None,0,9625.09306954747,9637.943661095598,1.0013351134846462
SN2008A22204,Tambacounda,Tambacounda,Arachide (en coque),Principale,1969,6,1969,11,None,0,8031.619717579665,7429.248238761191,0.925
SN2008A22204,Tambacounda,Tambacounda,Arachide (en coque),Principale,1970,6,1970,11,None,0,12730.11725236377,4734.639823513213,0.3719242902208202
SN2008A22204,Tambacounda,Tambacounda,Arachide (en coque),Principale,1971,6,1971,11,None,0,11123.793308847837,9425.105738579738,0.8472924187725632
SN2008A22204,Tambacounda,Tambacounda,Arachide (en coque),Principale,1972,6,1972,11,None,0,11500.476273602322,8223.17384784394,0.715028982470843
SN2008A22204,Tambacounda,Tambacounda,Arachide (en coque),Principale,1973,6,1973,11,None,0,12336.969467188244,10408.577572997368,0.8436899840499985
SN2008A22204,Tambacounda,Tambacounda,Arachide (en coque),Principale,1974,6,1974,11,None,0,12344.197924934067,11312.53637221096,0.9164253879436548
SN2008A22204,Tambacounda,Tambacounda,Arachide (en coque),Principale,1975,6,1975,11,None,0,18949.401980671584,13550.948787500412,0.7151122131095429
SN2008A22204,Tambacounda,Tambacounda,Arachide (en coque),Principale,1976,6,1976,11,None,0,17426.2053012326,21758.86255788095,1.2486288426971472
SN2008A22204,Tambacounda,Tambacounda,Arachide (en coque),Principale,1977,6,1977,11,None,0,15219.517783827589,11853.867541175829,0.778859600517164
SN2008A22204,Tambacounda,Tambacounda,Arachide (en coque),Principale,1978,6,1978,11,None,0,20182.65718830594,21568.91475156019,1.068685582394843
SN2008A22204,Tambacounda,Tambacounda,Arachide (en coque),Principale,1979,6,1979,11,None,0,19012.048614468706,13471.837333282252,0.7085947236127833
SN2008A22204,Tambacounda,Tambacounda,Arachide (en coque),Principale,1980,6,1980,11,None,0,18686.768015906728,8340.435495720603,0.4463284120946425
SN2008A22204,Tambacounda,Tambacounda,Arachide (en coque),Principale,1981,6,1981,11,None,0,19070.27785742116,15720.690854204558,0.8243556266846361
SN2008A22204,Tambacounda,Tambacounda,Arachide (en coque),Principale,1986,6,1986,11,None,0,21058.103737522124,22840.32015285305,1.0846332812082842
SN2008A22204,Tambacounda,Tambacounda,Arachide (en coque),Principale,1987,6,1987,11,None,0,17824.573639224553,20927.991498097337,1.174108953273555
SN2008A22204,Tambacounda,Tambacounda,Arachide (en coque),Principale,1988,6,1988,11,None,0,22846.74544862712,26555.345853219525,1.1623251072206988
SN2008A22204,Tambacounda,Tambacounda,Arachide (en coque),Principale,1989,6,1989,11,None,0,23238.286909859125,28107.05478265592,1.209514922149066
SN2008A22204,Tambacounda,Tambacounda,Maïs,Principale,1960,6,1960,11,None,0,2518.104212488296,2014.483369990637,0.8
SN2008A22204,Tambacounda,Tambacounda,Maïs,Principale,1961,6,1961,11,None,0,2518.104212488296,2176.7611970176604,0.8644444444444445
SN2008A22204,Tambacounda,Tambacounda,Maïs,Principale,1962,6,1962,11,None,0,2685.9778266541825,2501.316851071708,0.93125
SN2008A22204,Tambacounda,Tambacounda,Maïs,Principale,1963,6,1963,11,None,0,2934.9903543335804,2743.054855470584,0.934604385128694
SN2008A22204,Tambacounda,Tambacounda,Maïs,Principale,1964,6,1964,11,None,0,1958.525498602008,1510.8625274929775,0.7714285714285715
SN2008A22204,Tambacounda,Tambacounda,Maïs,Principale,1965,6,1965,11,None,0,2126.399112767894,1972.5149664491653,0.9276315789473686
SN2008A22204,Tambacounda,Tambacounda,Maïs,Principale,1966,6,1966,11,None,0,2227.6828599813125,1942.2977158993056,0.8718914845516201
SN2008A22204,Tambacounda,Tambacounda,Maïs,Principale,1967,6,1967,11,None,0,2286.998203653259,2058.6900883876533,0.9001712747736724
SN2008A22204,Tambacounda,Tambacounda,Maïs,Principale,1968,6,1968,11,None,0,1530.4477824789976,764.9441018825557,0.4998171846435101
SN2008A22204,Tambacounda,Tambacounda,Maïs,Principale,1969,6,1969,11,None,0,1748.68348089465,1444.8322392543955,0.8262399999999999
SN2008A22204,Tambacounda,Tambacounda,Maïs,Principale,1970,6,1970,11,None,0,2825.8725051257543,1712.3108644920412,0.6059405940594059
SN2008A22204,Tambacounda,Tambacounda,Maïs,Principale,1971,6,1971,11,None,0,2853.8514408200685,2196.3464520036805,0.769607843137255
SN2008A22204,Tambacounda,Tambacounda,Maïs,Principale,1972,6,1972,11,None,0,2368.1371171667706,1433.6406649766698,0.6053875236294897
SN2008A22204,Tambacounda,Tambacounda,Maïs,Principale,1973,6,1973,11,None,0,2442.0015073997606,1959.0850773158943,0.8022456461961504
SN2008A22204,Tambacounda,Tambacounda,Maïs,Principale,1974,6,1974,11,None,0,1581.36944544265,1426.9257204100345,0.902335456475584
SN2008A22204,Tambacounda,Tambacounda,Maïs,Principale,1975,6,1975,11,None,0,1814.1541904193457,1634.5294232618471,0.9009870450339296
SN2008A22204,Tambacounda,Tambacounda,Maïs,Principale,1976,6,1976,11,None,0,2692.133192506932,1800.1647225721886,0.6686759509457493
SN2008A22204,Tambacounda,Tambacounda,Maïs,Principale,1977,6,1977,11,None,0,3155.464367604778,2532.65325904934,0.8026245788260329
SN2008A22204,Tambacounda,Tambacounda,Maïs,Principale,1978,6,1978,11,None,0,2690.454456365273,2740.2569619011524,1.0185108153078202
SN2008A22204,Tambacounda,Tambacounda,Maïs,Principale,1979,6,1979,11,None,0,2439.763192544216,1472.2515962348236,0.603440366972477
SN2008A22204,Tambacounda,Tambacounda,Maïs,Principale,1980,6,1980,11,None,0,3868.927227809795,2406.7480484249245,0.6220711599652878
SN2008A22204,Tambacounda,Tambacounda,Maïs,Principale,1981,6,1981,11,None,0,4232.653391835883,3828.637560409983,0.9045478582760444
SN2008A22204,Tambacounda,Tambacounda,Maïs,Principale,1986,6,1986,11,None,0,7632.653657408968,8530.217914482575,1.1175953079178886
SN2008A22204,Tambacounda,Tambacounda,Maïs,Principale,1987,6,1987,11,None,0,8923.042171630748,7468.697094240286,0.8370124169070613
SN2008A22204,Tambacounda,Tambacounda,Maïs,Principale,1988,6,1988,11,None,0,11931.896916197318,13354.346006896263,1.119213994278479
SN2008A22204,Tambacounda,Tambacounda,Maïs,Principale,1989,6,1989,11,None,0,5669.091950381983,7482.686562087443,1.3199091896160302
SN2008A22204,Tambacounda,Tambacounda,Mil,Principale,1960,6,1960,11,None,0,5583.6059297487145,4321.225458675092,0.773913043478261
SN2008A22204,Tambacounda,Tambacounda,Mil,Principale,1961,6,1961,11,None,0,5444.882801059305,4217.183112158035,0.7745222929936306
SN2008A22204,Tambacounda,Tambacounda,Mil,Principale,1962,6,1962,11,None,0,5670.307885179595,4395.78914034565,0.7752293577981652
SN2008A22204,Tambacounda,Tambacounda,Mil,Principale,1963,6,1963,11,None,0,6446.463790196839,5008.945369152838,0.7770066709705187
SN2008A22204,Tambacounda,Tambacounda,Mil,Principale,1964,6,1964,11,None,0,7109.560345332215,5306.159672369897,0.7463414634146341
SN2008A22204,Tambacounda,Tambacounda,Mil,Principale,1965,6,1965,11,None,0,8670.195543088066,6069.136880161646,0.7
SN2008A22204,Tambacounda,Tambacounda,Mil,Principale,1966,6,1966,11,None,0,9607.270277385023,6113.875089163981,0.6363800447621112
SN2008A22204,Tambacounda,Tambacounda,Mil,Principale,1967,6,1967,11,None,0,9911.07392921483,6442.64890415788,0.6500454895374064
SN2008A22204,Tambacounda,Tambacounda,Mil,Principale,1968,6,1968,11,None,0,10313.71781023584,6703.795193915693,0.6499882309425334
SN2008A22204,Tambacounda,Tambacounda,Mil,Principale,1969,6,1969,11,None,0,12646.347219148252,10016.850314840503,0.7920745920745921
SN2008A22204,Tambacounda,Tambacounda,Mil,Principale,1970,6,1970,11,None,0,12589.123928563871,4865.713738781023,0.3865013774104683
SN2008A22204,Tambacounda,Tambacounda,Mil,Principale,1971,6,1971,11,None,0,13959.014824371789,10551.627975938176,0.7559006211180123
SN2008A22204,Tambacounda,Tambacounda,Mil,Principale,1972,6,1972,11,None,0,14406.39691439513,7825.718497191288,0.5432113625421281
SN2008A22204,Tambacounda,Tambacounda,Mil,Principale,1973,6,1973,11,None,0,13077.429341550593,5082.121819536501,0.388617799936353
SN2008A22204,Tambacounda,Tambacounda,Mil,Principale,1974,6,1974,11,None,0,9176.53496280441,5867.641535740279,0.6394179894179893
SN2008A22204,Tambacounda,Tambacounda,Mil,Principale,1975,6,1975,11,None,0,10945.601661416098,10704.57022531825,0.9779791514844268
SN2008A22204,Tambacounda,Tambacounda,Mil,Principale,1976,6,1976,11,None,0,8076.460552297395,3873.496560830025,0.4796032291308829
SN2008A22204,Tambacounda,Tambacounda,Mil,Principale,1977,6,1977,11,None,0,8689.616781104583,6612.584736802406,0.7609754150702426
SN2008A22204,Tambacounda,Tambacounda,Mil,Principale,1978,6,1978,11,None,0,9453.981220183226,8429.51091481194,0.8916360968451944
SN2008A22204,Tambacounda,Tambacounda,Mil,Principale,1979,6,1979,11,None,0,13518.222082961189,7335.679045095951,0.5426511711434362
SN2008A22204,Tambacounda,Tambacounda,Mil,Principale,1980,6,1980,11,None,0,11984.291087478048,8408.355637686807,0.7016147702280358
SN2008A22204,Tambacounda,Tambacounda,Mil,Principale,1981,6,1981,11,None,0,10808.95937965703,10859.593321628665,1.004684441877627
SN2008A22204,Tambacounda,Tambacounda,Riz,Principale,1960,6,1960,11,None,0,201.7332255383012,161.38658043064098,0.8
SN2008A22204,Tambacounda,Tambacounda,Riz,Principale,1961,6,1961,11,None,0,201.7332255383012,161.38658043064098,0.8
SN2008A22204,Tambacounda,Tambacounda,Riz,Principale,1962,6,1962,11,None,0,220.9459136848061,176.75673094784486,0.7999999999999999
SN2008A22204,Tambacounda,Tambacounda,Riz,Principale,1963,6,1963,11,None,0,117.19739769367976,170.99292450389342,1.459016393442623
SN2008A22204,Tambacounda,Tambacounda,Riz,Principale,1964,6,1964,11,None,0,144.09516109878658,115.27612887902926,0.7999999999999999
SN2008A22204,Tambacounda,Tambacounda,Riz,Principale,1965,6,1965,11,None,0,192.1268814650488,153.70150517203902,0.8
SN2008A22204,Tambacounda,Tambacounda,Riz,Principale,1966,6,1966,11,None,0,384.2537629300976,288.19032219757315,0.75
SN2008A22204,Tambacounda,Tambacounda,Riz,Principale,1967,6,1967,11,None,0,256.4893867558401,204.61512876027697,0.7977528089887642
SN2008A22204,Tambacounda,Tambacounda,Riz,Principale,1969,6,1969,11,None,0,472.63212840402,723.3577087159086,1.5304878048780486
SN2008A22204,Tambacounda,Tambacounda,Riz,Principale,1970,6,1970,11,None,0,489.9235477358744,443.8130961842626,0.9058823529411764
SN2008A22204,Tambacounda,Tambacounda,Riz,Principale,1971,6,1971,11,None,0,912.6026869589816,805.9722677458795,0.8831578947368421
SN2008A22204,Tambacounda,Tambacounda,Riz,Principale,1972,6,1972,11,None,0,1034.6032566892875,664.7590098690688,0.6425255338904365
SN2008A22204,Tambacounda,Tambacounda,Riz,Principale,1973,6,1973,11,None,0,1050.9340416138168,794.4446548579766,0.7559414990859231
SN2008A22204,Tambacounda,Tambacounda,Riz,Principale,1974,6,1974,11,None,0,845.3582784462146,476.47466603332094,0.5636363636363636
SN2008A22204,Tambacounda,Tambacounda,Riz,Principale,1975,6,1975,11,None,0,1658.0549870433708,1658.0549870433708,1.0
SN2008A22204,Tambacounda,Tambacounda,Riz,Principale,1976,6,1976,11,None,0,1052.8553104284672,395.78137581800047,0.3759124087591241
SN2008A22204,Tambacounda,Tambacounda,Riz,Principale,1977,6,1977,11,None,0,1211.3599876371325,723.3577087159086,0.5971451229183188
SN2008A22204,Tambacounda,Tambacounda,Riz,Principale,1978,6,1978,11,None,0,1204.6355467858557,1304.541525147681,1.0829346092503989
SN2008A22204,Tambacounda,Tambacounda,Riz,Principale,1979,6,1979,11,None,0,1110.493374867982,719.5151710866077,0.6479238754325258
SN2008A22204,Tambacounda,Tambacounda,Riz,Principale,1980,6,1980,11,None,0,650.3494937591901,373.6867844495199,0.5745937961595273
SN2008A22204,Tambacounda,Tambacounda,Riz,Principale,1981,6,1981,11,None,0,672.4440851276707,586.947622875724,0.8728571428571429
SN2008A22204,Tambacounda,Tambacounda,Riz,Principale,1984,6,1984,11,None,0,67.24440851276707,73.96884936404378,1.1
SN2008A22204,Tambacounda,Tambacounda,Riz,Principale,1985,6,1985,11,None,0,52.834892402888414,52.834892402888414,1.0
SN2008A22204,Tambacounda,Tambacounda,Riz,Principale,1986,6,1986,11,None,0,45.14981714428646,45.14981714428646,1.0
SN2008A22204,Tambacounda,Tambacounda,Riz,Principale,1988,6,1988,11,None,0,41.30727951498549,45.14981714428646,1.0930232558139534
SN2008A22204,Tambacounda,Tambacounda,Sorgho,Principale,1986,6,1986,11,None,0,12448.021720061275,12491.403305129588,1.0034850184265345
SN2008A22204,Tambacounda,Tambacounda,Sorgho,Principale,1987,6,1987,11,None,0,8143.2720201218035,6189.604775321288,0.7600881758618578
SN2008A22204,Tambacounda,Tambacounda,Sorgho,Principale,1988,6,1988,11,None,0,8307.822860036089,8779.036628881544,1.0567192845567497
SN2008A22204,Tambacounda,Tambacounda,Sorgho,Principale,1989,6,1989,11,None,0,4223.970196708824,4264.85858723298,1.0096800849958685
SN2008A22301,Kedougou,Kedougou,Arachide (en coque),Principale,1960,6,1960,11,None,0,609.9113076343632,609.9113076343632,1.0
SN2008A22301,Kedougou,Kedougou,Arachide (en coque),Principale,1961,6,1961,11,None,0,554.4648251221483,554.4648251221483,1.0
SN2008A22301,Kedougou,Kedougou,Arachide (en coque),Principale,1962,6,1962,11,None,0,924.1080418702472,924.1080418702472,1.0
SN2008A22301,Kedougou,Kedougou,Arachide (en coque),Principale,1963,6,1963,11,None,0,1293.751258618346,1316.3919056441673,1.0175000000000003
SN2008A22301,Kedougou,Kedougou,Arachide (en coque),Principale,1964,6,1964,11,None,0,739.2864334961979,739.2864334961979,1.0
SN2008A22301,Kedougou,Kedougou,Arachide (en coque),Principale,1965,6,1965,11,None,0,693.0810314026854,727.7350829728198,1.05
SN2008A22301,Kedougou,Kedougou,Arachide (en coque),Principale,1966,6,1966,11,None,0,942.5902027076522,801.2016723015045,0.8500000000000001
SN2008A22301,Kedougou,Kedougou,Arachide (en coque),Principale,1967,6,1967,11,None,0,940.7419866239118,799.3534562177639,0.849705304518664
SN2008A22301,Kedougou,Kedougou,Arachide (en coque),Principale,1968,6,1968,11,None,0,861.2686950230704,731.8935691612359,0.849785407725322
SN2008A22301,Kedougou,Kedougou,Arachide (en coque),Principale,1969,6,1969,11,None,0,1386.1620628053709,924.1080418702472,0.6666666666666666
SN2008A22301,Kedougou,Kedougou,Arachide (en coque),Principale,1970,6,1970,11,None,0,1085.826949197541,526.741583866041,0.4851063829787232
SN2008A22301,Kedougou,Kedougou,Arachide (en coque),Principale,1971,6,1971,11,None,0,1339.9566607118586,1078.8961388835137,0.8051724137931034
SN2008A22301,Kedougou,Kedougou,Arachide (en coque),Principale,1972,6,1972,11,None,0,1344.57720092121,1025.7599264759745,0.7628865979381442
SN2008A22301,Kedougou,Kedougou,Arachide (en coque),Principale,1973,6,1973,11,None,0,1825.5754367146733,712.9493543028958,0.3905340420146798
SN2008A22301,Kedougou,Kedougou,Arachide (en coque),Principale,1974,6,1974,11,None,0,1617.1890732729328,1293.751258618346,0.7999999999999998
SN2008A22301,Kedougou,Kedougou,Arachide (en coque),Principale,1975,6,1975,11,None,0,1904.1246202736445,1709.5998774599575,0.8978403300169862
SN2008A22301,Kedougou,Kedougou,Arachide (en coque),Principale,1976,6,1976,11,None,0,2153.633791578611,1404.1821696218408,0.652006007294572
SN2008A22301,Kedougou,Kedougou,Arachide (en coque),Principale,1977,6,1977,11,None,0,1532.17113342087,1600.0930744983332,1.0443305186972256
SN2008A22301,Kedougou,Kedougou,Arachide (en coque),Principale,1978,6,1978,11,None,0,2735.359803935932,2419.7769076372424,0.8846283783783783
SN2008A22301,Kedougou,Kedougou,Arachide (en coque),Principale,1979,6,1979,11,None,0,2788.9580703644065,1112.6260824117778,0.3989396951623591
SN2008A22301,Kedougou,Kedougou,Arachide (en coque),Principale,1980,6,1980,11,None,0,1845.905813635819,987.4094427383592,0.5349186483103879
SN2008A22301,Kedougou,Kedougou,Arachide (en coque),Principale,1981,6,1981,11,None,0,1857.4571641591967,1387.5482248681762,0.7470149253731342
SN2008A22301,Kedougou,Kedougou,Arachide (en coque),Principale,1986,6,1986,11,None,0,4245.814398372851,3563.822663472609,0.8393731635651323
SN2008A22301,Kedougou,Kedougou,Arachide (en coque),Principale,1987,6,1987,11,None,0,4109.046408176055,3664.0883860155295,0.8917125829303947
SN2008A22301,Kedougou,Kedougou,Arachide (en coque),Principale,1988,6,1988,11,None,0,3793.463511877366,2910.940331891279,0.7673568818514006
SN2008A22301,Kedougou,Kedougou,Arachide (en coque),Principale,1989,6,1989,11,None,0,1671.2493937223423,1573.755995305031,0.9416643627315454
SN2008A22301,Kedougou,Kedougou,Maïs,Principale,1960,6,1960,11,None,0,1274.4015662435274,1274.4015662435274,1.0
SN2008A22301,Kedougou,Kedougou,Maïs,Principale,1961,6,1961,11,None,2,1274.4015662435274,1274.4015662435274,1.0
SN2008A22301,Kedougou,Kedougou,Maïs,Principale,1962,6,1962,11,None,0,1365.4302495466366,,
SN2008A22301,Kedougou,Kedougou,Maïs,Principale,1963,6,1963,11,None,2,1632.4477205690898,1632.4477205690898,1.0
SN2008A22301,Kedougou,Kedougou,Maïs,Principale,1964,6,1964,11,None,2,2306.059977012097,2306.059977012097,1.0
SN2008A22301,Kedougou,Kedougou,Maïs,Principale,1965,6,1965,11,None,2,2306.059977012097,2306.059977012097,1.0
SN2008A22301,Kedougou,Kedougou,Maïs,Principale,1966,6,1966,11,None,0,1866.0880077137365,1586.326521028848,0.8500813008130081
SN2008A22301,Kedougou,Kedougou,Maïs,Principale,1967,6,1967,11,None,0,2239.305609256484,1903.106338923668,0.8498644986449865
SN2008A22301,Kedougou,Kedougou,Maïs,Principale,1968,6,1968,11,None,0,1480.7332483972414,1258.6232611376552,0.85
SN2008A22301,Kedougou,Kedougou,Maïs,Principale,1969,6,1969,11,None,0,2457.7744491839458,2385.558360430146,0.9706172839506172
SN2008A22301,Kedougou,Kedougou,Maïs,Principale,1970,6,1970,11,None,0,2211.997004265551,1440.073769855186,0.6510288065843621
SN2008A22301,Kedougou,Kedougou,Maïs,Principale,1971,6,1971,11,None,0,2520.8876696074344,1728.331266981698,0.6856042368801156
SN2008A22301,Kedougou,Kedougou,Maïs,Principale,1972,6,1972,11,None,0,2250.229051252857,1999.5967432249631,0.8886192017259977
SN2008A22301,Kedougou,Kedougou,Maïs,Principale,1973,6,1973,11,None,0,376.25189098618426,338.62670188756584,0.9
SN2008A22301,Kedougou,Kedougou,Maïs,Principale,1974,6,1974,11,None,0,2742.997656867021,1972.2881382340304,0.7190265486725663
SN2008A22301,Kedougou,Kedougou,Maïs,Principale,1975,6,1975,11,None,0,2334.5822977804046,2124.002610405879,0.9097998440343124
SN2008A22301,Kedougou,Kedougou,Maïs,Principale,1976,6,1976,11,None,0,2215.031293708988,2078.4882687543245,0.9383561643835616
SN2008A22301,Kedougou,Kedougou,Maïs,Principale,1977,6,1977,11,None,0,2619.1986475747926,2456.5607334065708,0.93790546802595
SN2008A22301,Kedougou,Kedougou,Maïs,Principale,1978,6,1978,11,None,0,2780.015988076952,2761.81025141633,0.9934512115258676
SN2008A22301,Kedougou,Kedougou,Maïs,Principale,1979,6,1979,11,None,0,2548.803132487055,1529.2818794922327,0.6
SN2008A22301,Kedougou,Kedougou,Maïs,Principale,1980,6,1980,11,None,0,2518.460238052685,2073.6334056448254,0.8233734939759038
SN2008A22301,Kedougou,Kedougou,Maïs,Principale,1981,6,1981,11,None,0,2639.831815790164,7060.791534877829,2.6747126436781605
SN2008A22301,Kedougou,Kedougou,Maïs,Principale,1986,6,1986,11,None,0,6182.66816994717,6439.369056861938,1.0415194346289751
SN2008A22301,Kedougou,Kedougou,Maïs,Principale,1987,6,1987,11,None,0,6629.922433909779,5925.9672830324025,0.8938215102974829
SN2008A22301,Kedougou,Kedougou,Maïs,Principale,1988,6,1988,11,None,0,6297.364310909087,7753.823243758833,1.231280716970223
SN2008A22301,Kedougou,Kedougou,Maïs,Principale,1989,6,1989,11,None,0,2625.2672264616663,4202.490879160204,1.60078594544614
SN2008A22301,Kedougou,Kedougou,Mil,Principale,1960,6,1960,11,None,0,14417.061611374407,8650.236966824645,0.6
SN2008A22301,Kedougou,Kedougou,Mil,Principale,1961,6,1961,11,None,0,15033.175355450236,8810.426540284361,0.586065573770492
SN2008A22301,Kedougou,Kedougou,Mil,Principale,1962,6,1962,11,None,0,14909.952606635072,8945.971563981044,0.6000000000000001
SN2008A22301,Kedougou,Kedougou,Mil,Principale,1963,6,1963,11,None,0,13198.388625592415,9238.009478672986,0.6999346466249651
SN2008A22301,Kedougou,Kedougou,Mil,Principale,1964,6,1964,11,None,0,14170.616113744076,9857.819905213271,0.6956521739130436
SN2008A22301,Kedougou,Kedougou,Mil,Principale,1965,6,1965,11,None,0,14786.729857819906,9611.374407582938,0.6499999999999999
SN2008A22301,Kedougou,Kedougou,Mil,Principale,1966,6,1966,11,None,0,15556.872037914693,12445.497630331754,0.8
SN2008A22301,Kedougou,Kedougou,Mil,Principale,1967,6,1967,11,None,0,15556.872037914693,12445.497630331754,0.8
SN2008A22301,Kedougou,Kedougou,Mil,Principale,1968,6,1968,11,None,0,15712.132701421802,12569.336492890996,0.7999764724335346
SN2008A22301,Kedougou,Kedougou,Mil,Principale,1969,6,1969,11,None,0,15550.710900473934,14132.417061611375,0.9087955625990491
SN2008A22301,Kedougou,Kedougou,Mil,Principale,1970,6,1970,11,None,0,13677.725118483411,8674.881516587679,0.6342342342342343
SN2008A22301,Kedougou,Kedougou,Mil,Principale,1971,6,1971,11,None,0,11053.08056872038,9709.336492890996,0.878428093645485
SN2008A22301,Kedougou,Kedougou,Mil,Principale,1972,6,1972,11,None,0,9814.691943127962,7085.308056872038,0.7219083490269931
SN2008A22301,Kedougou,Kedougou,Mil,Principale,1973,6,1973,11,None,0,9459.19431279621,7283.080568720379,0.7699472415814498
SN2008A22301,Kedougou,Kedougou,Mil,Principale,1974,6,1974,11,None,0,9315.63981042654,7393.364928909953,0.7936507936507936
SN2008A22301,Kedougou,Kedougou,Mil,Principale,1975,6,1975,11,None,0,8671.184834123223,7578.199052132702,0.8739519681682535
SN2008A22301,Kedougou,Kedougou,Mil,Principale,1976,6,1976,11,None,0,8471.563981042655,3712.085308056872,0.4381818181818181
SN2008A22301,Kedougou,Kedougou,Mil,Principale,1977,6,1977,11,None,0,9036.54028436019,7173.412322274882,0.7938228676620986
SN2008A22301,Kedougou,Kedougou,Mil,Principale,1978,6,1978,11,None,0,8974.312796208531,7849.905213270143,0.8747082246327064
SN2008A22301,Kedougou,Kedougou,Mil,Principale,1979,6,1979,11,None,0,9210.90047393365,3709.004739336493,0.4026755852842809
SN2008A22301,Kedougou,Kedougou,Mil,Principale,1980,6,1980,11,None,0,7085.308056872038,4331.895734597157,0.6113913043478261
SN2008A22301,Kedougou,Kedougou,Mil,Principale,1981,6,1981,11,None,0,8009.478672985782,11629.14691943128,1.4519230769230769
SN2008A22301,Kedougou,Kedougou,Riz,Principale,1960,6,1960,11,None,0,629.1922493219715,566.2730243897744,0.9
SN2008A22301,Kedougou,Kedougou,Riz,Principale,1961,6,1961,11,None,0,629.1922493219715,597.1994230852611,0.9491525423728812
SN2008A22301,Kedougou,Kedougou,Riz,Principale,1962,6,1962,11,None,0,629.1922493219715,503.3537994575772,0.8
SN2008A22301,Kedougou,Kedougou,Riz,Principale,1963,6,1963,11,None,0,630.791890633807,557.741604059985,0.8841927303465766
SN2008A22301,Kedougou,Kedougou,Riz,Principale,1964,6,1964,11,None,0,639.8565247342083,639.8565247342083,1.0
SN2008A22301,Kedougou,Kedougou,Riz,Principale,1965,6,1965,11,None,0,666.5172132648004,666.5172132648004,1.0
SN2008A22301,Kedougou,Kedougou,Riz,Principale,1966,6,1966,11,None,0,693.1779017953924,693.1779017953924,1.0
SN2008A22301,Kedougou,Kedougou,Riz,Principale,1967,6,1967,11,None,0,753.4310578745303,670.2497096590832,0.8895966029723992
SN2008A22301,Kedougou,Kedougou,Riz,Principale,1969,6,1969,11,None,0,532.1473430706166,524.6823502820508,0.9859719438877756
SN2008A22301,Kedougou,Kedougou,Riz,Principale,1970,6,1970,11,None,0,675.5818473652016,460.16348403801817,0.681136543014996
SN2008A22301,Kedougou,Kedougou,Riz,Principale,1971,6,1971,11,None,0,1538.3217282151593,1692.420507921981,1.1001733102253033
SN2008A22301,Kedougou,Kedougou,Riz,Principale,1972,6,1972,11,None,0,1182.6681432170617,1279.7130494684166,1.0820559062218214
SN2008A22301,Kedougou,Kedougou,Riz,Principale,1973,6,1973,11,None,0,1468.470724265008,1432.7454016340148,0.9756717501815544
SN2008A22301,Kedougou,Kedougou,Riz,Principale,1974,6,1974,11,None,0,2013.9484116009207,2879.354361303938,1.4297061159650517
SN2008A22301,Kedougou,Kedougou,Riz,Principale,1975,6,1975,11,None,0,1111.7507117256869,1119.7489182848649,1.007194244604317
SN2008A22301,Kedougou,Kedougou,Riz,Principale,1976,6,1976,11,None,0,1039.7668526930886,871.8045149503589,0.8384615384615385
SN2008A22301,Kedougou,Kedougou,Riz,Principale,1977,6,1977,11,None,0,4708.8108082731615,5207.898897565844,1.1059902615785302
SN2008A22301,Kedougou,Kedougou,Riz,Principale,1978,6,1978,11,None,0,2736.9862845505763,3542.6722919450667,1.294369764270407
SN2008A22301,Kedougou,Kedougou,Riz,Principale,1979,6,1979,11,None,0,381.2478459874658,204.75408791494667,0.5370629370629371
SN2008A22301,Kedougou,Kedougou,Riz,Principale,1980,6,1980,11,None,0,1400.7525753973043,1172.003867804825,0.8366958507803579
SN2008A22301,Kedougou,Kedougou,Riz,Principale,1981,6,1981,11,None,0,373.2496394282882,271.93902301203855,0.7285714285714285
SN2008A22301,Kedougou,Kedougou,Riz,Principale,1984,6,1984,11,None,0,1892.908885672033,2650.0724399408464,1.4
SN2008A22301,Kedougou,Kedougou,Riz,Principale,1985,6,1985,11,None,0,1463.1385865588898,1901.9735197724344,1.299927113702624
SN2008A22301,Kedougou,Kedougou,Riz,Principale,1986,6,1986,11,None,0,2090.197980798414,2982.7978328026347,1.427040816326531
SN2008A22301,Kedougou,Kedougou,Riz,Principale,1987,6,1987,11,None,0,838.2120474018129,1058.9625484351147,1.263358778625954
SN2008A22301,Kedougou,Kedougou,Riz,Principale,1988,6,1988,11,None,0,1957.4277519160653,2036.8766037372293,1.0405883955325523
SN2008A22301,Kedougou,Kedougou,Riz,Principale,1989,6,1989,11,None,0,1014.705805474332,2240.031050340341,2.207566999474514
SN2008A22301,Kedougou,Kedougou,Sorgho,Principale,1986,6,1986,11,None,0,3550.9836951752545,2807.831361284196,0.7907193054981397
SN2008A22301,Kedougou,Kedougou,Sorgho,Principale,1987,6,1987,11,None,0,3954.3043939141553,2342.856542992851,0.5924825986078887
SN2008A22301,Kedougou,Kedougou,Sorgho,Principale,1988,6,1988,11,None,0,3396.481407487286,2994.9956527826844,0.8817936250675311
SN2008A22301,Kedougou,Kedougou,Sorgho,Principale,1989,6,1989,11,None,0,1990.91427721432,2486.7161552818857,1.249032258064516
SN2008A22302,Kedougou,Salemata,Arachide (en coque),Principale,1960,6,1960,11,None,0,169.51742314112155,169.51742314112155,1.0
SN2008A22302,Kedougou,Salemata,Arachide (en coque),Principale,1961,6,1961,11,None,0,154.1067483101105,154.1067483101105,1.0
SN2008A22302,Kedougou,Salemata,Arachide (en coque),Principale,1962,6,1962,11,None,0,256.84458051685084,256.84458051685084,1.0
SN2008A22302,Kedougou,Salemata,Arachide (en coque),Principale,1963,6,1963,11,None,0,359.5824127235912,365.875104946254,1.0174999999999998
SN2008A22302,Kedougou,Salemata,Arachide (en coque),Principale,1964,6,1964,11,None,0,205.47566441348067,205.47566441348067,1.0
SN2008A22302,Kedougou,Salemata,Arachide (en coque),Principale,1965,6,1965,11,None,0,192.6334353876381,202.26510715702003,1.05
SN2008A22302,Kedougou,Salemata,Arachide (en coque),Principale,1966,6,1966,11,None,0,261.9814721271878,222.68425130810968,0.8500000000000001
SN2008A22302,Kedougou,Salemata,Arachide (en coque),Principale,1967,6,1967,11,None,0,261.4677829661541,222.170562147076,0.8497053045186641
SN2008A22302,Kedougou,Salemata,Arachide (en coque),Principale,1968,6,1968,11,None,0,239.3791490417049,203.42090776934583,0.8497854077253219
SN2008A22302,Kedougou,Salemata,Arachide (en coque),Principale,1969,6,1969,11,None,0,385.2668707752762,256.84458051685084,0.6666666666666667
SN2008A22302,Kedougou,Salemata,Arachide (en coque),Principale,1970,6,1970,11,None,0,301.7923821072997,146.40141089460496,0.4851063829787234
SN2008A22302,Kedougou,Salemata,Arachide (en coque),Principale,1971,6,1971,11,None,0,372.4246417494337,299.86604775342335,0.8051724137931034
SN2008A22302,Kedougou,Salemata,Arachide (en coque),Principale,1972,6,1972,11,None,0,373.7088646520179,285.09748437370445,0.7628865979381445
SN2008A22302,Kedougou,Salemata,Arachide (en coque),Principale,1973,6,1973,11,None,0,507.3964688110388,198.1555938687504,0.3905340420146798
SN2008A22302,Kedougou,Salemata,Arachide (en coque),Principale,1974,6,1974,11,None,0,449.4780159044889,359.5824127235912,0.8
SN2008A22302,Kedougou,Salemata,Arachide (en coque),Principale,1975,6,1975,11,None,0,529.2282581549712,475.1624739561741,0.8978403300169863
SN2008A22302,Kedougou,Salemata,Arachide (en coque),Principale,1976,6,1976,11,None,0,598.5762948945209,390.2753400953548,0.6520060072945719
SN2008A22302,Kedougou,Salemata,Arachide (en coque),Principale,1977,6,1977,11,None,0,425.84831449693866,444.7263911649272,1.0443305186972256
SN2008A22302,Kedougou,Salemata,Arachide (en coque),Principale,1978,6,1978,11,None,0,760.2599583298785,672.5475340833739,0.8846283783783783
SN2008A22302,Kedougou,Salemata,Arachide (en coque),Principale,1979,6,1979,11,None,0,775.1569439998558,309.2408749422884,0.3989396951623591
SN2008A22302,Kedougou,Salemata,Arachide (en coque),Principale,1980,6,1980,11,None,0,513.0470495824095,274.4384342822551,0.534918648310388
SN2008A22302,Kedougou,Salemata,Arachide (en coque),Principale,1981,6,1981,11,None,0,516.2576068388702,385.65213764605153,0.7470149253731343
SN2008A22302,Kedougou,Salemata,Arachide (en coque),Principale,1986,6,1986,11,None,0,1180.0724251846711,990.5211247632352,0.8393731635651323
SN2008A22302,Kedougou,Salemata,Arachide (en coque),Principale,1987,6,1987,11,None,0,1142.0594272681772,1018.3887617493136,0.8917125829303948
SN2008A22302,Kedougou,Salemata,Arachide (en coque),Principale,1988,6,1988,11,None,0,1054.347003021673,809.0604286280801,0.7673568818514005
SN2008A22302,Kedougou,Salemata,Arachide (en coque),Principale,1989,6,1989,11,None,0,464.5034238647247,437.40632062019694,0.9416643627315454
SN2008A22302,Kedougou,Salemata,Maïs,Principale,1960,6,1960,11,None,0,415.0006378721651,415.0006378721651,1.0
SN2008A22302,Kedougou,Salemata,Maïs,Principale,1961,6,1961,11,None,2,415.0006378721651,415.0006378721651,1.0
SN2008A22302,Kedougou,Salemata,Maïs,Principale,1962,6,1962,11,None,0,444.64354057731975,,
SN2008A22302,Kedougou,Salemata,Maïs,Principale,1963,6,1963,11,None,2,531.5960551791068,531.5960551791068,1.0
SN2008A22302,Kedougou,Salemata,Maïs,Principale,1964,6,1964,11,None,2,750.9535351972512,750.9535351972512,1.0
SN2008A22302,Kedougou,Salemata,Maïs,Principale,1965,6,1965,11,None,2,750.9535351972512,750.9535351972512,1.0
SN2008A22302,Kedougou,Salemata,Maïs,Principale,1966,6,1966,11,None,0,607.6795054556703,516.5769844751617,0.8500813008130081
SN2008A22302,Kedougou,Salemata,Maïs,Principale,1967,6,1967,11,None,0,729.2154065468044,619.7342858891,0.8498644986449866
SN2008A22302,Kedougou,Salemata,Maïs,Principale,1968,6,1968,11,None,0,482.1912173371823,409.86253473660497,0.85
SN2008A22302,Kedougou,Salemata,Maïs,Principale,1969,6,1969,11,None,0,800.3583730391756,776.8416702264195,0.9706172839506172
SN2008A22302,Kedougou,Salemata,Maïs,Principale,1970,6,1970,11,None,0,720.322535735258,468.9507207955466,0.6510288065843621
SN2008A22302,Kedougou,Salemata,Maïs,Principale,1971,6,1971,11,None,0,820.9107855814161,562.819912695203,0.6856042368801156
SN2008A22302,Kedougou,Salemata,Maïs,Principale,1972,6,1972,11,None,0,732.772554871423,651.1557627565638,0.8886192017259977
SN2008A22302,Kedougou,Salemata,Maïs,Principale,1973,6,1973,11,None,0,122.52399784797257,110.2715980631753,0.8999999999999999
SN2008A22302,Kedougou,Salemata,Maïs,Principale,1974,6,1974,11,None,0,893.2394681819935,642.2628919450175,0.7190265486725664
SN2008A22302,Kedougou,Salemata,Maïs,Principale,1975,6,1975,11,None,0,760.241644711533,691.6677297869419,0.9097998440343124
SN2008A22302,Kedougou,Salemata,Maïs,Principale,1976,6,1976,11,None,0,721.3106324920965,676.8462784343645,0.9383561643835616
SN2008A22302,Kedougou,Salemata,Maïs,Principale,1977,6,1977,11,None,0,852.9251205029832,799.9631343364402,0.93790546802595
SN2008A22302,Kedougou,Salemata,Maïs,Principale,1978,6,1978,11,None,0,905.294248615423,899.3656680743921,0.9934512115258678
SN2008A22302,Kedougou,Salemata,Maïs,Principale,1979,6,1979,11,None,0,830.0012757443302,498.00076544659817,0.6000000000000001
SN2008A22302,Kedougou,Salemata,Maïs,Principale,1980,6,1980,11,None,0,820.1203081759454,675.265323623423,0.8233734939759036
SN2008A22302,Kedougou,Salemata,Maïs,Principale,1981,6,1981,11,None,0,859.6441784494849,2299.3011531631623,2.6747126436781605
SN2008A22302,Kedougou,Salemata,Maïs,Principale,1986,6,1986,11,None,0,2013.345951734104,2096.93893736264,1.0415194346289751
SN2008A22302,Kedougou,Salemata,Maïs,Principale,1987,6,1987,11,None,0,2158.991413692097,1929.752966105568,0.893821510297483
SN2008A22302,Kedougou,Salemata,Maïs,Principale,1988,6,1988,11,None,0,2050.696009142599,2524.982452425073,1.2312807169702225
SN2008A22302,Kedougou,Salemata,Maïs,Principale,1989,6,1989,11,None,0,854.9013140166602,1368.5140082213063,1.6007859454461395
SN2008A22302,Kedougou,Salemata,Mil,Principale,1960,6,1960,11,None,0,5323.222748815166,3193.9336492891,0.6
SN2008A22302,Kedougou,Salemata,Mil,Principale,1961,6,1961,11,None,0,5550.710900473933,3253.080568720379,0.5860655737704917
SN2008A22302,Kedougou,Salemata,Mil,Principale,1962,6,1962,11,None,0,5505.21327014218,3303.127962085308,0.6
SN2008A22302,Kedougou,Salemata,Mil,Principale,1963,6,1963,11,None,0,4873.251184834123,3410.957345971564,0.6999346466249651
SN2008A22302,Kedougou,Salemata,Mil,Principale,1964,6,1964,11,None,0,5232.227488151659,3639.810426540284,0.6956521739130435
SN2008A22302,Kedougou,Salemata,Mil,Principale,1965,6,1965,11,None,0,5459.715639810426,3548.815165876777,0.65
SN2008A22302,Kedougou,Salemata,Mil,Principale,1966,6,1966,11,None,0,5744.075829383886,4595.260663507109,0.7999999999999999
SN2008A22302,Kedougou,Salemata,Mil,Principale,1967,6,1967,11,None,0,5744.075829383886,4595.260663507109,0.7999999999999999
SN2008A22302,Kedougou,Salemata,Mil,Principale,1968,6,1968,11,None,0,5801.402843601895,4640.985781990521,0.7999764724335346
SN2008A22302,Kedougou,Salemata,Mil,Principale,1969,6,1969,11,None,0,5741.800947867298,5218.123222748815,0.9087955625990491
SN2008A22302,Kedougou,Salemata,Mil,Principale,1970,6,1970,11,None,0,5050.236966824645,3203.03317535545,0.6342342342342342
SN2008A22302,Kedougou,Salemata,Mil,Principale,1971,6,1971,11,None,0,4081.1374407582935,3584.985781990521,0.8784280936454849
SN2008A22302,Kedougou,Salemata,Mil,Principale,1972,6,1972,11,None,0,3623.88625592417,2616.1137440758293,0.7219083490269932
SN2008A22302,Kedougou,Salemata,Mil,Principale,1973,6,1973,11,None,0,3492.6255924170614,2689.137440758294,0.7699472415814499
SN2008A22302,Kedougou,Salemata,Mil,Principale,1974,6,1974,11,None,0,3439.6208530805684,2729.857819905213,0.7936507936507937
SN2008A22302,Kedougou,Salemata,Mil,Principale,1975,6,1975,11,None,0,3201.668246445497,2798.104265402844,0.8739519681682535
SN2008A22302,Kedougou,Salemata,Mil,Principale,1976,6,1976,11,None,0,3127.962085308057,1370.6161137440758,0.4381818181818182
SN2008A22302,Kedougou,Salemata,Mil,Principale,1977,6,1977,11,None,0,3336.5687203791467,2648.644549763033,0.7938228676620985
SN2008A22302,Kedougou,Salemata,Mil,Principale,1978,6,1978,11,None,0,3313.592417061612,2898.4265402843603,0.8747082246327064
SN2008A22302,Kedougou,Salemata,Mil,Principale,1979,6,1979,11,None,0,3400.947867298578,1369.478672985782,0.4026755852842809
SN2008A22302,Kedougou,Salemata,Mil,Principale,1980,6,1980,11,None,0,2616.1137440758293,1599.4691943127962,0.6113913043478261
SN2008A22302,Kedougou,Salemata,Mil,Principale,1981,6,1981,11,None,0,2957.345971563981,4293.8388625592415,1.4519230769230769
SN2008A22302,Kedougou,Salemata,Riz,Principale,1960,6,1960,11,None,0,190.91778191785204,171.82600372606686,0.9000000000000001
SN2008A22302,Kedougou,Salemata,Riz,Principale,1961,6,1961,11,None,0,190.91778191785204,181.2100980915206,0.9491525423728814
SN2008A22302,Kedougou,Salemata,Riz,Principale,1962,6,1962,11,None,0,190.91778191785204,152.73422553428165,0.8
SN2008A22302,Kedougou,Salemata,Riz,Principale,1963,6,1963,11,None,0,191.40316610916864,169.23728803904513,0.8841927303465764
SN2008A22302,Kedougou,Salemata,Riz,Principale,1964,6,1964,11,None,0,194.1536765266292,194.1536765266292,1.0
SN2008A22302,Kedougou,Salemata,Riz,Principale,1965,6,1965,11,None,0,202.24341304857208,202.24341304857208,1.0
SN2008A22302,Kedougou,Salemata,Riz,Principale,1966,6,1966,11,None,0,210.33314957051496,210.33314957051496,1.0
SN2008A22302,Kedougou,Salemata,Riz,Principale,1967,6,1967,11,None,0,228.6159541101059,203.3759761616441,0.8895966029723992
SN2008A22302,Kedougou,Salemata,Riz,Principale,1969,6,1969,11,None,0,161.47114097797996,159.20601475183594,0.9859719438877754
SN2008A22302,Kedougou,Salemata,Riz,Principale,1970,6,1970,11,None,0,204.99392346603267,139.62885236873416,0.681136543014996
SN2008A22302,Kedougou,Salemata,Riz,Principale,1971,6,1971,11,None,0,466.7777973161044,513.5364744129342,1.1001733102253033
SN2008A22302,Kedougou,Salemata,Riz,Principale,1972,6,1972,11,None,0,358.8607121133863,388.3073530532584,1.0820559062218216
SN2008A22302,Kedougou,Salemata,Riz,Principale,1973,6,1973,11,None,0,445.582687628614,434.7424406892106,0.9756717501815542
SN2008A22302,Kedougou,Salemata,Riz,Principale,1974,6,1974,11,None,0,611.0986968675654,873.6915443698314,1.4297061159650517
SN2008A22302,Kedougou,Salemata,Riz,Principale,1975,6,1975,11,None,0,337.3420129650182,339.7689339216011,1.0071942446043165
SN2008A22302,Kedougou,Salemata,Riz,Principale,1976,6,1976,11,None,0,315.49972435577246,264.5343842675323,0.8384615384615385
SN2008A22302,Kedougou,Salemata,Riz,Principale,1977,6,1977,11,None,0,1428.8092645055522,1580.2491321963228,1.10599026157853
SN2008A22302,Kedougou,Salemata,Riz,Principale,1978,6,1978,11,None,0,830.4923513426564,1074.9641890357705,1.2943697642704073
SN2008A22302,Kedougou,Salemata,Riz,Principale,1979,6,1979,11,None,0,115.68323226378324,62.12917648852135,0.5370629370629371
SN2008A22302,Kedougou,Salemata,Riz,Principale,1980,6,1980,11,None,0,425.0347568628791,355.62481750460915,0.8366958507803579
SN2008A22302,Kedougou,Salemata,Riz,Principale,1981,6,1981,11,None,0,113.25631130720036,82.51531252381741,0.7285714285714286
SN2008A22302,Kedougou,Salemata,Riz,Principale,1984,6,1984,11,None,0,574.3712930579447,804.1198102811226,1.4
SN2008A22302,Kedougou,Salemata,Riz,Principale,1985,6,1985,11,None,0,443.96474032422543,577.1218034754053,1.2999271137026238
SN2008A22302,Kedougou,Salemata,Riz,Principale,1986,6,1986,11,None,0,634.235343320322,905.0797220749698,1.427040816326531
SN2008A22302,Kedougou,Salemata,Riz,Principale,1987,6,1987,11,None,0,254.34131624988424,321.32433465157135,1.2633587786259544
SN2008A22302,Kedougou,Salemata,Riz,Principale,1988,6,1988,11,None,0,593.9484554410465,618.0558702764363,1.0405883955325526
SN2008A22302,Kedougou,Salemata,Riz,Principale,1989,6,1989,11,None,0,307.8953720251462,679.699662573641,2.2075669994745137
SN2008A22302,Kedougou,Salemata,Sorgho,Principale,1986,6,1986,11,None,0,2271.011837598358,1795.7329030038277,0.7907193054981397
SN2008A22302,Kedougou,Salemata,Sorgho,Principale,1987,6,1987,11,None,0,2528.953343336328,1498.360848618015,0.5924825986078885
SN2008A22302,Kedougou,Salemata,Sorgho,Principale,1988,6,1988,11,None,0,2172.200760332038,1915.432782827635,0.881793625067531
SN2008A22302,Kedougou,Salemata,Sorgho,Principale,1989,6,1989,11,None,0,1273.2781334199144,1590.3654621296478,1.249032258064516
SN2008A22303,Kedougou,Saraya,Arachide (en coque),Principale,1960,6,1960,11,None,0,540.5712692245152,540.5712692245152,1.0
SN2008A22303,Kedougou,Saraya,Arachide (en coque),Principale,1961,6,1961,11,None,0,491.4284265677411,491.4284265677411,1.0
SN2008A22303,Kedougou,Saraya,Arachide (en coque),Principale,1962,6,1962,11,None,0,819.0473776129018,819.0473776129018,1.0
SN2008A22303,Kedougou,Saraya,Arachide (en coque),Principale,1963,6,1963,11,None,0,1146.6663286580626,1166.7329894095783,1.0174999999999996
SN2008A22303,Kedougou,Saraya,Arachide (en coque),Principale,1964,6,1964,11,None,0,655.2379020903214,655.2379020903214,1.0
SN2008A22303,Kedougou,Saraya,Arachide (en coque),Principale,1965,6,1965,11,None,0,614.2855332096764,644.9998098701602,1.05
SN2008A22303,Kedougou,Saraya,Arachide (en coque),Principale,1966,6,1966,11,None,0,835.4283251651599,710.1140763903859,0.85
SN2008A22303,Kedougou,Saraya,Arachide (en coque),Principale,1967,6,1967,11,None,0,833.790230409934,708.4759816351601,0.8497053045186641
SN2008A22303,Kedougou,Saraya,Arachide (en coque),Principale,1968,6,1968,11,None,0,763.3521559352245,648.6855230694182,0.8497854077253219
SN2008A22303,Kedougou,Saraya,Arachide (en coque),Principale,1969,6,1969,11,None,0,1228.5710664193527,819.0473776129018,0.6666666666666666
SN2008A22303,Kedougou,Saraya,Arachide (en coque),Principale,1970,6,1970,11,None,0,962.3806686951596,466.857005239354,0.4851063829787234
SN2008A22303,Kedougou,Saraya,Arachide (en coque),Principale,1971,6,1971,11,None,0,1187.6186975387077,956.2378133630629,0.8051724137931034
SN2008A22303,Kedougou,Saraya,Arachide (en coque),Principale,1972,6,1972,11,None,0,1191.713934426772,909.142589150321,0.7628865979381444
SN2008A22303,Kedougou,Saraya,Arachide (en coque),Principale,1973,6,1973,11,None,0,1618.0280944742876,631.8950518283538,0.3905340420146798
SN2008A22303,Kedougou,Saraya,Arachide (en coque),Principale,1974,6,1974,11,None,0,1433.3329108225782,1146.6663286580626,0.8
SN2008A22303,Kedougou,Saraya,Arachide (en coque),Principale,1975,6,1975,11,None,0,1687.647121571384,1515.2376485838683,0.8978403300169862
SN2008A22303,Kedougou,Saraya,Arachide (en coque),Principale,1976,6,1976,11,None,0,1908.789913526868,1244.5424902828042,0.6520060072945719
SN2008A22303,Kedougou,Saraya,Arachide (en coque),Principale,1977,6,1977,11,None,0,1357.9805520821913,1418.1805343367396,1.0443305186972256
SN2008A22303,Kedougou,Saraya,Arachide (en coque),Principale,1978,6,1978,11,None,0,2424.380237734189,2144.6755582793835,0.8846283783783784
SN2008A22303,Kedougou,Saraya,Arachide (en coque),Principale,1979,6,1979,11,None,0,2471.884985635738,986.1330426459338,0.3989396951623591
SN2008A22303,Kedougou,Saraya,Arachide (en coque),Principale,1980,6,1980,11,None,0,1636.047136781771,875.1521229793856,0.534918648310388
SN2008A22303,Kedougou,Saraya,Arachide (en coque),Principale,1981,6,1981,11,None,0,1646.2852290019323,1229.799637485772,0.7470149253731345
SN2008A22303,Kedougou,Saraya,Arachide (en coque),Principale,1986,6,1986,11,None,0,3763.113176442477,3158.656211764156,0.8393731635651323
SN2008A22303,Kedougou,Saraya,Arachide (en coque),Principale,1987,6,1987,11,None,0,3641.894164555768,3247.522852235156,0.8917125829303947
SN2008A22303,Kedougou,Saraya,Arachide (en coque),Principale,1988,6,1988,11,None,0,3362.189485100962,2579.999239480641,0.7673568818514008
SN2008A22303,Kedougou,Saraya,Arachide (en coque),Principale,1989,6,1989,11,None,0,1481.247182412933,1394.8376840747717,0.9416643627315454
SN2008A22303,Kedougou,Saraya,Maïs,Principale,1960,6,1960,11,None,0,410.5977958843074,410.5977958843074,1.0
SN2008A22303,Kedougou,Saraya,Maïs,Principale,1961,6,1961,11,None,2,410.5977958843074,410.5977958843074,1.0
SN2008A22303,Kedougou,Saraya,Maïs,Principale,1962,6,1962,11,None,0,439.9262098760436,,
SN2008A22303,Kedougou,Saraya,Maïs,Principale,1963,6,1963,11,None,2,525.9562242518033,525.9562242518033,1.0
SN2008A22303,Kedougou,Saraya,Maïs,Principale,1964,6,1964,11,None,2,742.9864877906515,742.9864877906515,1.0
SN2008A22303,Kedougou,Saraya,Maïs,Principale,1965,6,1965,11,None,2,742.9864877906515,742.9864877906515,1.0
SN2008A22303,Kedougou,Saraya,Maïs,Principale,1966,6,1966,11,None,0,601.232486830593,511.0964944959902,0.850081300813008
SN2008A22303,Kedougou,Saraya,Maïs,Principale,1967,6,1967,11,None,0,721.4789841967115,613.1593751872324,0.8498644986449866
SN2008A22303,Kedougou,Saraya,Maïs,Principale,1968,6,1968,11,None,0,477.0755342655762,405.51420412573975,0.85
SN2008A22303,Kedougou,Saraya,Maïs,Principale,1969,6,1969,11,None,0,791.8671777768785,768.5999693434345,0.9706172839506174
SN2008A22303,Kedougou,Saraya,Maïs,Principale,1970,6,1970,11,None,0,712.6804599991907,463.9755093492673,0.6510288065843621
SN2008A22303,Kedougou,Saraya,Maïs,Principale,1971,6,1971,11,None,0,812.201544811149,556.8488203230988,0.6856042368801156
SN2008A22303,Kedougou,Saraya,Maïs,Principale,1972,6,1972,11,None,0,724.9983938757199,644.2474940184728,0.888619201725998
SN2008A22303,Kedougou,Saraya,Maïs,Principale,1973,6,1973,11,None,0,121.22411116584314,109.10170004925882,0.9
SN2008A22303,Kedougou,Saraya,Maïs,Principale,1974,6,1974,11,None,0,883.7628749509854,635.4489698209519,0.7190265486725663
SN2008A22303,Kedougou,Saraya,Maïs,Principale,1975,6,1975,11,None,0,752.1760575080622,684.3296598071789,0.9097998440343124
SN2008A22303,Kedougou,Saraya,Maïs,Principale,1976,6,1976,11,None,0,713.6580737989152,669.6654528113108,0.9383561643835616
SN2008A22303,Kedougou,Saraya,Maïs,Principale,1977,6,1977,11,None,0,843.8762319222242,791.4761322569888,0.93790546802595
SN2008A22303,Kedougou,Saraya,Maïs,Principale,1978,6,1978,11,None,0,895.6897633076248,889.8240805092776,0.9934512115258676
SN2008A22303,Kedougou,Saraya,Maïs,Principale,1979,6,1979,11,None,0,821.1955917686148,492.71735506116886,0.6
SN2008A22303,Kedougou,Saraya,Maïs,Principale,1980,6,1980,11,None,0,811.4194537713694,668.1012707317516,0.8233734939759035
SN2008A22303,Kedougou,Saraya,Maïs,Principale,1981,6,1981,11,None,1,850.524005760351,2274.907311959008,2.6747126436781614
SN2008A22303,Kedougou,Saraya,Maïs,Principale,1986,6,1986,11,None,0,1991.9858783187256,2074.692005775422,1.0415194346289751
SN2008A22303,Kedougou,Saraya,Maïs,Principale,1987,6,1987,11,None,0,2136.086152398123,1909.2797508620297,0.893821510297483
SN2008A22303,Kedougou,Saraya,Maïs,Principale,1988,6,1988,11,None,0,2028.9396799483127,2498.194303816093,1.231280716970223
SN2008A22303,Kedougou,Saraya,Maïs,Principale,1989,6,1989,11,None,0,845.8314595216732,1353.99511261849,1.60078594544614
SN2008A22303,Kedougou,Saraya,Mil,Principale,1960,6,1960,11,None,0,3659.715639810426,2195.829383886256,0.6000000000000001
SN2008A22303,Kedougou,Saraya,Mil,Principale,1961,6,1961,11,None,0,3816.11374407583,2236.492890995261,0.5860655737704918
SN2008A22303,Kedougou,Saraya,Mil,Principale,1962,6,1962,11,None,0,3784.834123222749,2270.900473933649,0.6
SN2008A22303,Kedougou,Saraya,Mil,Principale,1963,6,1963,11,None,0,3350.36018957346,2345.03317535545,0.6999346466249649
SN2008A22303,Kedougou,Saraya,Mil,Principale,1964,6,1964,11,None,0,3597.156398104265,2502.3696682464456,0.6956521739130435
SN2008A22303,Kedougou,Saraya,Mil,Principale,1965,6,1965,11,None,0,3753.554502369668,2439.8104265402844,0.65
SN2008A22303,Kedougou,Saraya,Mil,Principale,1966,6,1966,11,None,0,3949.052132701422,3159.2417061611377,0.8
SN2008A22303,Kedougou,Saraya,Mil,Principale,1967,6,1967,11,None,0,3949.052132701422,3159.2417061611377,0.8
SN2008A22303,Kedougou,Saraya,Mil,Principale,1968,6,1968,11,None,0,3988.464454976304,3190.6777251184835,0.7999764724335346
SN2008A22303,Kedougou,Saraya,Mil,Principale,1969,6,1969,11,None,0,3947.488151658768,3587.4597156398104,0.908795562599049
SN2008A22303,Kedougou,Saraya,Mil,Principale,1970,6,1970,11,None,0,3472.037914691943,2202.085308056872,0.6342342342342342
SN2008A22303,Kedougou,Saraya,Mil,Principale,1971,6,1971,11,None,0,2805.781990521328,2464.6777251184835,0.8784280936454849
SN2008A22303,Kedougou,Saraya,Mil,Principale,1972,6,1972,11,None,0,2491.421800947868,1798.5781990521327,0.7219083490269931
SN2008A22303,Kedougou,Saraya,Mil,Principale,1973,6,1973,11,None,0,2401.18009478673,1848.781990521327,0.7699472415814499
SN2008A22303,Kedougou,Saraya,Mil,Principale,1974,6,1974,11,None,0,2364.739336492891,1876.777251184834,0.7936507936507936
SN2008A22303,Kedougou,Saraya,Mil,Principale,1975,6,1975,11,None,0,2201.14691943128,1923.696682464455,0.8739519681682535
SN2008A22303,Kedougou,Saraya,Mil,Principale,1976,6,1976,11,None,0,2150.4739336492894,942.298578199052,0.438181818181818
SN2008A22303,Kedougou,Saraya,Mil,Principale,1977,6,1977,11,None,0,2293.890995260664,1820.943127962085,0.7938228676620984
SN2008A22303,Kedougou,Saraya,Mil,Principale,1978,6,1978,11,None,0,2278.094786729858,1992.6682464454973,0.8747082246327063
SN2008A22303,Kedougou,Saraya,Mil,Principale,1979,6,1979,11,None,0,2338.1516587677725,941.5165876777252,0.402675585284281
SN2008A22303,Kedougou,Saraya,Mil,Principale,1980,6,1980,11,None,0,1798.5781990521327,1099.6350710900474,0.6113913043478261
SN2008A22303,Kedougou,Saraya,Mil,Principale,1981,6,1981,11,None,0,2033.175355450237,2952.0142180094786,1.4519230769230769
SN2008A22303,Kedougou,Saraya,Riz,Principale,1960,6,1960,11,None,0,359.88996876017654,323.9009718841589,0.9
SN2008A22303,Kedougou,Saraya,Riz,Principale,1961,6,1961,11,None,0,359.88996876017654,341.5904788232184,0.9491525423728814
SN2008A22303,Kedougou,Saraya,Riz,Principale,1962,6,1962,11,None,0,359.88996876017654,287.91197500814127,0.8
SN2008A22303,Kedougou,Saraya,Riz,Principale,1963,6,1963,11,None,0,360.8049432570244,319.02110790097004,0.8841927303465766
SN2008A22303,Kedougou,Saraya,Riz,Principale,1964,6,1964,11,None,0,365.9897987391626,365.9897987391626,1.0
SN2008A22303,Kedougou,Saraya,Riz,Principale,1965,6,1965,11,None,0,381.2393736866277,381.2393736866277,1.0
SN2008A22303,Kedougou,Saraya,Riz,Principale,1966,6,1966,11,None,0,396.4889486340928,396.4889486340928,1.0
SN2008A22303,Kedougou,Saraya,Riz,Principale,1967,6,1967,11,None,0,430.952988015364,383.3743141792728,0.8895966029723991
SN2008A22303,Kedougou,Saraya,Riz,Principale,1969,6,1969,11,None,0,304.3815159514036,300.11163496611334,0.9859719438877756
SN2008A22303,Kedougou,Saraya,Riz,Principale,1970,6,1970,11,None,0,386.42422916876586,263.2076635932478,0.681136543014996
SN2008A22303,Kedougou,Saraya,Riz,Principale,1971,6,1971,11,None,0,879.9004744687368,968.043017665085,1.1001733102253033
SN2008A22303,Kedougou,Saraya,Riz,Principale,1972,6,1972,11,None,0,676.4711446695522,731.9795974783252,1.0820559062218214
SN2008A22303,Kedougou,Saraya,Riz,Principale,1973,6,1973,11,None,0,839.9465881063782,819.5121576767749,0.975671750181554
SN2008A22303,Kedougou,Saraya,Riz,Principale,1974,6,1974,11,None,0,1151.9528915315143,1646.9540943262316,1.4297061159650517
SN2008A22303,Kedougou,Saraya,Riz,Principale,1975,6,1975,11,None,0,635.907275309295,640.4821477935345,1.0071942446043165
SN2008A22303,Kedougou,Saraya,Riz,Principale,1976,6,1976,11,None,0,594.7334229511392,498.661100782109,0.8384615384615385
SN2008A22303,Kedougou,Saraya,Riz,Principale,1977,6,1977,11,None,0,2693.379927221288,2978.8519702378344,1.1059902615785302
SN2008A22303,Kedougou,Saraya,Riz,Principale,1978,6,1978,11,None,0,1565.521364106768,2026.3635190191635,1.294369764270407
SN2008A22303,Kedougou,Saraya,Riz,Principale,1979,6,1979,11,None,0,218.06892174875105,117.11673559653204,0.5370629370629371
SN2008A22303,Kedougou,Saraya,Riz,Principale,1980,6,1980,11,None,0,801.2126677398168,670.3713146905661,0.8366958507803578
SN2008A22303,Kedougou,Saraya,Riz,Principale,1981,6,1981,11,None,0,213.49404926451152,155.5456644641441,0.7285714285714285
SN2008A22303,Kedougou,Saraya,Riz,Principale,1984,6,1984,11,None,0,1082.7198212700227,1515.8077497780318,1.4
SN2008A22303,Kedougou,Saraya,Riz,Principale,1985,6,1985,11,None,0,836.8966731168852,1087.9046767521609,1.299927113702624
SN2008A22303,Kedougou,Saraya,Riz,Principale,1986,6,1986,11,None,0,1195.5666758812645,1706.1224451223964,1.427040816326531
SN2008A22303,Kedougou,Saraya,Riz,Principale,1987,6,1987,11,None,0,479.446636348303,605.7131169133141,1.2633587786259544
SN2008A22303,Kedougou,Saraya,Riz,Principale,1988,6,1988,11,None,0,1119.6237926428882,1165.0675259863342,1.0405883955325523
SN2008A22303,Kedougou,Saraya,Riz,Principale,1989,6,1989,11,None,0,580.398822500522,1281.2692870860185,2.207566999474514
SN2008A22303,Kedougou,Saraya,Sorgho,Principale,1986,6,1986,11,None,0,3854.004467226389,3047.435735711978,0.7907193054981396
SN2008A22303,Kedougou,Saraya,Sorgho,Principale,1987,6,1987,11,None,0,4291.742262749518,2542.7826083891346,0.5924825986078887
SN2008A22303,Kedougou,Saraya,Sorgho,Principale,1988,6,1988,11,None,0,3686.3178321806768,3250.571564389681,0.881793625067531
SN2008A22303,Kedougou,Saraya,Sorgho,Principale,1989,6,1989,11,None,0,2160.8075893657665,2698.9183825884675,1.2490322580645163
SN2008A22401,Kaolack,Guinguineo,Arachide (en coque),Principale,1960,6,1960,11,None,0,24132.667721662663,22925.812160402565,0.9499907935923402
SN2008A22401,Kaolack,Guinguineo,Arachide (en coque),Principale,1961,6,1961,11,None,0,24291.152681229218,21713.920628464653,0.8939024390243901
SN2008A22401,Kaolack,Guinguineo,Arachide (en coque),Principale,1962,6,1962,11,None,0,24738.465370846978,20334.064662743123,0.8219614417435037
SN2008A22401,Kaolack,Guinguineo,Arachide (en coque),Principale,1963,6,1963,11,None,0,24735.503035154143,19447.73382344754,0.7862275449101797
SN2008A22401,Kaolack,Guinguineo,Arachide (en coque),Principale,1964,6,1964,11,None,0,24678.92242342103,22564.11097230768,0.9143069776374704
SN2008A22401,Kaolack,Guinguineo,Arachide (en coque),Principale,1965,6,1965,11,None,0,24587.3862505125,24587.3862505125,1.0
SN2008A22401,Kaolack,Guinguineo,Arachide (en coque),Principale,1966,6,1966,11,None,0,27052.049546949416,21859.66754455203,0.8080595707402541
SN2008A22401,Kaolack,Guinguineo,Arachide (en coque),Principale,1967,6,1967,11,None,0,27238.67669559789,19005.75333807688,0.6977487765089722
SN2008A22401,Kaolack,Guinguineo,Arachide (en coque),Principale,1968,6,1968,11,None,0,26557.339486246336,16280.404500670676,0.6130284439486894
SN2008A22401,Kaolack,Guinguineo,Arachide (en coque),Principale,1969,6,1969,11,None,0,17448.15723078538,14367.328110239232,0.8234295415959252
SN2008A22401,Kaolack,Guinguineo,Arachide (en coque),Principale,1970,6,1970,11,None,0,19249.25733202774,10315.741583151768,0.535903354878424
SN2008A22401,Kaolack,Guinguineo,Arachide (en coque),Principale,1971,6,1971,11,None,0,24472.151392061303,20625.85472848716,0.8428296473835204
SN2008A22401,Kaolack,Guinguineo,Arachide (en coque),Principale,1972,6,1972,11,None,0,24520.73369742376,18941.17441997313,0.7724554515252193
SN2008A22401,Kaolack,Guinguineo,Arachide (en coque),Principale,1973,6,1973,11,None,0,22839.60819174113,8160.642366615884,0.357302204928664
SN2008A22401,Kaolack,Guinguineo,Arachide (en coque),Principale,1974,6,1974,11,None,0,22039.777554676268,17557.76365142019,0.7966397849462364
SN2008A22401,Kaolack,Guinguineo,Arachide (en coque),Principale,1975,6,1975,11,None,0,25188.444162588283,28328.2237634218,1.1246515894577145
SN2008A22401,Kaolack,Guinguineo,Arachide (en coque),Principale,1976,6,1976,11,None,0,32602.874168179576,27082.85783815488,0.8306892729288194
SN2008A22401,Kaolack,Guinguineo,Arachide (en coque),Principale,1977,6,1977,11,None,0,28832.413298341948,10628.564232314917,0.3686324874139525
SN2008A22401,Kaolack,Guinguineo,Arachide (en coque),Principale,1978,6,1978,11,None,0,26256.958646993084,18379.811806181304,0.6999977435804866
SN2008A22401,Kaolack,Guinguineo,Arachide (en coque),Principale,1979,6,1979,11,None,0,20052.05030478544,13691.32310513478,0.6827891859949771
SN2008A22401,Kaolack,Guinguineo,Arachide (en coque),Principale,1980,6,1980,11,None,0,23026.2353403896,9831.992164512169,0.4269908658175737
SN2008A22401,Kaolack,Guinguineo,Arachide (en coque),Principale,1981,6,1981,11,None,0,19404.18748876289,14089.16478868223,0.7260888814252783
SN2008A22401,Kaolack,Guinguineo,Arachide (en coque),Principale,1986,6,1986,11,None,0,11108.758848123118,9660.76916146643,0.8696533333333334
SN2008A22401,Kaolack,Guinguineo,Arachide (en coque),Principale,1987,6,1987,11,None,0,10694.920551834372,12613.92161365148,1.1794310722100658
SN2008A22401,Kaolack,Guinguineo,Arachide (en coque),Principale,1988,6,1988,11,None,0,10887.176138299224,5717.0116535980815,0.5251142794949933
SN2008A22401,Kaolack,Guinguineo,Arachide (en coque),Principale,1989,6,1989,11,None,0,9835.546967343567,7149.004727513472,0.7268538039877116
SN2008A22401,Kaolack,Guinguineo,Maïs,Principale,1965,6,1965,11,None,0,3.347369472190852,2.677895577752681,0.8
SN2008A22401,Kaolack,Guinguineo,Maïs,Principale,1966,6,1966,11,None,0,2.2594743937288246,0.9205266048524842,0.4074074074074074
SN2008A22401,Kaolack,Guinguineo,Maïs,Principale,1967,6,1967,11,None,0,2.2594743937288246,1.2552635520715694,0.5555555555555556
SN2008A22401,Kaolack,Guinguineo,Maïs,Principale,1976,6,1976,11,None,0,8.368423680477129,4.435264550652878,0.53
SN2008A22401,Kaolack,Guinguineo,Maïs,Principale,1977,6,1977,11,None,0,6.945791654796016,2.092105920119282,0.3012048192771084
SN2008A22401,Kaolack,Guinguineo,Maïs,Principale,1978,6,1978,11,None,0,6.276317760357847,4.435264550652878,0.7066666666666667
SN2008A22401,Kaolack,Guinguineo,Maïs,Principale,1980,6,1980,11,None,0,87.19897475057168,,
SN2008A22401,Kaolack,Guinguineo,Maïs,Principale,1986,6,1986,11,None,0,25.105271041431383,20.08421683314511,0.8000000000000002
SN2008A22401,Kaolack,Guinguineo,Maïs,Principale,1987,6,1987,11,None,0,45.35685634818604,36.31895877327074,0.8007380073800738
SN2008A22401,Kaolack,Guinguineo,Maïs,Principale,1988,6,1988,11,None,0,30.461062196936748,19.24737446509739,0.6318681318681317
SN2008A22401,Kaolack,Guinguineo,Maïs,Principale,1989,6,1989,11,None,0,30.54474643374152,24.435797146993217,0.8
SN2008A22401,Kaolack,Guinguineo,Mil,Principale,1960,6,1960,11,None,1,9478.450499555043,10420.832465649131,1.0994236311239192
SN2008A22401,Kaolack,Guinguineo,Mil,Principale,1961,6,1961,11,None,0,10926.16772283002,4370.467089132008,0.4
SN2008A22401,Kaolack,Guinguineo,Mil,Principale,1962,6,1962,11,None,0,10571.067271838045,4337.688585963518,0.4103359173126614
SN2008A22401,Kaolack,Guinguineo,Mil,Principale,1963,6,1963,11,None,0,12701.6699777899,6350.83498889495,0.5
SN2008A22401,Kaolack,Guinguineo,Mil,Principale,1964,6,1964,11,None,0,12838.247074325274,6419.123537162637,0.5
SN2008A22401,Kaolack,Guinguineo,Mil,Principale,1965,6,1965,11,None,0,13247.9783639314,6623.9891819657,0.5
SN2008A22401,Kaolack,Guinguineo,Mil,Principale,1966,6,1966,11,None,0,10325.22849807437,4362.272463339886,0.4224867724867724
SN2008A22401,Kaolack,Guinguineo,Mil,Principale,1967,6,1967,11,None,0,14907.390086836209,5689.801841663733,0.3816765918460834
SN2008A22401,Kaolack,Guinguineo,Mil,Principale,1968,6,1968,11,None,0,14395.225974828552,5238.824268903924,0.3639278937381404
SN2008A22401,Kaolack,Guinguineo,Mil,Principale,1969,6,1969,11,None,0,15878.453243202726,7660.609344669197,0.4824531223120591
SN2008A22401,Kaolack,Guinguineo,Mil,Principale,1970,6,1970,11,None,0,14832.272683741752,5460.352319484303,0.3681399631675875
SN2008A22401,Kaolack,Guinguineo,Mil,Principale,1971,6,1971,11,None,0,16006.83571394598,7375.163212910264,0.4607508532423208
SN2008A22401,Kaolack,Guinguineo,Mil,Principale,1972,6,1972,11,None,0,15733.681520875229,6917.3567853236855,0.4396527777777778
SN2008A22401,Kaolack,Guinguineo,Mil,Principale,1973,6,1973,11,None,0,17656.68704009331,6611.697243277516,0.3744585396039604
SN2008A22401,Kaolack,Guinguineo,Mil,Principale,1974,6,1974,11,None,0,33672.8099966037,25254.47092035624,0.7499959439946786
SN2008A22401,Kaolack,Guinguineo,Mil,Principale,1975,6,1975,11,None,0,11049.087109711858,5524.543554855929,0.5
SN2008A22401,Kaolack,Guinguineo,Mil,Principale,1976,6,1976,11,None,0,13746.75792047859,7728.078430357673,0.5621746214680284
SN2008A22401,Kaolack,Guinguineo,Mil,Principale,1977,6,1977,11,None,0,18734.826640143565,12975.09732505372,0.6925656465510958
SN2008A22401,Kaolack,Guinguineo,Mil,Principale,1978,6,1978,11,None,0,24006.97572060212,17979.55529630294,0.748930456945203
SN2008A22401,Kaolack,Guinguineo,Mil,Principale,1979,6,1979,11,None,0,12190.871636747595,7132.055981077296,0.5850324893569347
SN2008A22401,Kaolack,Guinguineo,Mil,Principale,1980,6,1980,11,None,0,18350.77184468609,7732.995205832947,0.4213989074291839
SN2008A22401,Kaolack,Guinguineo,Mil,Principale,1981,6,1981,11,None,0,21329.79147431569,14927.330342930374,0.6998347996465482
SN2008A22401,Kaolack,Guinguineo,Mil,Principale,1986,6,1986,11,None,0,12291.938688183773,6895.777604071097,0.561
SN2008A22401,Kaolack,Guinguineo,Mil,Principale,1987,6,1987,11,None,0,11759.83432008195,9610.110820615144,0.8171978073027966
SN2008A22401,Kaolack,Guinguineo,Mil,Principale,1988,6,1988,11,None,0,11278.80978608436,4742.776254287441,0.4205032573684337
SN2008A22401,Kaolack,Guinguineo,Mil,Principale,1989,6,1989,11,None,0,12835.788686587635,6811.919266798376,0.5306973675810263
SN2008A22401,Kaolack,Guinguineo,Sorgho,Principale,1986,6,1986,11,None,0,83.9700883785066,75.57307954065595,0.9000000000000001
SN2008A22401,Kaolack,Guinguineo,Sorgho,Principale,1987,6,1987,11,None,0,314.18808068291224,219.8616814043898,0.6997772828507794
SN2008A22401,Kaolack,Guinguineo,Sorgho,Principale,1988,6,1988,11,None,0,161.3625198340302,50.94185361629401,0.3156981786643539
SN2008A22401,Kaolack,Guinguineo,Sorgho,Principale,1989,6,1989,11,None,0,330.562247916721,177.59673692054147,0.5372565622353938
SN2008A22402,Kaolack,Kaolack,Arachide (en coque),Principale,1960,6,1960,11,None,0,77500.0,73625.0,0.95
SN2008A22402,Kaolack,Kaolack,Arachide (en coque),Principale,1961,6,1961,11,None,0,75000.0,68800.0,0.9173333333333332
SN2008A22402,Kaolack,Kaolack,Arachide (en coque),Principale,1962,6,1962,11,None,0,77350.0,68447.0,0.8848998060762767
SN2008A22402,Kaolack,Kaolack,Arachide (en coque),Principale,1963,6,1963,11,None,0,77000.0,67050.0,0.8707792207792208
SN2008A22402,Kaolack,Kaolack,Arachide (en coque),Principale,1964,6,1964,11,None,0,63457.0,63181.0,0.9956505980427692
SN2008A22402,Kaolack,Kaolack,Arachide (en coque),Principale,1965,6,1965,11,None,0,64000.0,64000.0,1.0
SN2008A22402,Kaolack,Kaolack,Arachide (en coque),Principale,1966,6,1966,11,None,0,70470.0,62805.0,0.8912303107705406
SN2008A22402,Kaolack,Kaolack,Arachide (en coque),Principale,1967,6,1967,11,None,0,71600.0,50640.0,0.7072625698324022
SN2008A22402,Kaolack,Kaolack,Arachide (en coque),Principale,1968,6,1968,11,None,0,70200.0,50089.0,0.7135185185185186
SN2008A22402,Kaolack,Kaolack,Arachide (en coque),Principale,1969,6,1969,11,None,0,45000.0,38000.0,0.8444444444444444
SN2008A22402,Kaolack,Kaolack,Arachide (en coque),Principale,1970,6,1970,11,None,0,64000.0,38508.0,0.6016875
SN2008A22402,Kaolack,Kaolack,Arachide (en coque),Principale,1971,6,1971,11,None,0,42743.0,40715.0,0.9525536345132536
SN2008A22402,Kaolack,Kaolack,Arachide (en coque),Principale,1972,6,1972,11,None,0,41448.0,32553.0,0.7853937463810076
SN2008A22402,Kaolack,Kaolack,Arachide (en coque),Principale,1973,6,1973,11,None,0,55900.0,34111.0,0.6102146690518784
SN2008A22402,Kaolack,Kaolack,Arachide (en coque),Principale,1974,6,1974,11,None,0,42700.0,37360.0,0.8749414519906323
SN2008A22402,Kaolack,Kaolack,Arachide (en coque),Principale,1975,6,1975,11,None,0,53949.0,45777.0,0.8485236056275371
SN2008A22402,Kaolack,Kaolack,Arachide (en coque),Principale,1976,6,1976,11,None,0,61623.0,63937.0,1.0375509144313
SN2008A22402,Kaolack,Kaolack,Arachide (en coque),Principale,1977,6,1977,11,None,0,53929.0,16948.0,0.3142650521982607
SN2008A22402,Kaolack,Kaolack,Arachide (en coque),Principale,1978,6,1978,11,None,0,52566.0,42052.0,0.7999847810371723
SN2008A22402,Kaolack,Kaolack,Arachide (en coque),Principale,1979,6,1979,11,None,0,39990.0,27302.0,0.6827206801700425
SN2008A22402,Kaolack,Kaolack,Arachide (en coque),Principale,1980,6,1980,11,None,0,47560.0,19203.0,0.4037636669470143
SN2008A22402,Kaolack,Kaolack,Arachide (en coque),Principale,1981,6,1981,11,None,0,46588.0,42352.0,0.9090752983600928
SN2008A22402,Kaolack,Kaolack,Arachide (en coque),Principale,1986,6,1986,11,None,0,46471.0,58132.0,1.2509306879559294
SN2008A22402,Kaolack,Kaolack,Arachide (en coque),Principale,1987,6,1987,11,None,0,34466.0,42816.0,1.2422677421226715
SN2008A22402,Kaolack,Kaolack,Arachide (en coque),Principale,1988,6,1988,11,None,0,33951.0,31904.0,0.9397072251185532
SN2008A22402,Kaolack,Kaolack,Arachide (en coque),Principale,1989,6,1989,11,None,0,22139.0,25419.0,1.1481548398753332
SN2008A22402,Kaolack,Kaolack,Maïs,Principale,1960,6,1960,11,None,0,800.0,600.0,0.75
SN2008A22402,Kaolack,Kaolack,Maïs,Principale,1961,6,1961,11,None,0,810.0,640.0,0.7901234567901234
SN2008A22402,Kaolack,Kaolack,Maïs,Principale,1962,6,1962,11,None,2,850.0,680.0,0.8
SN2008A22402,Kaolack,Kaolack,Maïs,Principale,1963,6,1963,11,None,2,950.0,760.0,0.8
SN2008A22402,Kaolack,Kaolack,Maïs,Principale,1964,6,1964,11,None,2,1000.0,800.0,0.8
SN2008A22402,Kaolack,Kaolack,Maïs,Principale,1965,6,1965,11,None,2,1000.0,800.0,0.8
SN2008A22402,Kaolack,Kaolack,Maïs,Principale,1966,6,1966,11,None,0,235.0,88.0,0.3744680851063829
SN2008A22402,Kaolack,Kaolack,Maïs,Principale,1967,6,1967,11,None,0,315.0,240.0,0.7619047619047619
SN2008A22402,Kaolack,Kaolack,Maïs,Principale,1968,6,1968,11,None,0,215.0,145.0,0.6744186046511628
SN2008A22402,Kaolack,Kaolack,Maïs,Principale,1969,6,1969,11,None,0,145.0,183.0,1.2620689655172417
SN2008A22402,Kaolack,Kaolack,Maïs,Principale,1970,6,1970,11,None,0,112.0,56.0,0.5
SN2008A22402,Kaolack,Kaolack,Maïs,Principale,1971,6,1971,11,None,0,190.0,151.0,0.7947368421052632
SN2008A22402,Kaolack,Kaolack,Maïs,Principale,1972,6,1972,11,None,0,160.0,112.0,0.7
SN2008A22402,Kaolack,Kaolack,Maïs,Principale,1973,6,1973,11,None,0,188.0,262.0,1.3936170212765957
SN2008A22402,Kaolack,Kaolack,Maïs,Principale,1974,6,1974,11,None,0,207.0,288.0,1.391304347826087
SN2008A22402,Kaolack,Kaolack,Maïs,Principale,1975,6,1975,11,None,0,400.0,600.0,1.5
SN2008A22402,Kaolack,Kaolack,Maïs,Principale,1976,6,1976,11,None,0,875.0,1083.0,1.2377142857142858
SN2008A22402,Kaolack,Kaolack,Maïs,Principale,1977,6,1977,11,None,0,1025.0,898.0,0.8760975609756098
SN2008A22402,Kaolack,Kaolack,Maïs,Principale,1978,6,1978,11,None,0,1230.0,1845.0,1.5
SN2008A22402,Kaolack,Kaolack,Maïs,Principale,1979,6,1979,11,None,0,2348.0,454.0,0.1933560477001703
SN2008A22402,Kaolack,Kaolack,Maïs,Principale,1980,6,1980,11,None,0,4064.0,3792.0,0.9330708661417324
SN2008A22402,Kaolack,Kaolack,Maïs,Principale,1981,6,1981,11,None,0,1344.0,2043.0,1.5200892857142858
SN2008A22402,Kaolack,Kaolack,Maïs,Principale,1986,6,1986,11,None,0,3892.0,3614.0,0.9285714285714286
SN2008A22402,Kaolack,Kaolack,Maïs,Principale,1987,6,1987,11,None,0,3727.0,3617.0,0.9704856452911188
SN2008A22402,Kaolack,Kaolack,Maïs,Principale,1988,6,1988,11,None,0,3413.0,3275.0,0.9595663639027248
SN2008A22402,Kaolack,Kaolack,Maïs,Principale,1989,6,1989,11,None,0,4784.0,6633.0,1.3864966555183946
SN2008A22402,Kaolack,Kaolack,Mil,Principale,1960,6,1960,11,None,0,46200.0,31775.0,0.6877705627705628
SN2008A22402,Kaolack,Kaolack,Mil,Principale,1961,6,1961,11,None,0,42000.0,21625.0,0.5148809523809523
SN2008A22402,Kaolack,Kaolack,Mil,Principale,1962,6,1962,11,None,0,44000.0,23300.0,0.5295454545454545
SN2008A22402,Kaolack,Kaolack,Mil,Principale,1963,6,1963,11,None,0,45000.0,26120.0,0.5804444444444444
SN2008A22402,Kaolack,Kaolack,Mil,Principale,1964,6,1964,11,None,0,46500.0,26900.0,0.578494623655914
SN2008A22402,Kaolack,Kaolack,Mil,Principale,1965,6,1965,11,None,0,49000.0,29400.0,0.6
SN2008A22402,Kaolack,Kaolack,Mil,Principale,1966,6,1966,11,None,0,49500.0,23350.0,0.4717171717171717
SN2008A22402,Kaolack,Kaolack,Mil,Principale,1967,6,1967,11,None,0,50950.0,27470.0,0.5391560353287537
SN2008A22402,Kaolack,Kaolack,Mil,Principale,1968,6,1968,11,None,0,52050.0,23645.0,0.4542747358309318
SN2008A22402,Kaolack,Kaolack,Mil,Principale,1969,6,1969,11,None,0,52000.0,30170.0,0.5801923076923077
SN2008A22402,Kaolack,Kaolack,Mil,Principale,1970,6,1970,11,None,0,48000.0,21440.0,0.4466666666666666
SN2008A22402,Kaolack,Kaolack,Mil,Principale,1971,6,1971,11,None,0,54300.0,34340.0,0.6324125230202579
SN2008A22402,Kaolack,Kaolack,Mil,Principale,1972,6,1972,11,None,0,54538.0,27466.0,0.5036121603285783
SN2008A22402,Kaolack,Kaolack,Mil,Principale,1973,6,1973,11,None,0,44040.0,26593.0,0.6038374205267938
SN2008A22402,Kaolack,Kaolack,Mil,Principale,1974,6,1974,11,None,0,40900.0,32560.0,0.7960880195599022
SN2008A22402,Kaolack,Kaolack,Mil,Principale,1975,6,1975,11,None,0,30800.0,25707.0,0.8346428571428571
SN2008A22402,Kaolack,Kaolack,Mil,Principale,1976,6,1976,11,None,0,32861.0,25129.0,0.7647058823529411
SN2008A22402,Kaolack,Kaolack,Mil,Principale,1977,6,1977,11,None,0,35486.0,27336.0,0.7703319619004678
SN2008A22402,Kaolack,Kaolack,Mil,Principale,1978,6,1978,11,None,0,41928.0,33340.0,0.7951726769700439
SN2008A22402,Kaolack,Kaolack,Mil,Principale,1979,6,1979,11,None,0,51183.0,29944.0,0.5850380008987359
SN2008A22402,Kaolack,Kaolack,Mil,Principale,1980,6,1980,11,None,0,50640.0,28702.0,0.5667851500789889
SN2008A22402,Kaolack,Kaolack,Mil,Principale,1981,6,1981,11,None,0,48412.0,40314.0,0.8327274229529869
SN2008A22402,Kaolack,Kaolack,Mil,Principale,1986,6,1986,11,None,0,49372.0,36462.0,0.7385157579194686
SN2008A22402,Kaolack,Kaolack,Mil,Principale,1987,6,1987,11,None,0,53608.0,45581.0,0.8502648858379347
SN2008A22402,Kaolack,Kaolack,Mil,Principale,1988,6,1988,11,None,0,56771.0,43438.0,0.7651441757235208
SN2008A22402,Kaolack,Kaolack,Mil,Principale,1989,6,1989,11,None,0,63565.0,51535.0,0.8107449067883269
SN2008A22402,Kaolack,Kaolack,Riz,Principale,1960,6,1960,11,None,0,232.0,116.0,0.5
SN2008A22402,Kaolack,Kaolack,Riz,Principale,1961,6,1961,11,None,0,125.0,37.0,0.296
SN2008A22402,Kaolack,Kaolack,Riz,Principale,1962,6,1962,11,None,0,50.0,20.0,0.4
SN2008A22402,Kaolack,Kaolack,Riz,Principale,1963,6,1963,11,None,0,60.0,30.0,0.5
SN2008A22402,Kaolack,Kaolack,Riz,Principale,1964,6,1964,11,None,0,90.0,43.0,0.4777777777777778
SN2008A22402,Kaolack,Kaolack,Riz,Principale,1965,6,1965,11,None,0,20.0,12.0,0.6
SN2008A22402,Kaolack,Kaolack,Riz,Principale,1967,6,1967,11,None,0,28.0,22.0,0.7857142857142857
SN2008A22402,Kaolack,Kaolack,Riz,Principale,1968,6,1968,11,None,0,29.0,10.0,0.3448275862068966
SN2008A22402,Kaolack,Kaolack,Riz,Principale,1969,6,1969,11,None,0,58.0,57.0,0.9827586206896552
SN2008A22402,Kaolack,Kaolack,Riz,Principale,1970,6,1970,11,None,0,12.0,8.0,0.6666666666666666
SN2008A22402,Kaolack,Kaolack,Riz,Principale,1971,6,1971,11,None,0,20.0,15.0,0.75
SN2008A22402,Kaolack,Kaolack,Riz,Principale,1973,6,1973,11,None,0,30.0,,
SN2008A22402,Kaolack,Kaolack,Riz,Principale,1974,6,1974,11,None,0,40.0,65.0,1.625
SN2008A22402,Kaolack,Kaolack,Riz,Principale,1977,6,1977,11,None,0,13.0,,
SN2008A22402,Kaolack,Kaolack,Riz,Principale,1978,6,1978,11,None,0,14.0,11.0,0.7857142857142857
SN2008A22402,Kaolack,Kaolack,Riz,Principale,1980,6,1980,11,None,0,36.0,22.0,0.6111111111111112
SN2008A22402,Kaolack,Kaolack,Riz,Principale,1986,6,1986,11,None,0,162.0,166.0,1.0246913580246917
SN2008A22402,Kaolack,Kaolack,Riz,Principale,1987,6,1987,11,None,0,182.0,197.0,1.0824175824175823
SN2008A22402,Kaolack,Kaolack,Riz,Principale,1988,6,1988,11,None,0,227.0,243.0,1.0704845814977977
SN2008A22402,Kaolack,Kaolack,Riz,Principale,1989,6,1989,11,None,0,229.0,231.0,1.0087336244541485
SN2008A22402,Kaolack,Kaolack,Sorgho,Principale,1986,6,1986,11,None,0,961.0,796.0,0.8283038501560874
SN2008A22402,Kaolack,Kaolack,Sorgho,Principale,1987,6,1987,11,None,0,2964.0,2908.0,0.98110661268556
SN2008A22402,Kaolack,Kaolack,Sorgho,Principale,1988,6,1988,11,None,0,2933.0,2389.0,0.8145243777702011
SN2008A22402,Kaolack,Kaolack,Sorgho,Principale,1989,6,1989,11,None,0,5862.0,5393.0,0.9199931763903104
SN2008A22403,Kaolack,Nioro du Rip,Niébé,Principale,1962,6,1962,11,None,0,1325.0,132.0,0.0996226415094339
SN2008A22403,Kaolack,Nioro du Rip,Niébé,Principale,1963,6,1963,11,None,0,1122.0,288.0,0.2566844919786096
SN2008A22403,Kaolack,Nioro du Rip,Niébé,Principale,1964,6,1964,11,None,0,1000.0,250.0,0.25
SN2008A22403,Kaolack,Nioro du Rip,Niébé,Principale,1965,6,1965,11,None,0,1000.0,200.0,0.2
SN2008A22403,Kaolack,Nioro du Rip,Niébé,Principale,1966,6,1966,11,None,0,1300.0,195.0,0.15
SN2008A22403,Kaolack,Nioro du Rip,Niébé,Principale,1967,6,1967,11,None,0,1300.0,195.0,0.15
SN2008A22403,Kaolack,Nioro du Rip,Niébé,Principale,1968,6,1968,11,None,0,1200.0,180.0,0.15
SN2008A22403,Kaolack,Nioro du Rip,Niébé,Principale,1969,6,1969,11,None,0,2550.0,637.0,0.2498039215686274
SN2008A22403,Kaolack,Nioro du Rip,Niébé,Principale,1970,6,1970,11,None,0,3188.0,745.3,0.2337829360100376
SN2008A22403,Kaolack,Nioro du Rip,Niébé,Principale,1971,6,1971,11,None,0,5600.0,1400.0,0.25
SN2008A22403,Kaolack,Nioro du Rip,Niébé,Principale,1972,6,1972,11,None,0,3400.0,34.0,0.01
SN2008A22403,Kaolack,Nioro du Rip,Niébé,Principale,1973,6,1973,11,None,0,340.0,86.0,0.2529411764705882
SN2008A22403,Kaolack,Nioro du Rip,Niébé,Principale,1974,6,1974,11,None,0,700.0,210.0,0.3
SN2008A22403,Kaolack,Nioro du Rip,Niébé,Principale,1975,6,1975,11,None,0,1300.0,585.0,0.45
SN2008A22403,Kaolack,Nioro du Rip,Niébé,Principale,1976,6,1976,11,None,0,972.0,226.0,0.2325102880658436
SN2008A22403,Kaolack,Nioro du Rip,Niébé,Principale,1977,6,1977,11,None,0,1075.0,283.0,0.2632558139534883
SN2008A22403,Kaolack,Nioro du Rip,Niébé,Principale,1978,6,1978,11,None,0,1125.0,210.0,0.1866666666666666
SN2008A22403,Kaolack,Nioro du Rip,Niébé,Principale,1979,6,1979,11,None,0,1075.0,430.0,0.4
SN2008A22403,Kaolack,Nioro du Rip,Niébé,Principale,1980,6,1980,11,None,0,2176.0,763.0,0.3506433823529412
SN2008A22403,Kaolack,Nioro du Rip,Niébé,Principale,1981,6,1981,11,None,0,3001.0,1981.0,0.6601132955681439
SN2008A22403,Kaolack,Nioro du Rip,Niébé,Principale,1982,6,1982,11,None,0,4752.0,1188.0,0.25
SN2008A22403,Kaolack,Nioro du Rip,Niébé,Principale,1983,6,1983,11,None,0,1663.0,572.0,0.343956704750451
SN2008A22403,Kaolack,Nioro du Rip,Niébé,Principale,1984,6,1984,11,None,0,4500.0,1125.0,0.25
SN2008A22403,Kaolack,Nioro du Rip,Niébé,Principale,1985,6,1985,11,None,0,8183.0,6137.0,0.7499694488573873
SN2008A22403,Kaolack,Nioro du Rip,Niébé,Principale,1986,6,1986,11,None,0,8686.0,3562.0,0.4100851945659682
SN2008A22403,Kaolack,Nioro du Rip,Niébé,Principale,1987,6,1987,11,None,0,1266.0,337.0,0.2661927330173775
SN2008A22403,Kaolack,Nioro du Rip,Niébé,Principale,1988,6,1988,11,None,0,1797.0,226.0,0.125765164162493
SN2008A22403,Kaolack,Nioro du Rip,Niébé,Principale,1989,6,1989,11,None,0,350.0,33.0,0.0942857142857142
SN2008A22403,Kaolack,Nioro du Rip,Arachide (en coque),Principale,1960,6,1960,11,None,0,57700.0,54815.0,0.95
SN2008A22403,Kaolack,Nioro du Rip,Arachide (en coque),Principale,1961,6,1961,11,None,0,61000.0,56700.0,0.9295081967213116
SN2008A22403,Kaolack,Nioro du Rip,Arachide (en coque),Principale,1962,6,1962,11,None,0,65660.0,60574.0,0.922540359427353
SN2008A22403,Kaolack,Nioro du Rip,Arachide (en coque),Principale,1963,6,1963,11,None,0,59900.0,51680.0,0.862771285475793
SN2008A22403,Kaolack,Nioro du Rip,Arachide (en coque),Principale,1964,6,1964,11,None,0,94985.0,91457.0,0.96285729325683
SN2008A22403,Kaolack,Nioro du Rip,Arachide (en coque),Principale,1965,6,1965,11,None,0,94000.0,103400.0,1.1
SN2008A22403,Kaolack,Nioro du Rip,Arachide (en coque),Principale,1966,6,1966,11,None,0,99850.0,98574.0,0.9872208312468704
SN2008A22403,Kaolack,Nioro du Rip,Arachide (en coque),Principale,1967,6,1967,11,None,0,100800.0,38126.0,0.378234126984127
SN2008A22403,Kaolack,Nioro du Rip,Arachide (en coque),Principale,1968,6,1968,11,None,0,99200.0,74310.0,0.7490927419354839
SN2008A22403,Kaolack,Nioro du Rip,Arachide (en coque),Principale,1969,6,1969,11,None,0,80800.0,84000.0,1.0396039603960396
SN2008A22403,Kaolack,Nioro du Rip,Arachide (en coque),Principale,1970,6,1970,11,None,0,81150.0,64531.0,0.7952064078866297
SN2008A22403,Kaolack,Nioro du Rip,Arachide (en coque),Principale,1971,6,1971,11,None,0,62066.0,70406.0,1.134373086714143
SN2008A22403,Kaolack,Nioro du Rip,Arachide (en coque),Principale,1972,6,1972,11,None,0,69900.0,64997.0,0.929856938483548
SN2008A22403,Kaolack,Nioro du Rip,Arachide (en coque),Principale,1973,6,1973,11,None,0,72690.0,71031.0,0.9771770532397854
SN2008A22403,Kaolack,Nioro du Rip,Arachide (en coque),Principale,1974,6,1974,11,None,0,69400.0,78720.0,1.134293948126801
SN2008A22403,Kaolack,Nioro du Rip,Arachide (en coque),Principale,1975,6,1975,11,None,0,45000.0,94542.0,2.1009333333333333
SN2008A22403,Kaolack,Nioro du Rip,Arachide (en coque),Principale,1976,6,1976,11,None,0,82713.0,102462.0,1.2387653694098872
SN2008A22403,Kaolack,Nioro du Rip,Arachide (en coque),Principale,1977,6,1977,11,None,0,72739.0,23333.0,0.3207770247047664
SN2008A22403,Kaolack,Nioro du Rip,Arachide (en coque),Principale,1978,6,1978,11,None,0,68538.0,68538.0,1.0
SN2008A22403,Kaolack,Nioro du Rip,Arachide (en coque),Principale,1979,6,1979,11,None,0,64362.0,43950.0,0.682856343805351
SN2008A22403,Kaolack,Nioro du Rip,Arachide (en coque),Principale,1980,6,1980,11,None,0,60402.0,39093.0,0.6472136684215755
SN2008A22403,Kaolack,Nioro du Rip,Arachide (en coque),Principale,1981,6,1981,11,None,0,64543.0,71137.0,1.1021644485071969
SN2008A22403,Kaolack,Nioro du Rip,Arachide (en coque),Principale,1986,6,1986,11,None,0,81606.0,92986.0,1.1394505305982403
SN2008A22403,Kaolack,Nioro du Rip,Arachide (en coque),Principale,1987,6,1987,11,None,0,79001.0,92187.0,1.166909279629372
SN2008A22403,Kaolack,Nioro du Rip,Arachide (en coque),Principale,1988,6,1988,11,None,0,79224.0,79282.0,1.0007321013834192
SN2008A22403,Kaolack,Nioro du Rip,Arachide (en coque),Principale,1989,6,1989,11,None,0,70089.0,86771.0,1.238011670875601
SN2008A22403,Kaolack,Nioro du Rip,Maïs,Principale,1960,6,1960,11,None,0,400.0,300.0,0.75
SN2008A22403,Kaolack,Nioro du Rip,Maïs,Principale,1962,6,1962,11,None,0,430.0,344.0,0.8
SN2008A22403,Kaolack,Nioro du Rip,Maïs,Principale,1963,6,1963,11,None,0,500.0,400.0,0.8
SN2008A22403,Kaolack,Nioro du Rip,Maïs,Principale,1964,6,1964,11,None,0,480.0,408.0,0.85
SN2008A22403,Kaolack,Nioro du Rip,Maïs,Principale,1965,6,1965,11,None,0,300.0,240.0,0.8
SN2008A22403,Kaolack,Nioro du Rip,Maïs,Principale,1966,6,1966,11,None,0,138.0,69.0,0.5
SN2008A22403,Kaolack,Nioro du Rip,Maïs,Principale,1967,6,1967,11,None,0,340.0,272.0,0.8
SN2008A22403,Kaolack,Nioro du Rip,Maïs,Principale,1968,6,1968,11,None,0,355.0,248.0,0.6985915492957746
SN2008A22403,Kaolack,Nioro du Rip,Maïs,Principale,1969,6,1969,11,None,0,276.0,216.0,0.782608695652174
SN2008A22403,Kaolack,Nioro du Rip,Maïs,Principale,1970,6,1970,11,None,0,260.0,203.0,0.7807692307692308
SN2008A22403,Kaolack,Nioro du Rip,Maïs,Principale,1971,6,1971,11,None,0,245.0,196.0,0.8
SN2008A22403,Kaolack,Nioro du Rip,Maïs,Principale,1972,6,1972,11,None,0,281.0,179.0,0.6370106761565836
SN2008A22403,Kaolack,Nioro du Rip,Maïs,Principale,1973,6,1973,11,None,0,268.0,423.0,1.578358208955224
SN2008A22403,Kaolack,Nioro du Rip,Maïs,Principale,1974,6,1974,11,None,0,597.0,898.0,1.5041876046901173
SN2008A22403,Kaolack,Nioro du Rip,Maïs,Principale,1975,6,1975,11,None,0,1100.0,2200.0,2.0
SN2008A22403,Kaolack,Nioro du Rip,Maïs,Principale,1976,6,1976,11,None,0,3986.0,5979.0,1.5
SN2008A22403,Kaolack,Nioro du Rip,Maïs,Principale,1977,6,1977,11,None,0,4121.0,3277.0,0.7951953409366659
SN2008A22403,Kaolack,Nioro du Rip,Maïs,Principale,1978,6,1978,11,None,0,3210.0,5296.0,1.6498442367601247
SN2008A22403,Kaolack,Nioro du Rip,Maïs,Principale,1979,6,1979,11,None,0,6646.0,1285.0,0.1933493830875714
SN2008A22403,Kaolack,Nioro du Rip,Maïs,Principale,1980,6,1980,11,None,0,3641.0,3904.0,1.072232903048613
SN2008A22403,Kaolack,Nioro du Rip,Maïs,Principale,1981,6,1981,11,None,0,3262.0,8155.0,2.5
SN2008A22403,Kaolack,Nioro du Rip,Maïs,Principale,1986,6,1986,11,None,0,6913.0,8896.0,1.286850860697237
SN2008A22403,Kaolack,Nioro du Rip,Maïs,Principale,1987,6,1987,11,None,0,4361.0,6488.0,1.4877321715202936
SN2008A22403,Kaolack,Nioro du Rip,Maïs,Principale,1988,6,1988,11,None,0,6824.0,10215.0,1.4969226260257913
SN2008A22403,Kaolack,Nioro du Rip,Maïs,Principale,1989,6,1989,11,None,0,9504.0,13777.0,1.4496001683501682
SN2008A22403,Kaolack,Nioro du Rip,Mil,Principale,1960,6,1960,11,None,0,22610.0,12630.0,0.5586023883237505
SN2008A22403,Kaolack,Nioro du Rip,Mil,Principale,1961,6,1961,11,None,0,39800.0,22800.0,0.5728643216080402
SN2008A22403,Kaolack,Nioro du Rip,Mil,Principale,1962,6,1962,11,None,0,38900.0,22235.0,0.5715938303341902
SN2008A22403,Kaolack,Nioro du Rip,Mil,Principale,1963,6,1963,11,None,0,44900.0,27330.0,0.6086859688195991
SN2008A22403,Kaolack,Nioro du Rip,Mil,Principale,1964,6,1964,11,None,0,46900.0,30485.0,0.65
SN2008A22403,Kaolack,Nioro du Rip,Mil,Principale,1965,6,1965,11,None,0,50000.0,32500.0,0.65
SN2008A22403,Kaolack,Nioro du Rip,Mil,Principale,1966,6,1966,11,None,0,54500.0,27250.0,0.5
SN2008A22403,Kaolack,Nioro du Rip,Mil,Principale,1967,6,1967,11,None,0,59900.0,34250.0,0.5717863105175293
SN2008A22403,Kaolack,Nioro du Rip,Mil,Principale,1968,6,1968,11,None,0,58890.0,27387.0,0.4650534895568008
SN2008A22403,Kaolack,Nioro du Rip,Mil,Principale,1969,6,1969,11,None,0,63140.0,49632.0,0.7860627177700349
SN2008A22403,Kaolack,Nioro du Rip,Mil,Principale,1970,6,1970,11,None,0,45900.0,26870.0,0.5854030501089325
SN2008A22403,Kaolack,Nioro du Rip,Mil,Principale,1971,6,1971,11,None,0,52830.0,36504.0,0.6909710391822828
SN2008A22403,Kaolack,Nioro du Rip,Mil,Principale,1972,6,1972,11,None,0,48543.0,31054.0,0.6397214840450735
SN2008A22403,Kaolack,Nioro du Rip,Mil,Principale,1973,6,1973,11,None,0,25658.0,22986.0,0.8958609400576818
SN2008A22403,Kaolack,Nioro du Rip,Mil,Principale,1974,6,1974,11,None,0,35000.0,23697.0,0.6770571428571428
SN2008A22403,Kaolack,Nioro du Rip,Mil,Principale,1975,6,1975,11,None,0,21250.0,15916.0,0.7489882352941176
SN2008A22403,Kaolack,Nioro du Rip,Mil,Principale,1976,6,1976,11,None,0,33350.0,24178.0,0.7249775112443778
SN2008A22403,Kaolack,Nioro du Rip,Mil,Principale,1977,6,1977,11,None,0,30587.0,18560.0,0.6067937359008729
SN2008A22403,Kaolack,Nioro du Rip,Mil,Principale,1978,6,1978,11,None,0,34265.0,25296.0,0.738246023639282
SN2008A22403,Kaolack,Nioro du Rip,Mil,Principale,1979,6,1979,11,None,0,53600.0,31358.0,0.5850373134328358
SN2008A22403,Kaolack,Nioro du Rip,Mil,Principale,1980,6,1980,11,None,0,56214.0,51652.0,0.9188458391148112
SN2008A22403,Kaolack,Nioro du Rip,Mil,Principale,1981,6,1981,11,None,0,59799.0,90588.0,1.5148748306827873
SN2008A22403,Kaolack,Nioro du Rip,Mil,Principale,1986,6,1986,11,None,0,58032.0,46896.0,0.8081058726220016
SN2008A22403,Kaolack,Nioro du Rip,Mil,Principale,1987,6,1987,11,None,0,73307.0,59813.0,0.8159248093633623
SN2008A22403,Kaolack,Nioro du Rip,Mil,Principale,1988,6,1988,11,None,0,74033.0,61255.0,0.8274012940175327
SN2008A22403,Kaolack,Nioro du Rip,Mil,Principale,1989,6,1989,11,None,0,84400.0,75028.0,0.888957345971564
SN2008A22403,Kaolack,Nioro du Rip,Riz,Principale,1960,6,1960,11,None,0,484.0,670.0,1.384297520661157
SN2008A22403,Kaolack,Nioro du Rip,Riz,Principale,1961,6,1961,11,None,0,415.0,430.0,1.036144578313253
SN2008A22403,Kaolack,Nioro du Rip,Riz,Principale,1962,6,1962,11,None,0,620.0,585.0,0.9435483870967742
SN2008A22403,Kaolack,Nioro du Rip,Riz,Principale,1963,6,1963,11,None,0,445.0,523.0,1.1752808988764043
SN2008A22403,Kaolack,Nioro du Rip,Riz,Principale,1964,6,1964,11,None,0,520.0,696.0,1.3384615384615384
SN2008A22403,Kaolack,Nioro du Rip,Riz,Principale,1965,6,1965,11,None,0,600.0,720.0,1.2
SN2008A22403,Kaolack,Nioro du Rip,Riz,Principale,1968,6,1968,11,None,0,35.0,9.0,0.2571428571428571
SN2008A22403,Kaolack,Nioro du Rip,Riz,Principale,1970,6,1970,11,None,0,32.0,19.0,0.59375
SN2008A22403,Kaolack,Nioro du Rip,Riz,Principale,1971,6,1971,11,None,0,21.0,21.0,1.0
SN2008A22403,Kaolack,Nioro du Rip,Riz,Principale,1977,6,1977,11,None,0,54.0,,
SN2008A22403,Kaolack,Nioro du Rip,Riz,Principale,1978,6,1978,11,None,0,61.0,55.0,0.9016393442622952
SN2008A22403,Kaolack,Nioro du Rip,Riz,Principale,1980,6,1980,11,None,0,23.0,,
SN2008A22403,Kaolack,Nioro du Rip,Sorgho,Principale,1986,6,1986,11,None,0,673.0,740.0,1.099554234769688
SN2008A22403,Kaolack,Nioro du Rip,Sorgho,Principale,1987,6,1987,11,None,0,1077.0,1238.0,1.149489322191272
SN2008A22403,Kaolack,Nioro du Rip,Sorgho,Principale,1988,6,1988,11,None,0,2007.0,1979.0,0.9860488290981564
SN2008A22403,Kaolack,Nioro du Rip,Sorgho,Principale,1989,6,1989,11,None,0,2880.0,3769.0,1.3086805555555556
SN2008A22501,Kaffrine,Birkelane,Niébé,Principale,1963,6,1963,11,None,0,97.69564548761863,31.87963168543345,0.3263157894736842
SN2008A22501,Kaffrine,Birkelane,Niébé,Principale,1964,6,1964,11,None,0,97.69564548761863,31.87963168543345,0.3263157894736842
SN2008A22501,Kaffrine,Birkelane,Niébé,Principale,1965,6,1965,11,None,0,68.55834771060957,23.99542169871335,0.35
SN2008A22501,Kaffrine,Birkelane,Niébé,Principale,1966,6,1966,11,None,0,94.26772810208816,32.30812135862476,0.3427272727272727
SN2008A22501,Kaffrine,Birkelane,Niébé,Principale,1967,6,1967,11,None,0,106.26543895144484,31.87963168543345,0.3
SN2008A22501,Kaffrine,Birkelane,Niébé,Principale,1968,6,1968,11,None,0,104.5514802586796,31.36544407760388,0.3
SN2008A22501,Kaffrine,Birkelane,Niébé,Principale,1969,6,1969,11,None,0,96.83866614123602,23.909723764075085,0.2469026548672566
SN2008A22501,Kaffrine,Birkelane,Niébé,Principale,1970,6,1970,11,None,0,104.5514802586796,7.455720313528791,0.071311475409836
SN2008A22501,Kaffrine,Birkelane,Niébé,Principale,1971,6,1971,11,None,0,107.12241829782744,32.13672548934824,0.3
SN2008A22501,Kaffrine,Birkelane,Niébé,Principale,1972,6,1972,11,None,0,6.684438901784433,2.7423339084243827,0.4102564102564102
SN2008A22501,Kaffrine,Birkelane,Niébé,Principale,1973,6,1973,11,None,1,6.855834771060957,10.283752156591436,1.5000000000000002
SN2008A22501,Kaffrine,Birkelane,Niébé,Principale,1977,6,1977,11,None,0,15.425628234887151,1.7139586927652393,0.1111111111111111
SN2008A22501,Kaffrine,Birkelane,Niébé,Principale,1978,6,1978,11,None,0,8.912585202379244,1.3711669542121914,0.1538461538461538
SN2008A22501,Kaffrine,Birkelane,Niébé,Principale,1979,6,1979,11,None,0,18.510753881864584,9.083981071655767,0.4907407407407407
SN2008A22501,Kaffrine,Birkelane,Niébé,Principale,1981,6,1981,11,None,0,109.17916872914574,49.01921861308584,0.4489795918367346
SN2008A22501,Kaffrine,Birkelane,Niébé,Principale,1986,6,1986,11,None,0,330.79402770369114,238.4116541636448,0.7207253886010364
SN2008A22501,Kaffrine,Birkelane,Niébé,Principale,1987,6,1987,11,None,0,6.855834771060957,2.228146300594811,0.325
SN2008A22501,Kaffrine,Birkelane,Niébé,Principale,1988,6,1988,11,None,0,214.58762833420795,63.0736798937608,0.2939297124600639
SN2008A22501,Kaffrine,Birkelane,Niébé,Principale,1989,6,1989,11,None,0,45.41990535827884,14.568648888504534,0.320754716981132
SN2008A22501,Kaffrine,Birkelane,Arachide (en coque),Principale,1960,6,1960,11,None,0,26553.95615460701,25226.22156243028,0.9499986147282096
SN2008A22501,Kaffrine,Birkelane,Arachide (en coque),Principale,1961,6,1961,11,None,0,31266.779425134315,29519.518221965045,0.9441176470588236
SN2008A22501,Kaffrine,Birkelane,Arachide (en coque),Principale,1962,6,1962,11,None,0,31643.820000555053,27918.475193166258,0.882272595175821
SN2008A22501,Kaffrine,Birkelane,Arachide (en coque),Principale,1963,6,1963,11,None,0,31082.85719322176,26815.86141285049,0.8627218934911243
SN2008A22501,Kaffrine,Birkelane,Arachide (en coque),Principale,1964,6,1964,11,None,0,29158.66280295261,27733.265505630312,0.9511158208126758
SN2008A22501,Kaffrine,Birkelane,Arachide (en coque),Principale,1965,6,1965,11,None,0,29795.40156983388,34319.888474882726,1.151851851851852
SN2008A22501,Kaffrine,Birkelane,Arachide (en coque),Principale,1966,6,1966,11,None,0,28897.86107810061,32989.57897145922,1.1415924134419553
SN2008A22501,Kaffrine,Birkelane,Arachide (en coque),Principale,1967,6,1967,11,None,0,31095.73174945564,27048.33911398796,0.8698408943041344
SN2008A22501,Kaffrine,Birkelane,Arachide (en coque),Principale,1968,6,1968,11,None,0,30898.934961309205,24524.19040322006,0.7936904761904763
SN2008A22501,Kaffrine,Birkelane,Arachide (en coque),Principale,1969,6,1969,11,None,0,23983.459041397145,25197.34577202001,1.0506134969325154
SN2008A22501,Kaffrine,Birkelane,Arachide (en coque),Principale,1970,6,1970,11,None,0,26208.91804753906,17099.617745374046,0.6524350877192983
SN2008A22501,Kaffrine,Birkelane,Arachide (en coque),Principale,1971,6,1971,11,None,0,30176.30451212477,28653.79627635265,0.94954623303326
SN2008A22501,Kaffrine,Birkelane,Arachide (en coque),Principale,1972,6,1972,11,None,0,30053.4444612072,25102.074055889305,0.8352478228673892
SN2008A22501,Kaffrine,Birkelane,Arachide (en coque),Principale,1973,6,1973,11,None,0,29850.578239407645,13887.232042789365,0.4652248921749846
SN2008A22501,Kaffrine,Birkelane,Arachide (en coque),Principale,1974,6,1974,11,None,0,29041.320418992404,27136.805707537897,0.9344205193160228
SN2008A22501,Kaffrine,Birkelane,Arachide (en coque),Principale,1975,6,1975,11,None,0,32843.17687485682,39847.303310550735,1.2132597118233084
SN2008A22501,Kaffrine,Birkelane,Arachide (en coque),Principale,1976,6,1976,11,None,0,40689.48321047833,41655.9945391788,1.023753344904896
SN2008A22501,Kaffrine,Birkelane,Arachide (en coque),Principale,1977,6,1977,11,None,0,34190.77506808011,16640.180010056483,0.4866862472969048
SN2008A22501,Kaffrine,Birkelane,Arachide (en coque),Principale,1978,6,1978,11,None,0,31868.94081241602,25495.11586548643,0.7999988457587404
SN2008A22501,Kaffrine,Birkelane,Arachide (en coque),Principale,1979,6,1979,11,None,0,26271.451606389328,17937.93527843147,0.6827919350322038
SN2008A22501,Kaffrine,Birkelane,Arachide (en coque),Principale,1980,6,1980,11,None,0,25284.52490994656,18237.912438680847,0.7213073017443299
SN2008A22501,Kaffrine,Birkelane,Arachide (en coque),Principale,1981,6,1981,11,None,0,27696.29713701589,21324.49533463734,0.7699403002915258
SN2008A22501,Kaffrine,Birkelane,Arachide (en coque),Principale,1986,6,1986,11,None,0,29194.52763817556,32661.829554191045,1.1187654740980135
SN2008A22501,Kaffrine,Birkelane,Arachide (en coque),Principale,1987,6,1987,11,None,0,34748.7951197028,41472.25622949816,1.193487604005674
SN2008A22501,Kaffrine,Birkelane,Arachide (en coque),Principale,1988,6,1988,11,None,0,35817.935053810485,35095.48852685797,0.979830034147218
SN2008A22501,Kaffrine,Birkelane,Arachide (en coque),Principale,1989,6,1989,11,None,0,22226.082115472684,23944.83537269551,1.077330464644793
SN2008A22501,Kaffrine,Birkelane,Maïs,Principale,1960,6,1960,11,None,0,141.8001029070578,124.07509004367556,0.8749999999999999
SN2008A22501,Kaffrine,Birkelane,Maïs,Principale,1961,6,1961,11,None,0,155.9801131977636,141.8001029070578,0.9090909090909092
SN2008A22501,Kaffrine,Birkelane,Maïs,Principale,1962,6,1962,11,None,0,157.7526144841018,141.8001029070578,0.8988764044943821
SN2008A22501,Kaffrine,Birkelane,Maïs,Principale,1963,6,1963,11,None,0,150.66260933874892,120.53008747099912,0.7999999999999999
SN2008A22501,Kaffrine,Birkelane,Maïs,Principale,1964,6,1964,11,None,0,141.8001029070578,113.44008232564624,0.8
SN2008A22501,Kaffrine,Birkelane,Maïs,Principale,1965,6,1965,11,None,0,106.35007718029335,85.08006174423468,0.8
SN2008A22501,Kaffrine,Birkelane,Maïs,Principale,1966,6,1966,11,None,0,49.63003601747023,24.106017494199826,0.4857142857142857
SN2008A22501,Kaffrine,Birkelane,Maïs,Principale,1967,6,1967,11,None,0,65.58254759451424,49.09828563156877,0.7486486486486487
SN2008A22501,Kaffrine,Birkelane,Maïs,Principale,1968,6,1968,11,None,0,39.88127894261001,27.296519809608625,0.6844444444444444
SN2008A22501,Kaffrine,Birkelane,Maïs,Principale,1969,6,1969,11,None,0,33.5002743117924,25.701268651904225,0.7671957671957672
SN2008A22501,Kaffrine,Birkelane,Maïs,Principale,1970,6,1970,11,None,0,28.36002058141156,15.952511577044003,0.5625
SN2008A22501,Kaffrine,Birkelane,Maïs,Principale,1971,6,1971,11,None,0,34.56377508359534,26.41026916643952,0.7641025641025642
SN2008A22501,Kaffrine,Birkelane,Maïs,Principale,1972,6,1972,11,None,0,32.79127379725712,20.02926453562192,0.6108108108108108
SN2008A22501,Kaffrine,Birkelane,Maïs,Principale,1973,6,1973,11,None,0,31.018772510918893,45.55328305889232,1.4685714285714286
SN2008A22501,Kaffrine,Birkelane,Maïs,Principale,1974,6,1974,11,None,0,34.20927482632769,49.98453627473788,1.461139896373057
SN2008A22501,Kaffrine,Birkelane,Maïs,Principale,1975,6,1975,11,None,0,18.61126350655133,37.22252701310267,2.0
SN2008A22501,Kaffrine,Birkelane,Maïs,Principale,1976,6,1976,11,None,0,112.19933142520948,125.20949086693204,1.115955766192733
SN2008A22501,Kaffrine,Birkelane,Maïs,Principale,1977,6,1977,11,None,0,105.35747645994394,74.67547919342931,0.7087819650067295
SN2008A22501,Kaffrine,Birkelane,Maïs,Principale,1978,6,1978,11,None,0,69.92517574604288,87.40203842933775,1.249936628643853
SN2008A22501,Kaffrine,Birkelane,Maïs,Principale,1979,6,1979,11,None,0,83.59116066371058,16.16521173140459,0.193384223918575
SN2008A22501,Kaffrine,Birkelane,Maïs,Principale,1980,6,1980,11,None,0,234.6437202854539,168.10402199631702,0.716422420305182
SN2008A22501,Kaffrine,Birkelane,Maïs,Principale,1981,6,1981,11,None,0,134.99369796751904,229.48574154220967,1.699973739495798
SN2008A22501,Kaffrine,Birkelane,Maïs,Principale,1986,6,1986,11,None,0,148.0747574606951,165.6225201954435,1.1185061048599474
SN2008A22501,Kaffrine,Birkelane,Maïs,Principale,1987,6,1987,11,None,0,312.5274268071554,469.4115156609515,1.501985027223231
SN2008A22501,Kaffrine,Birkelane,Maïs,Principale,1988,6,1988,11,None,0,360.9521619499157,407.58667079347424,1.12919858573954
SN2008A22501,Kaffrine,Birkelane,Maïs,Principale,1989,6,1989,11,None,0,303.1154449766994,571.8975400370275,1.886731770071926
SN2008A22501,Kaffrine,Birkelane,Mil,Principale,1960,6,1960,11,None,0,12014.823066029952,9830.728110152984,0.8182166359110058
SN2008A22501,Kaffrine,Birkelane,Mil,Principale,1961,6,1961,11,None,0,12340.70124466013,6170.350622330065,0.5
SN2008A22501,Kaffrine,Birkelane,Mil,Principale,1962,6,1962,11,None,0,13281.941170100308,7969.164702060185,0.6
SN2008A22501,Kaffrine,Birkelane,Mil,Principale,1963,6,1963,11,None,0,14746.092165229476,7557.110779145262,0.5124822695035461
SN2008A22501,Kaffrine,Birkelane,Mil,Principale,1964,6,1964,11,None,0,15164.421020980668,9856.873663637434,0.65
SN2008A22501,Kaffrine,Birkelane,Mil,Principale,1965,6,1965,11,None,0,16733.154230047632,10876.55024953096,0.6499999999999999
SN2008A22501,Kaffrine,Birkelane,Mil,Principale,1966,6,1966,11,None,0,18197.3052251768,9998.05965245346,0.5494252873563218
SN2008A22501,Kaffrine,Birkelane,Mil,Principale,1967,6,1967,11,None,0,19912.453533756685,11796.873732183582,0.592436974789916
SN2008A22501,Kaffrine,Birkelane,Mil,Principale,1968,6,1968,11,None,0,18908.464279953827,9400.895210868635,0.4971792035398229
SN2008A22501,Kaffrine,Birkelane,Mil,Principale,1969,6,1969,11,None,0,11483.127090370188,9283.763131258302,0.8084699453551912
SN2008A22501,Kaffrine,Birkelane,Mil,Principale,1970,6,1970,11,None,0,10771.968035593163,5620.248177017249,0.5217475728155341
SN2008A22501,Kaffrine,Birkelane,Mil,Principale,1971,6,1971,11,None,0,13135.526070587392,8426.188976968362,0.6414808917197453
SN2008A22501,Kaffrine,Birkelane,Mil,Principale,1972,6,1972,11,None,0,13058.762725557048,7065.5743736376135,0.5410600163375139
SN2008A22501,Kaffrine,Birkelane,Mil,Principale,1973,6,1973,11,None,0,18124.097675420344,7497.289752772842,0.4136641661858049
SN2008A22501,Kaffrine,Birkelane,Mil,Principale,1974,6,1974,11,None,0,7179.568986829812,6953.462240296294,0.9685069191551348
SN2008A22501,Kaffrine,Birkelane,Mil,Principale,1975,6,1975,11,None,0,17810.35103360695,11872.172926218796,0.6665883734586026
SN2008A22501,Kaffrine,Birkelane,Mil,Principale,1976,6,1976,11,None,0,15816.3865426689,12131.118487928785,0.7669968393350701
SN2008A22501,Kaffrine,Birkelane,Mil,Principale,1977,6,1977,11,None,0,18973.72358145101,9217.039678765988,0.48577916923891
SN2008A22501,Kaffrine,Birkelane,Mil,Principale,1978,6,1978,11,None,0,20329.10907408487,19312.56995460948,0.9499958844349328
SN2008A22501,Kaffrine,Birkelane,Mil,Principale,1979,6,1979,11,None,0,22389.58785308736,13098.713131281287,0.5850359201442411
SN2008A22501,Kaffrine,Birkelane,Mil,Principale,1980,6,1980,11,None,0,27986.618778610416,17123.873381319245,0.6118593145094992
SN2008A22501,Kaffrine,Birkelane,Mil,Principale,1981,6,1981,11,None,0,34953.46754229075,41141.17881213449,1.1770271078930044
SN2008A22501,Kaffrine,Birkelane,Mil,Principale,1986,6,1986,11,None,0,25896.64781527747,20371.36028851574,0.7866408206122285
SN2008A22501,Kaffrine,Birkelane,Mil,Principale,1987,6,1987,11,None,0,31270.918625113016,25712.16478989119,0.8222388698630136
SN2008A22501,Kaffrine,Birkelane,Mil,Principale,1988,6,1988,11,None,0,31288.90676591032,23084.641246917963,0.7377899592218732
SN2008A22501,Kaffrine,Birkelane,Mil,Principale,1989,6,1989,11,None,0,35058.88641394005,28585.665700046124,0.8153614853174557
SN2008A22501,Kaffrine,Birkelane,Riz,Principale,1971,6,1971,11,None,0,50.80401720919363,44.31445296714335,0.8722627737226276
SN2008A22501,Kaffrine,Birkelane,Riz,Principale,1973,6,1973,11,None,0,25.958256968201123,33.37490181625859,1.285714285714286
SN2008A22501,Kaffrine,Birkelane,Riz,Principale,1977,6,1977,11,None,0,6.304148120848844,1.2979128484100562,0.2058823529411764
SN2008A22501,Kaffrine,Birkelane,Riz,Principale,1978,6,1978,11,None,0,2.5958256968201123,1.854161212014366,0.7142857142857143
SN2008A22501,Kaffrine,Birkelane,Sorgho,Principale,1986,6,1986,11,None,0,1684.456911800439,1614.9329830443987,0.9587262053015476
SN2008A22501,Kaffrine,Birkelane,Sorgho,Principale,1987,6,1987,11,None,0,1337.536502935888,1653.3909034051394,1.2361463778939508
SN2008A22501,Kaffrine,Birkelane,Sorgho,Principale,1988,6,1988,11,None,0,1084.9129169818282,968.8399209839564,0.8930116932142528
SN2008A22501,Kaffrine,Birkelane,Sorgho,Principale,1989,6,1989,11,None,0,2441.029090533554,2997.420301986347,1.227933052338667
SN2008A22502,Kaffrine,Kaffrine,Niébé,Principale,1963,6,1963,11,None,0,344.5387828798132,112.42844493972852,0.3263157894736842
SN2008A22502,Kaffrine,Kaffrine,Niébé,Principale,1964,6,1964,11,None,0,344.5387828798132,112.42844493972852,0.3263157894736842
SN2008A22502,Kaffrine,Kaffrine,Niébé,Principale,1965,6,1965,11,None,0,241.78160202092155,84.62356070732254,0.35
SN2008A22502,Kaffrine,Kaffrine,Niébé,Principale,1966,6,1966,11,None,0,332.4497027787671,113.93957995235928,0.3427272727272727
SN2008A22502,Kaffrine,Kaffrine,Niébé,Principale,1967,6,1967,11,None,0,374.7614831324284,112.42844493972852,0.3
SN2008A22502,Kaffrine,Kaffrine,Niébé,Principale,1968,6,1968,11,None,0,368.71694308190536,110.6150829245716,0.3
SN2008A22502,Kaffrine,Kaffrine,Niébé,Principale,1969,6,1969,11,None,0,341.51651285455165,84.32133370479639,0.2469026548672566
SN2008A22502,Kaffrine,Kaffrine,Niébé,Principale,1970,6,1970,11,None,0,368.71694308190536,26.29374921977522,0.071311475409836
SN2008A22502,Kaffrine,Kaffrine,Niébé,Principale,1971,6,1971,11,None,0,377.7837531576899,113.33512594730698,0.3
SN2008A22502,Kaffrine,Kaffrine,Niébé,Principale,1972,6,1972,11,None,0,23.57370619703985,9.671264080836862,0.4102564102564102
SN2008A22502,Kaffrine,Kaffrine,Niébé,Principale,1973,6,1973,11,None,1,24.178160202092155,36.26724030313823,1.5
SN2008A22502,Kaffrine,Kaffrine,Niébé,Principale,1977,6,1977,11,None,0,54.40086045470735,6.044540050523039,0.1111111111111111
SN2008A22502,Kaffrine,Kaffrine,Niébé,Principale,1978,6,1978,11,None,0,31.4316082627198,4.835632040418431,0.1538461538461538
SN2008A22502,Kaffrine,Kaffrine,Niébé,Principale,1979,6,1979,11,None,0,65.28103254564881,32.0360622677721,0.4907407407407407
SN2008A22502,Kaffrine,Kaffrine,Niébé,Principale,1981,6,1981,11,None,0,385.03720121831753,172.8738454449589,0.4489795918367347
SN2008A22502,Kaffrine,Kaffrine,Niébé,Principale,1986,6,1986,11,None,0,1166.5962297509463,840.7955210277546,0.7207253886010363
SN2008A22502,Kaffrine,Kaffrine,Niébé,Principale,1987,6,1987,11,None,0,24.178160202092155,7.85790206567995,0.3249999999999999
SN2008A22502,Kaffrine,Kaffrine,Niébé,Principale,1988,6,1988,11,None,0,756.7764143254844,222.43907385924783,0.2939297124600639
SN2008A22502,Kaffrine,Kaffrine,Niébé,Principale,1989,6,1989,11,None,0,160.18031133886052,51.37859042944583,0.3207547169811321
SN2008A22502,Kaffrine,Kaffrine,Arachide (en coque),Principale,1960,6,1960,11,None,0,39225.83799563125,37264.49175740286,0.9499986147282096
SN2008A22502,Kaffrine,Kaffrine,Arachide (en coque),Principale,1961,6,1961,11,None,0,46187.67980313426,43606.60357884147,0.9441176470588236
SN2008A22502,Kaffrine,Kaffrine,Arachide (en coque),Principale,1962,6,1962,11,None,0,46744.64888311324,41241.52268068685,0.8822725951758209
SN2008A22502,Kaffrine,Kaffrine,Arachide (en coque),Principale,1963,6,1963,11,None,0,45915.98756899818,39612.72773704103,0.8627218934911243
SN2008A22502,Kaffrine,Kaffrine,Arachide (en coque),Principale,1964,6,1964,11,None,0,43073.54341546647,40967.92860091182,0.951115820812676
SN2008A22502,Kaffrine,Kaffrine,Arachide (en coque),Principale,1965,6,1965,11,None,0,44014.14193004559,50697.77088979325,1.151851851851852
SN2008A22502,Kaffrine,Kaffrine,Arachide (en coque),Principale,1966,6,1966,11,None,0,42688.2838274615,48732.62096028696,1.1415924134419553
SN2008A22502,Kaffrine,Kaffrine,Arachide (en coque),Principale,1967,6,1967,11,None,0,45935.0060253877,39956.14672098904,0.8698408943041344
SN2008A22502,Kaffrine,Kaffrine,Arachide (en coque),Principale,1968,6,1968,11,None,0,45644.295334862094,36227.44249970543,0.7936904761904763
SN2008A22502,Kaffrine,Kaffrine,Arachide (en coque),Principale,1969,6,1969,11,None,0,35428.66733134534,37221.83607664349,1.0506134969325152
SN2008A22502,Kaffrine,Kaffrine,Arachide (en coque),Principale,1970,6,1970,11,None,0,38716.14336439196,25259.770392099992,0.6524350877192981
SN2008A22502,Kaffrine,Kaffrine,Arachide (en coque),Principale,1971,6,1971,11,None,0,44576.81654694142,42327.74823276292,0.94954623303326
SN2008A22502,Kaffrine,Kaffrine,Arachide (en coque),Principale,1972,6,1972,11,None,0,44395.32613453852,37081.099499361,0.8352478228673892
SN2008A22502,Kaffrine,Kaffrine,Arachide (en coque),Principale,1973,6,1973,11,None,0,44095.649600286415,20514.39383067915,0.4652248921749846
SN2008A22502,Kaffrine,Kaffrine,Arachide (en coque),Principale,1974,6,1974,11,None,0,42900.203770087646,40086.8306856085,0.9344205193160228
SN2008A22502,Kaffrine,Kaffrine,Arachide (en coque),Principale,1975,6,1975,11,None,0,48516.35394191464,58862.93760228498,1.2132597118233084
SN2008A22502,Kaffrine,Kaffrine,Arachide (en coque),Principale,1976,6,1976,11,None,0,60107.01634239411,61534.75903277924,1.0237533449048963
SN2008A22502,Kaffrine,Kaffrine,Arachide (en coque),Principale,1977,6,1977,11,None,0,50507.042941429725,24581.083191228056,0.4866862472969048
SN2008A22502,Kaffrine,Kaffrine,Arachide (en coque),Principale,1978,6,1978,11,None,0,47077.2001776958,37661.70580370981,0.7999988457587405
SN2008A22502,Kaffrine,Kaffrine,Arachide (en coque),Principale,1979,6,1979,11,None,0,38808.51872399823,26498.143595292266,0.6827919350322039
SN2008A22502,Kaffrine,Kaffrine,Arachide (en coque),Principale,1980,6,1980,11,None,0,37350.618195624,26941.273629168216,0.7213073017443298
SN2008A22502,Kaffrine,Kaffrine,Arachide (en coque),Principale,1981,6,1981,11,None,0,40913.31846185047,31500.812702439976,0.7699403002915258
SN2008A22502,Kaffrine,Kaffrine,Arachide (en coque),Principale,1986,6,1986,11,None,0,43126.523401123006,48248.46539905646,1.1187654740980135
SN2008A22502,Kaffrine,Kaffrine,Arachide (en coque),Principale,1987,6,1987,11,None,0,51331.3571797986,61263.338490877286,1.193487604005674
SN2008A22502,Kaffrine,Kaffrine,Arachide (en coque),Principale,1988,6,1988,11,None,0,52910.70413683166,51843.49704114512,0.979830034147218
SN2008A22502,Kaffrine,Kaffrine,Arachide (en coque),Principale,1989,6,1989,11,None,0,32832.64803417506,35371.611962176765,1.077330464644793
SN2008A22502,Kaffrine,Kaffrine,Maïs,Principale,1960,6,1960,11,None,0,303.98256937368893,265.9847482019778,0.875
SN2008A22502,Kaffrine,Kaffrine,Maïs,Principale,1961,6,1961,11,None,0,334.38082631105783,303.98256937368893,0.9090909090909092
SN2008A22502,Kaffrine,Kaffrine,Maïs,Principale,1962,6,1962,11,None,0,338.18060842822894,303.98256937368893,0.898876404494382
SN2008A22502,Kaffrine,Kaffrine,Maïs,Principale,1963,6,1963,11,None,0,322.98147995954446,258.3851839676356,0.8000000000000002
SN2008A22502,Kaffrine,Kaffrine,Maïs,Principale,1964,6,1964,11,None,0,303.98256937368893,243.1860554989511,0.7999999999999998
SN2008A22502,Kaffrine,Kaffrine,Maïs,Principale,1965,6,1965,11,None,0,227.98692703026668,182.38954162421336,0.8
SN2008A22502,Kaffrine,Kaffrine,Maïs,Principale,1966,6,1966,11,None,0,106.39389928079112,51.67703679352712,0.4857142857142857
SN2008A22502,Kaffrine,Kaffrine,Maïs,Principale,1967,6,1967,11,None,0,140.59193833533112,105.2539646456398,0.7486486486486488
SN2008A22502,Kaffrine,Kaffrine,Maïs,Principale,1968,6,1968,11,None,0,85.49509763635001,58.51664460443512,0.6844444444444445
SN2008A22502,Kaffrine,Kaffrine,Maïs,Principale,1969,6,1969,11,None,0,71.81588201453401,55.09684069898112,0.7671957671957672
SN2008A22502,Kaffrine,Kaffrine,Maïs,Principale,1970,6,1970,11,None,0,60.79651387473778,34.198039054540004,0.5625
SN2008A22502,Kaffrine,Kaffrine,Maïs,Principale,1971,6,1971,11,None,0,74.09575128483668,56.61675354584956,0.764102564102564
SN2008A22502,Kaffrine,Kaffrine,Maïs,Principale,1972,6,1972,11,None,0,70.29596916766556,42.93753792403356,0.6108108108108109
SN2008A22502,Kaffrine,Kaffrine,Maïs,Principale,1973,6,1973,11,None,0,66.49618705049446,97.65440041129756,1.4685714285714284
SN2008A22502,Kaffrine,Kaffrine,Maïs,Principale,1974,6,1974,11,None,0,73.33579486140245,107.15385570422536,1.4611398963730573
SN2008A22502,Kaffrine,Kaffrine,Maïs,Principale,1975,6,1975,11,None,0,39.89771223029667,79.79542446059334,2.0
SN2008A22502,Kaffrine,Kaffrine,Maïs,Principale,1976,6,1976,11,None,0,240.5262080169313,268.4166087569673,1.115955766192733
SN2008A22502,Kaffrine,Kaffrine,Maïs,Principale,1977,6,1977,11,None,0,225.85904904465087,160.08482059641892,0.7087819650067294
SN2008A22502,Kaffrine,Kaffrine,Maïs,Principale,1978,6,1978,11,None,0,149.90140452240036,187.36725619770752,1.249936628643853
SN2008A22502,Kaffrine,Kaffrine,Maïs,Principale,1979,6,1979,11,None,0,179.19772464578963,34.65401290860054,0.193384223918575
SN2008A22502,Kaffrine,Kaffrine,Maïs,Principale,1980,6,1980,11,None,0,503.01515667111175,360.3713359925082,0.716422420305182
SN2008A22502,Kaffrine,Kaffrine,Maïs,Principale,1981,6,1981,11,None,0,289.3914060437519,491.9577907101439,1.6999737394957983
SN2008A22502,Kaffrine,Kaffrine,Maïs,Principale,1986,6,1986,11,None,0,317.43379806847463,355.0516410284687,1.1185061048599474
SN2008A22502,Kaffrine,Kaffrine,Maïs,Principale,1987,6,1987,11,None,0,669.9775828996104,1006.2962980904256,1.501985027223231
SN2008A22502,Kaffrine,Kaffrine,Maïs,Principale,1988,6,1988,11,None,0,773.7876303407252,873.7598978434971,1.1291985857395404
SN2008A22502,Kaffrine,Kaffrine,Maïs,Principale,1989,6,1989,11,None,0,649.8007398574317,1225.999700105259,1.8867317700719253
SN2008A22502,Kaffrine,Kaffrine,Mil,Principale,1960,6,1960,11,None,0,19702.30185528861,16120.751143737416,0.8182166359110059
SN2008A22502,Kaffrine,Kaffrine,Mil,Principale,1961,6,1961,11,None,0,20236.687605968247,10118.343802984124,0.5
SN2008A22502,Kaffrine,Kaffrine,Mil,Principale,1962,6,1962,11,None,0,21780.163779304807,13068.098267582884,0.6
SN2008A22502,Kaffrine,Kaffrine,Mil,Principale,1963,6,1963,11,None,0,24181.12671560613,12392.398698366656,0.512482269503546
SN2008A22502,Kaffrine,Kaffrine,Mil,Principale,1964,6,1964,11,None,0,24867.11612597793,16163.625481885654,0.65
SN2008A22502,Kaffrine,Kaffrine,Mil,Principale,1965,6,1965,11,None,0,27439.5764148722,17835.724669666928,0.65
SN2008A22502,Kaffrine,Kaffrine,Mil,Principale,1966,6,1966,11,None,0,29840.53935117352,16395.146907886137,0.5494252873563218
SN2008A22502,Kaffrine,Kaffrine,Mil,Principale,1967,6,1967,11,None,0,32653.09593369791,19344.9013724849,0.5924369747899161
SN2008A22502,Kaffrine,Kaffrine,Mil,Principale,1968,6,1968,11,None,0,31006.721348805582,15415.897024580388,0.4971792035398231
SN2008A22502,Kaffrine,Kaffrine,Mil,Principale,1969,6,1969,11,None,0,18830.409314706045,15223.819989676282,0.8084699453551913
SN2008A22502,Kaffrine,Kaffrine,Mil,Principale,1970,6,1970,11,None,0,17664.22731707398,9216.2677283452,0.521747572815534
SN2008A22502,Kaffrine,Kaffrine,Mil,Principale,1971,6,1971,11,None,0,21540.06748567468,13817.54169841408,0.6414808917197452
SN2008A22502,Kaffrine,Kaffrine,Mil,Principale,1972,6,1972,11,None,0,21414.18842887145,11586.361141179785,0.5410600163375138
SN2008A22502,Kaffrine,Kaffrine,Mil,Principale,1973,6,1973,11,None,0,29720.491204358448,12294.302212683488,0.413664166185805
SN2008A22502,Kaffrine,Kaffrine,Mil,Principale,1974,6,1974,11,None,0,11773.293255506102,11402.51597920014,0.9685069191551346
SN2008A22502,Kaffrine,Kaffrine,Mil,Principale,1975,6,1975,11,None,0,29205.9991465796,19468.379466351824,0.6665883734586024
SN2008A22502,Kaffrine,Kaffrine,Mil,Principale,1976,6,1976,11,None,0,25936.23062204239,19893.006911371973,0.7669968393350701
SN2008A22502,Kaffrine,Kaffrine,Mil,Principale,1977,6,1977,11,None,0,31113.735696823584,15114.404678721978,0.4857791692389099
SN2008A22502,Kaffrine,Kaffrine,Mil,Principale,1978,6,1978,11,None,0,33336.341386428234,31669.387119224742,0.9499958844349328
SN2008A22502,Kaffrine,Kaffrine,Mil,Principale,1979,6,1979,11,None,0,36715.18222721456,21479.700417561955,0.5850359201442411
SN2008A22502,Kaffrine,Kaffrine,Mil,Principale,1980,6,1980,11,None,0,45893.37754328412,28080.290524159464,0.6118593145094992
SN2008A22502,Kaffrine,Kaffrine,Mil,Principale,1981,6,1981,11,None,0,57317.84518361616,67464.65754713072,1.1770271078930046
SN2008A22502,Kaffrine,Kaffrine,Mil,Principale,1986,6,1986,11,None,0,42466.17444906659,33405.62631687579,0.7866408206122284
SN2008A22502,Kaffrine,Kaffrine,Mil,Principale,1987,6,1987,11,None,0,51279.08040411316,42163.65311909262,0.8222388698630136
SN2008A22502,Kaffrine,Kaffrine,Mil,Principale,1988,6,1988,11,None,0,51308.57794875915,37854.95363254731,0.7377899592218731
SN2008A22502,Kaffrine,Kaffrine,Mil,Principale,1989,6,1989,11,None,0,57490.71451502986,46875.714378936544,0.8153614853174554
SN2008A22502,Kaffrine,Kaffrine,Riz,Principale,1971,6,1971,11,None,0,49.53133130975805,43.20433643442399,0.8722627737226277
SN2008A22502,Kaffrine,Kaffrine,Riz,Principale,1973,6,1973,11,None,0,25.30797950133623,32.538830787432296,1.2857142857142856
SN2008A22502,Kaffrine,Kaffrine,Riz,Principale,1977,6,1977,11,None,0,6.146223593181656,1.2653989750668115,0.2058823529411765
SN2008A22502,Kaffrine,Kaffrine,Riz,Principale,1978,6,1978,11,None,0,2.530797950133623,1.8077128215240168,0.7142857142857144
SN2008A22502,Kaffrine,Kaffrine,Sorgho,Principale,1986,6,1986,11,None,0,5614.213693557906,5382.493790176758,0.9587262053015478
SN2008A22502,Kaffrine,Kaffrine,Sorgho,Principale,1987,6,1987,11,None,0,4457.944692921803,5510.672185006847,1.2361463778939508
SN2008A22502,Kaffrine,Kaffrine,Sorgho,Principale,1988,6,1988,11,None,0,3615.962457791165,3229.09675703126,0.8930116932142529
SN2008A22502,Kaffrine,Kaffrine,Sorgho,Principale,1989,6,1989,11,None,0,8135.832297306206,9990.257386146715,1.227933052338667
SN2008A22503,Kaffrine,Koungheul,Niébé,Principale,1963,6,1963,11,None,0,36.54677735273085,11.92579050457533,0.3263157894736842
SN2008A22503,Kaffrine,Koungheul,Niébé,Principale,1964,6,1964,11,None,0,36.54677735273085,11.92579050457533,0.3263157894736842
SN2008A22503,Kaffrine,Koungheul,Niébé,Principale,1965,6,1965,11,None,0,25.646861300162,8.976401455056699,0.3499999999999999
SN2008A22503,Kaffrine,Koungheul,Niébé,Principale,1966,6,1966,11,None,0,35.26443428772275,12.086083387701342,0.3427272727272727
SN2008A22503,Kaffrine,Koungheul,Niébé,Principale,1967,6,1967,11,None,0,39.7526350152511,11.92579050457533,0.3
SN2008A22503,Kaffrine,Koungheul,Niébé,Principale,1968,6,1968,11,None,0,39.11146348274705,11.733439044824117,0.3
SN2008A22503,Kaffrine,Koungheul,Niébé,Principale,1969,6,1969,11,None,0,36.226191586478826,8.944342878431497,0.2469026548672566
SN2008A22503,Kaffrine,Koungheul,Niébé,Principale,1970,6,1970,11,None,0,39.11146348274705,2.7890961663926173,0.071311475409836
SN2008A22503,Kaffrine,Koungheul,Niébé,Principale,1971,6,1971,11,None,0,40.07322078150312,12.021966234450938,0.3
SN2008A22503,Kaffrine,Koungheul,Niébé,Principale,1972,6,1972,11,None,0,2.500568976765795,1.02587445200648,0.4102564102564103
SN2008A22503,Kaffrine,Koungheul,Niébé,Principale,1973,6,1973,11,None,1,2.5646861300162,3.8470291950243,1.5
SN2008A22503,Kaffrine,Koungheul,Niébé,Principale,1977,6,1977,11,None,0,5.77054379253645,0.64117153250405,0.1111111111111111
SN2008A22503,Kaffrine,Koungheul,Niébé,Principale,1978,6,1978,11,None,0,3.33409196902106,0.51293722600324,0.1538461538461538
SN2008A22503,Kaffrine,Koungheul,Niébé,Principale,1979,6,1979,11,None,0,6.92465255104374,3.398209122271465,0.4907407407407407
SN2008A22503,Kaffrine,Koungheul,Niébé,Principale,1981,6,1981,11,None,0,40.84262662050799,18.33750582961583,0.4489795918367346
SN2008A22503,Kaffrine,Koungheul,Niébé,Principale,1986,6,1986,11,None,0,123.74610577328164,89.18696017131336,0.7207253886010363
SN2008A22503,Kaffrine,Koungheul,Niébé,Principale,1987,6,1987,11,None,0,2.5646861300162,0.8335229922552649,0.3249999999999999
SN2008A22503,Kaffrine,Koungheul,Niébé,Principale,1988,6,1988,11,None,0,80.27467586950706,23.59511239614904,0.2939297124600639
SN2008A22503,Kaffrine,Koungheul,Niébé,Principale,1989,6,1989,11,None,0,16.991045611357325,5.449958026284425,0.320754716981132
SN2008A22503,Kaffrine,Koungheul,Arachide (en coque),Principale,1960,6,1960,11,None,0,40724.03093510738,38687.77297450077,0.9499986147282096
SN2008A22503,Kaffrine,Koungheul,Arachide (en coque),Principale,1961,6,1961,11,None,0,47951.77355632691,45272.11562229688,0.9441176470588236
SN2008A22503,Kaffrine,Koungheul,Arachide (en coque),Principale,1962,6,1962,11,None,0,48530.015531564975,42816.702746956726,0.8822725951758209
SN2008A22503,Kaffrine,Koungheul,Arachide (en coque),Principale,1963,6,1963,11,None,0,47669.704300113226,41125.69755595567,0.8627218934911242
SN2008A22503,Kaffrine,Koungheul,Arachide (en coque),Principale,1964,6,1964,11,None,0,44718.695741605625,42532.65900594954,0.9511158208126758
SN2008A22503,Kaffrine,Koungheul,Arachide (en coque),Principale,1965,6,1965,11,None,0,45695.21950661741,52634.12320947413,1.151851851851852
SN2008A22503,Kaffrine,Koungheul,Arachide (en coque),Principale,1966,6,1966,11,None,0,44318.721536294615,50593.91627928053,1.1415924134419553
SN2008A22503,Kaffrine,Koungheul,Arachide (en coque),Principale,1967,6,1967,11,None,0,47689.44914804818,41482.233095809774,0.8698408943041345
SN2008A22503,Kaffrine,Koungheul,Arachide (en coque),Principale,1968,6,1968,11,None,0,47387.635043899536,37611.11462353312,0.7936904761904762
SN2008A22503,Kaffrine,Koungheul,Arachide (en coque),Principale,1969,6,1969,11,None,0,36781.83101026488,38643.488101275216,1.0506134969325152
SN2008A22503,Kaffrine,Koungheul,Arachide (en coque),Principale,1970,6,1970,11,None,0,40194.8690104505,26224.542888698976,0.6524350877192983
SN2008A22503,Kaffrine,Koungheul,Arachide (en coque),Principale,1971,6,1971,11,None,0,46279.38493623596,43944.41563329905,0.94954623303326
SN2008A22503,Kaffrine,Koungheul,Arachide (en coque),Principale,1972,6,1972,11,None,0,46090.96267308522,38497.37622655653,0.8352478228673892
SN2008A22503,Kaffrine,Koungheul,Arachide (en coque),Principale,1973,6,1973,11,None,0,45779.84028348152,21297.921259670704,0.4652248921749845
SN2008A22503,Kaffrine,Koungheul,Arachide (en coque),Principale,1974,6,1974,11,None,0,44538.73555614129,41617.90840804856,0.9344205193160228
SN2008A22503,Kaffrine,Koungheul,Arachide (en coque),Principale,1975,6,1975,11,None,0,50369.38915133443,61111.150566464086,1.2132597118233084
SN2008A22503,Kaffrine,Koungheul,Arachide (en coque),Principale,1976,6,1976,11,None,0,62402.74569066656,63885.01963206949,1.023753344904896
SN2008A22503,Kaffrine,Koungheul,Arachide (en coque),Principale,1977,6,1977,11,None,0,52436.11059161212,25519.933886677183,0.4866862472969047
SN2008A22503,Kaffrine,Koungheul,Arachide (en coque),Principale,1978,6,1978,11,None,0,48875.26830117053,39100.15822708518,0.7999988457587405
SN2008A22503,Kaffrine,Koungheul,Arachide (en coque),Principale,1979,6,1979,11,None,0,40290.77255756315,27510.21455852097,0.6827919350322041
SN2008A22503,Kaffrine,Koungheul,Arachide (en coque),Principale,1980,6,1980,11,None,0,38777.188928720505,27970.26951540549,0.7213073017443299
SN2008A22503,Kaffrine,Koungheul,Arachide (en coque),Principale,1981,6,1981,11,None,0,42475.96308545059,32703.9557731836,0.7699403002915259
SN2008A22503,Kaffrine,Koungheul,Arachide (en coque),Principale,1986,6,1986,11,None,0,44773.699246567296,50091.26886470774,1.1187654740980135
SN2008A22503,Kaffrine,Koungheul,Arachide (en coque),Principale,1987,6,1987,11,None,0,53291.90871496445,63603.232445112015,1.193487604005674
SN2008A22503,Kaffrine,Koungheul,Arachide (en coque),Principale,1988,6,1988,11,None,0,54931.57730133462,53823.60926292725,0.979830034147218
SN2008A22503,Kaffrine,Koungheul,Arachide (en coque),Principale,1989,6,1989,11,None,0,34086.65926714309,36722.59646646,1.077330464644793
SN2008A22503,Kaffrine,Koungheul,Maïs,Principale,1960,6,1960,11,None,0,211.06688110464555,184.68352096656488,0.8750000000000001
SN2008A22503,Kaffrine,Koungheul,Maïs,Principale,1961,6,1961,11,None,0,232.1735692151101,211.06688110464555,0.9090909090909092
SN2008A22503,Kaffrine,Koungheul,Maïs,Principale,1962,6,1962,11,None,0,234.8119052289182,211.06688110464555,0.8988764044943819
SN2008A22503,Kaffrine,Koungheul,Maïs,Principale,1963,6,1963,11,None,0,224.258561173686,179.40684893894874,0.7999999999999999
SN2008A22503,Kaffrine,Koungheul,Maïs,Principale,1964,6,1964,11,None,0,211.06688110464555,168.85350488371645,0.8
SN2008A22503,Kaffrine,Koungheul,Maïs,Principale,1965,6,1965,11,None,0,158.3001608284842,126.64012866278736,0.8
SN2008A22503,Kaffrine,Koungheul,Maïs,Principale,1966,6,1966,11,None,0,73.87340838662595,35.88136978778975,0.4857142857142857
SN2008A22503,Kaffrine,Koungheul,Maïs,Principale,1967,6,1967,11,None,0,97.6184325108986,73.08190758248352,0.7486486486486484
SN2008A22503,Kaffrine,Koungheul,Maïs,Principale,1968,6,1968,11,None,0,59.362560310681566,40.63037461264428,0.6844444444444445
SN2008A22503,Kaffrine,Koungheul,Maïs,Principale,1969,6,1969,11,None,0,49.86455066097252,38.25587220021701,0.7671957671957672
SN2008A22503,Kaffrine,Koungheul,Maïs,Principale,1970,6,1970,11,None,0,42.21337622092911,23.74502412427263,0.5625
SN2008A22503,Kaffrine,Koungheul,Maïs,Principale,1971,6,1971,11,None,0,51.44755226925736,39.31120660574024,0.7641025641025642
SN2008A22503,Kaffrine,Koungheul,Maïs,Principale,1972,6,1972,11,None,0,48.80921625544929,29.813196956031188,0.6108108108108108
SN2008A22503,Kaffrine,Koungheul,Maïs,Principale,1973,6,1973,11,None,0,46.17088024164122,67.8052355548674,1.4685714285714286
SN2008A22503,Kaffrine,Koungheul,Maïs,Principale,1974,6,1974,11,None,0,50.91988506649575,74.40107558938756,1.4611398963730569
SN2008A22503,Kaffrine,Koungheul,Maïs,Principale,1975,6,1975,11,None,0,27.702528144984733,55.405056289969465,2.0
SN2008A22503,Kaffrine,Koungheul,Maïs,Principale,1976,6,1976,11,None,0,167.0066696740508,186.37205601540205,1.115955766192733
SN2008A22503,Kaffrine,Koungheul,Maïs,Principale,1977,6,1977,11,None,0,156.82269266075167,111.15309626173398,0.7087819650067294
SN2008A22503,Kaffrine,Koungheul,Maïs,Principale,1978,6,1978,11,None,0,104.08235574472836,130.09634884087592,1.249936628643853
SN2008A22503,Kaffrine,Koungheul,Maïs,Principale,1979,6,1979,11,None,0,124.42392641118856,24.0616244459296,0.193384223918575
SN2008A22503,Kaffrine,Koungheul,Maïs,Principale,1980,6,1980,11,None,0,349.26292150791227,250.21978754955737,0.7164224203051821
SN2008A22503,Kaffrine,Koungheul,Maïs,Principale,1981,6,1981,11,None,0,200.9356708116226,341.5853637077308,1.699973739495798
SN2008A22503,Kaffrine,Koungheul,Maïs,Principale,1986,6,1986,11,None,0,220.4065905935261,246.52611713022603,1.1185061048599474
SN2008A22503,Kaffrine,Koungheul,Maïs,Principale,1987,6,1987,11,None,0,465.19140595463887,698.7105265367911,1.5019850272232305
SN2008A22503,Kaffrine,Koungheul,Maïs,Principale,1988,6,1988,11,None,0,537.2707458518753,606.6853663751656,1.1291985857395404
SN2008A22503,Kaffrine,Koungheul,Maïs,Principale,1989,6,1989,11,None,0,451.181841721318,851.2591148551737,1.8867317700719253
SN2008A22503,Kaffrine,Koungheul,Mil,Principale,1960,6,1960,11,None,0,16411.06172139819,13427.803713410309,0.8182166359110059
SN2008A22503,Kaffrine,Koungheul,Mil,Principale,1961,6,1961,11,None,0,16856.179129600172,8428.089564800086,0.5
SN2008A22503,Kaffrine,Koungheul,Mil,Principale,1962,6,1962,11,None,0,18141.819910671373,10885.091946402825,0.6000000000000001
SN2008A22503,Kaffrine,Koungheul,Mil,Principale,1963,6,1963,11,None,0,20141.70557011546,10322.266982244988,0.5124822695035461
SN2008A22503,Kaffrine,Koungheul,Mil,Principale,1964,6,1964,11,None,0,20713.10147281377,13463.515957328951,0.6499999999999999
SN2008A22503,Kaffrine,Koungheul,Mil,Principale,1965,6,1965,11,None,0,22855.83610793244,14856.293470156086,0.65
SN2008A22503,Kaffrine,Koungheul,Mil,Principale,1966,6,1966,11,None,0,24855.721767376526,13656.362074489633,0.5494252873563219
SN2008A22503,Kaffrine,Koungheul,Mil,Principale,1967,6,1967,11,None,0,27198.4449684396,16113.36445609237,0.5924369747899161
SN2008A22503,Kaffrine,Koungheul,Mil,Principale,1968,6,1968,11,None,0,25827.094801963656,12840.694423387791,0.4971792035398229
SN2008A22503,Kaffrine,Koungheul,Mil,Principale,1969,6,1969,11,None,0,15684.817529068636,12680.703570632266,0.8084699453551912
SN2008A22503,Kaffrine,Koungheul,Mil,Principale,1970,6,1970,11,None,0,14713.444494481508,7676.703952751808,0.521747572815534
SN2008A22503,Kaffrine,Koungheul,Mil,Principale,1971,6,1971,11,None,0,17941.831344726965,11509.34197010073,0.6414808917197453
SN2008A22503,Kaffrine,Koungheul,Mil,Principale,1972,6,1972,11,None,0,17836.980196581826,9650.876796574472,0.5410600163375138
SN2008A22503,Kaffrine,Koungheul,Mil,Principale,1973,6,1973,11,None,0,24755.727484404324,10240.557368159129,0.4136641661858049
SN2008A22503,Kaffrine,Koungheul,Mil,Principale,1974,6,1974,11,None,0,9806.582180059762,9497.742694651324,0.9685069191551346
SN2008A22503,Kaffrine,Koungheul,Mil,Principale,1975,6,1975,11,None,0,24327.18055738059,16216.215718578063,0.6665883734586023
SN2008A22503,Kaffrine,Koungheul,Mil,Principale,1976,6,1976,11,None,0,21603.62198716909,16569.90978234832,0.7669968393350701
SN2008A22503,Kaffrine,Koungheul,Mil,Principale,1977,6,1977,11,None,0,25916.2325627846,12589.565924151886,0.4857791692389099
SN2008A22503,Kaffrine,Koungheul,Mil,Principale,1978,6,1978,11,None,0,27767.55528752712,26379.063243970224,0.9499958844349328
SN2008A22503,Kaffrine,Koungheul,Mil,Principale,1979,6,1979,11,None,0,30581.96580626765,17891.548505289513,0.5850359201442411
SN2008A22503,Kaffrine,Koungheul,Mil,Principale,1980,6,1980,11,None,0,38226.9572864197,23389.51988105266,0.611859314509499
SN2008A22503,Kaffrine,Koungheul,Mil,Principale,1981,6,1981,11,None,0,47742.984649957376,56194.78714471944,1.1770271078930046
SN2008A22503,Kaffrine,Koungheul,Mil,Principale,1986,6,1986,11,None,0,35372.26335653894,27825.26627369965,0.7866408206122284
SN2008A22503,Kaffrine,Koungheul,Mil,Principale,1987,6,1987,11,None,0,42712.98651850414,35120.27776344898,0.8222388698630136
SN2008A22503,Kaffrine,Koungheul,Mil,Principale,1988,6,1988,11,None,0,42737.55654232017,31531.340098600893,0.7377899592218731
SN2008A22503,Kaffrine,Koungheul,Mil,Principale,1989,6,1989,11,None,0,47886.97641743735,39045.196219083686,0.8153614853174556
SN2008A22503,Kaffrine,Koungheul,Riz,Principale,1971,6,1971,11,None,0,122.4038315444408,106.7683056172312,0.8722627737226277
SN2008A22503,Kaffrine,Koungheul,Riz,Principale,1973,6,1973,11,None,0,62.54210370883837,80.4112761970779,1.2857142857142856
SN2008A22503,Kaffrine,Koungheul,Riz,Principale,1977,6,1977,11,None,0,15.188796615003604,3.127105185441918,0.2058823529411764
SN2008A22503,Kaffrine,Koungheul,Riz,Principale,1978,6,1978,11,None,0,6.254210370883836,4.467293122059884,0.7142857142857144
SN2008A22503,Kaffrine,Koungheul,Sorgho,Principale,1986,6,1986,11,None,0,5948.54052734096,5703.021686860066,0.9587262053015478
SN2008A22503,Kaffrine,Koungheul,Sorgho,Principale,1987,6,1987,11,None,0,4723.415623619489,5838.833114424929,1.2361463778939508
SN2008A22503,Kaffrine,Koungheul,Sorgho,Principale,1988,6,1988,11,None,0,3831.293285147967,3421.389703770383,0.8930116932142529
SN2008A22503,Kaffrine,Koungheul,Sorgho,Principale,1989,6,1989,11,None,0,8620.321702344247,10585.177940100824,1.227933052338667
SN2008A22504,Kaffrine,Malem Hoddar,Niébé,Principale,1963,6,1963,11,None,0,91.21879427983735,29.76613287026272,0.3263157894736843
SN2008A22504,Kaffrine,Malem Hoddar,Niébé,Principale,1964,6,1964,11,None,0,91.21879427983735,29.76613287026272,0.3263157894736843
SN2008A22504,Kaffrine,Malem Hoddar,Niébé,Principale,1965,6,1965,11,None,0,64.01318896830692,22.40461613890742,0.35
SN2008A22504,Kaffrine,Malem Hoddar,Niébé,Principale,1966,6,1966,11,None,0,88.01813483142202,30.16621530131464,0.3427272727272727
SN2008A22504,Kaffrine,Malem Hoddar,Niébé,Principale,1967,6,1967,11,None,0,99.22044290087572,29.76613287026272,0.3
SN2008A22504,Kaffrine,Malem Hoddar,Niébé,Principale,1968,6,1968,11,None,0,97.62011317666806,29.286033953000416,0.3
SN2008A22504,Kaffrine,Malem Hoddar,Niébé,Principale,1969,6,1969,11,None,0,90.41862941773353,22.32459965269704,0.2469026548672566
SN2008A22504,Kaffrine,Malem Hoddar,Niébé,Principale,1970,6,1970,11,None,0,97.62011317666806,6.961434300303377,0.071311475409836
SN2008A22504,Kaffrine,Malem Hoddar,Niébé,Principale,1971,6,1971,11,None,0,100.02060776297957,30.00618232889387,0.3
SN2008A22504,Kaffrine,Malem Hoddar,Niébé,Principale,1972,6,1972,11,None,0,6.241285924409925,2.560527558732277,0.4102564102564102
SN2008A22504,Kaffrine,Malem Hoddar,Niébé,Principale,1973,6,1973,11,None,1,6.401318896830692,9.60197834524604,1.5000000000000004
SN2008A22504,Kaffrine,Malem Hoddar,Niébé,Principale,1977,6,1977,11,None,0,14.402967517869058,1.600329724207673,0.1111111111111111
SN2008A22504,Kaffrine,Malem Hoddar,Niébé,Principale,1978,6,1978,11,None,0,8.3217145658799,1.2802637793661384,0.1538461538461538
SN2008A22504,Kaffrine,Malem Hoddar,Niébé,Principale,1979,6,1979,11,None,0,17.283561021442868,8.481747538300667,0.4907407407407407
SN2008A22504,Kaffrine,Malem Hoddar,Niébé,Principale,1981,6,1981,11,None,0,101.94100343202878,45.76943011233945,0.4489795918367347
SN2008A22504,Kaffrine,Malem Hoddar,Niébé,Principale,1986,6,1986,11,None,0,308.8636367720809,222.6058646372873,0.7207253886010363
SN2008A22504,Kaffrine,Malem Hoddar,Niébé,Principale,1987,6,1987,11,None,0,6.401318896830692,2.080428641469975,0.3249999999999999
SN2008A22504,Kaffrine,Malem Hoddar,Niébé,Principale,1988,6,1988,11,None,0,200.36128147080063,58.89213385084237,0.2939297124600639
SN2008A22504,Kaffrine,Malem Hoddar,Niébé,Principale,1989,6,1989,11,None,0,42.40873769150333,13.60280265576522,0.320754716981132
SN2008A22504,Kaffrine,Malem Hoddar,Arachide (en coque),Principale,1960,6,1960,11,None,0,37872.174914654366,35978.513705666104,0.9499986147282098
SN2008A22504,Kaffrine,Malem Hoddar,Arachide (en coque),Principale,1961,6,1961,11,None,0,44593.767215404514,42101.76257689662,0.9441176470588236
SN2008A22504,Kaffrine,Malem Hoddar,Arachide (en coque),Principale,1962,6,1962,11,None,0,45131.51558476675,39818.29937919017,0.882272595175821
SN2008A22504,Kaffrine,Malem Hoddar,Arachide (en coque),Principale,1963,6,1963,11,None,0,44331.45093766684,38245.71329415282,0.8627218934911244
SN2008A22504,Kaffrine,Malem Hoddar,Arachide (en coque),Principale,1964,6,1964,11,None,0,41587.0980399753,39554.14688750833,0.9511158208126758
SN2008A22504,Kaffrine,Malem Hoddar,Arachide (en coque),Principale,1965,6,1965,11,None,0,42495.23699350313,48948.2174258499,1.1518518518518517
SN2008A22504,Kaffrine,Malem Hoddar,Arachide (en coque),Principale,1966,6,1966,11,None,0,41215.13355814328,47050.8837889733,1.1415924134419553
SN2008A22504,Kaffrine,Malem Hoddar,Arachide (en coque),Principale,1967,6,1967,11,None,0,44349.81307710848,38577.28106921323,0.8698408943041342
SN2008A22504,Kaffrine,Malem Hoddar,Arachide (en coque),Principale,1968,6,1968,11,None,0,44069.13465992917,34977.252473541404,0.7936904761904762
SN2008A22504,Kaffrine,Malem Hoddar,Arachide (en coque),Principale,1969,6,1969,11,None,0,34206.04261699264,35937.33005006129,1.0506134969325154
SN2008A22504,Kaffrine,Malem Hoddar,Arachide (en coque),Principale,1970,6,1970,11,None,0,37380.069577618495,24388.06897382699,0.6524350877192981
SN2008A22504,Kaffrine,Malem Hoddar,Arachide (en coque),Principale,1971,6,1971,11,None,0,43038.49400469785,40867.03985758539,0.94954623303326
SN2008A22504,Kaffrine,Malem Hoddar,Arachide (en coque),Principale,1972,6,1972,11,None,0,42863.26673116908,35801.450218193175,0.8352478228673893
SN2008A22504,Kaffrine,Malem Hoddar,Arachide (en coque),Principale,1973,6,1973,11,None,0,42573.931876824434,19806.452866860785,0.4652248921749846
SN2008A22504,Kaffrine,Malem Hoddar,Arachide (en coque),Principale,1974,6,1974,11,None,0,41419.74025477867,38703.45519880506,0.9344205193160228
SN2008A22504,Kaffrine,Malem Hoddar,Arachide (en coque),Principale,1975,6,1975,11,None,0,46842.08003189412,56831.6085207002,1.2132597118233084
SN2008A22504,Kaffrine,Malem Hoddar,Arachide (en coque),Principale,1976,6,1976,11,None,0,58032.75475646101,59411.226795972485,1.023753344904896
SN2008A22504,Kaffrine,Malem Hoddar,Arachide (en coque),Principale,1977,6,1977,11,None,0,48764.071398878055,23732.802912038285,0.4866862472969047
SN2008A22504,Kaffrine,Malem Hoddar,Arachide (en coque),Principale,1978,6,1978,11,None,0,45452.59070871766,36362.02010371858,0.7999988457587406
SN2008A22504,Kaffrine,Malem Hoddar,Arachide (en coque),Principale,1979,6,1979,11,None,0,37469.2571120493,25583.70656775531,0.6827919350322039
SN2008A22504,Kaffrine,Malem Hoddar,Arachide (en coque),Principale,1980,6,1980,11,None,0,36061.66796570895,26011.54441674545,0.7213073017443298
SN2008A22504,Kaffrine,Malem Hoddar,Arachide (en coque),Principale,1981,6,1981,11,None,0,39501.42131568306,30413.73618973909,0.7699403002915258
SN2008A22504,Kaffrine,Malem Hoddar,Arachide (en coque),Principale,1986,6,1986,11,None,0,41638.24971413415,46583.43618204477,1.1187654740980135
SN2008A22504,Kaffrine,Malem Hoddar,Arachide (en coque),Principale,1987,6,1987,11,None,0,49559.93898553416,59149.17283451255,1.193487604005674
SN2008A22504,Kaffrine,Malem Hoddar,Arachide (en coque),Principale,1988,6,1988,11,None,0,51084.78350802325,50054.40516906967,0.979830034147218
SN2008A22504,Kaffrine,Malem Hoddar,Arachide (en coque),Principale,1989,6,1989,11,None,0,31699.61058320917,34150.95619866773,1.0773304646447928
SN2008A22504,Kaffrine,Malem Hoddar,Maïs,Principale,1960,6,1960,11,None,0,143.15044661460772,125.25664078778176,0.8750000000000001
SN2008A22504,Kaffrine,Malem Hoddar,Maïs,Principale,1961,6,1961,11,None,0,157.4654912760685,143.15044661460772,0.9090909090909092
SN2008A22504,Kaffrine,Malem Hoddar,Maïs,Principale,1962,6,1962,11,None,0,159.25487185875107,143.15044661460772,0.8988764044943821
SN2008A22504,Kaffrine,Malem Hoddar,Maïs,Principale,1963,6,1963,11,None,0,152.09734952802071,121.67787962241655,0.7999999999999999
SN2008A22504,Kaffrine,Malem Hoddar,Maïs,Principale,1964,6,1964,11,None,0,143.15044661460772,114.52035729168615,0.7999999999999998
SN2008A22504,Kaffrine,Malem Hoddar,Maïs,Principale,1965,6,1965,11,None,0,107.3628349609558,85.89026796876463,0.7999999999999999
SN2008A22504,Kaffrine,Malem Hoddar,Maïs,Principale,1966,6,1966,11,None,0,50.102656315112704,24.33557592448331,0.4857142857142857
SN2008A22504,Kaffrine,Malem Hoddar,Maïs,Principale,1967,6,1967,11,None,0,66.20708155925607,49.56584214030792,0.7486486486486487
SN2008A22504,Kaffrine,Malem Hoddar,Maïs,Principale,1968,6,1968,11,None,0,40.26106311035842,27.556460973311985,0.6844444444444444
SN2008A22504,Kaffrine,Malem Hoddar,Maïs,Principale,1969,6,1969,11,None,0,33.819293012701074,25.94601844889765,0.7671957671957672
SN2008A22504,Kaffrine,Malem Hoddar,Maïs,Principale,1970,6,1970,11,None,0,28.630089322921545,16.104425244143368,0.5625
SN2008A22504,Kaffrine,Malem Hoddar,Maïs,Principale,1971,6,1971,11,None,0,34.89292136231063,26.661770681970687,0.764102564102564
SN2008A22504,Kaffrine,Malem Hoddar,Maïs,Principale,1972,6,1972,11,None,0,33.103540779628034,20.22000058431334,0.6108108108108108
SN2008A22504,Kaffrine,Malem Hoddar,Maïs,Principale,1973,6,1973,11,None,0,31.31416019694544,45.98708097494273,1.4685714285714286
SN2008A22504,Kaffrine,Malem Hoddar,Maïs,Principale,1974,6,1974,11,None,0,34.535045245774114,50.46053243164922,1.4611398963730569
SN2008A22504,Kaffrine,Malem Hoddar,Maïs,Principale,1975,6,1975,11,None,0,18.788496118167263,37.576992236334526,2.0
SN2008A22504,Kaffrine,Malem Hoddar,Maïs,Principale,1976,6,1976,11,None,0,113.26779088380836,126.4018443606986,1.1159557661927328
SN2008A22504,Kaffrine,Malem Hoddar,Maïs,Principale,1977,6,1977,11,None,0,106.36078183465354,75.38660394841779,0.7087819650067294
SN2008A22504,Kaffrine,Malem Hoddar,Maïs,Principale,1978,6,1978,11,None,0,70.59106398682843,88.23435653207883,1.249936628643853
SN2008A22504,Kaffrine,Malem Hoddar,Maïs,Principale,1979,6,1979,11,None,0,84.38718827931126,16.31915091406528,0.193384223918575
SN2008A22504,Kaffrine,Malem Hoddar,Maïs,Principale,1980,6,1980,11,None,0,236.87820153552207,169.70485446161746,0.7164224203051821
SN2008A22504,Kaffrine,Malem Hoddar,Maïs,Principale,1981,6,1981,11,None,0,136.27922517710655,231.6711040399157,1.699973739495798
SN2008A22504,Kaffrine,Malem Hoddar,Maïs,Principale,1986,6,1986,11,None,0,149.48485387730412,167.1997216458618,1.1185061048599472
SN2008A22504,Kaffrine,Malem Hoddar,Maïs,Principale,1987,6,1987,11,None,0,315.50358433859543,473.88165971183207,1.5019850272232305
SN2008A22504,Kaffrine,Malem Hoddar,Maïs,Principale,1988,6,1988,11,None,0,364.389461857484,411.46806498786304,1.12919858573954
SN2008A22504,Kaffrine,Malem Hoddar,Maïs,Principale,1989,6,1989,11,None,0,306.0019734445508,577.3436450025398,1.886731770071926
SN2008A22504,Kaffrine,Malem Hoddar,Mil,Principale,1960,6,1960,11,None,0,9313.813357283252,7620.717032699294,0.8182166359110058
SN2008A22504,Kaffrine,Malem Hoddar,Mil,Principale,1961,6,1961,11,None,0,9566.432019771457,4783.216009885728,0.4999999999999999
SN2008A22504,Kaffrine,Malem Hoddar,Mil,Principale,1962,6,1962,11,None,0,10296.075139923514,6177.6450839541085,0.6
SN2008A22504,Kaffrine,Malem Hoddar,Mil,Principale,1963,6,1963,11,None,0,11431.07554904894,5858.223540243095,0.5124822695035461
SN2008A22504,Kaffrine,Malem Hoddar,Mil,Principale,1964,6,1964,11,None,0,11755.361380227634,7640.984897147962,0.65
SN2008A22504,Kaffrine,Malem Hoddar,Mil,Principale,1965,6,1965,11,None,0,12971.433247147734,8431.431610646028,0.6500000000000001
SN2008A22504,Kaffrine,Malem Hoddar,Mil,Principale,1966,6,1966,11,None,0,14106.43365627316,7750.431365170772,0.5494252873563219
SN2008A22504,Kaffrine,Malem Hoddar,Mil,Principale,1967,6,1967,11,None,0,15436.005564105804,9144.860439239152,0.5924369747899159
SN2008A22504,Kaffrine,Malem Hoddar,Mil,Principale,1968,6,1968,11,None,0,14657.71956927694,7287.513341163187,0.497179203539823
SN2008A22504,Kaffrine,Malem Hoddar,Mil,Principale,1969,6,1969,11,None,0,8901.646065855133,7196.713308433153,0.8084699453551912
SN2008A22504,Kaffrine,Malem Hoddar,Mil,Principale,1970,6,1970,11,None,0,8350.360152851354,4356.780141885745,0.521747572815534
SN2008A22504,Kaffrine,Malem Hoddar,Mil,Principale,1971,6,1971,11,None,0,10182.575099010972,6531.927354516831,0.6414808917197452
SN2008A22504,Kaffrine,Malem Hoddar,Mil,Principale,1972,6,1972,11,None,0,10123.068648989682,5477.187688608131,0.5410600163375138
SN2008A22504,Kaffrine,Malem Hoddar,Mil,Principale,1973,6,1973,11,None,0,14049.68363581689,5811.850666384543,0.413664166185805
SN2008A22504,Kaffrine,Malem Hoddar,Mil,Principale,1974,6,1974,11,None,0,5565.555577604325,5390.279085852241,0.9685069191551348
SN2008A22504,Kaffrine,Malem Hoddar,Mil,Principale,1975,6,1975,11,None,0,13806.469262432867,9203.231888851318,0.6665883734586027
SN2008A22504,Kaffrine,Malem Hoddar,Mil,Principale,1976,6,1976,11,None,0,12260.760848119628,9403.964818350929,0.7669968393350702
SN2008A22504,Kaffrine,Malem Hoddar,Mil,Principale,1977,6,1977,11,None,0,14708.308158940816,7144.989718360151,0.4857791692389099
SN2008A22504,Kaffrine,Malem Hoddar,Mil,Principale,1978,6,1978,11,None,0,15758.994251959784,14970.979682195555,0.9499958844349328
SN2008A22504,Kaffrine,Malem Hoddar,Mil,Principale,1979,6,1979,11,None,0,17356.264113430436,10154.037945867249,0.5850359201442412
SN2008A22504,Kaffrine,Malem Hoddar,Mil,Principale,1980,6,1980,11,None,0,21695.04639168577,13274.316213468634,0.6118593145094989
SN2008A22504,Kaffrine,Malem Hoddar,Mil,Principale,1981,6,1981,11,None,0,27095.702624135723,31892.376496015368,1.1770271078930046
SN2008A22504,Kaffrine,Malem Hoddar,Mil,Principale,1986,6,1986,11,None,0,20074.914379117017,15791.74712090883,0.7866408206122283
SN2008A22504,Kaffrine,Malem Hoddar,Mil,Principale,1987,6,1987,11,None,0,24241.014452269686,19931.90432756721,0.8222388698630136
SN2008A22504,Kaffrine,Malem Hoddar,Mil,Principale,1988,6,1988,11,None,0,24254.95874301037,17895.065021933835,0.7377899592218731
SN2008A22504,Kaffrine,Malem Hoddar,Mil,Principale,1989,6,1989,11,None,0,27177.42265359276,22159.42370193365,0.8153614853174556
SN2008A22504,Kaffrine,Malem Hoddar,Riz,Principale,1971,6,1971,11,None,0,51.260819936607525,44.712904981201454,0.8722627737226277
SN2008A22504,Kaffrine,Malem Hoddar,Riz,Principale,1973,6,1973,11,None,0,26.19165982162428,33.67499119923122,1.2857142857142858
SN2008A22504,Kaffrine,Malem Hoddar,Riz,Principale,1977,6,1977,11,None,0,6.360831670965897,1.309582991081214,0.2058823529411764
SN2008A22504,Kaffrine,Malem Hoddar,Riz,Principale,1978,6,1978,11,None,0,2.619165982162428,1.8708328444017344,0.7142857142857143
SN2008A22504,Kaffrine,Malem Hoddar,Sorgho,Principale,1986,6,1986,11,None,0,3615.788867300695,3466.551539918777,0.958726205301548
SN2008A22504,Kaffrine,Malem Hoddar,Sorgho,Principale,1987,6,1987,11,None,0,2871.10318052282,3549.103797163086,1.2361463778939508
SN2008A22504,Kaffrine,Malem Hoddar,Sorgho,Principale,1988,6,1988,11,None,0,2328.8313400790403,2079.673618214402,0.8930116932142531
SN2008A22504,Kaffrine,Malem Hoddar,Sorgho,Principale,1989,6,1989,11,None,0,5239.816909815993,6434.144371766113,1.227933052338667
SN2008A22601,Fatick,Fatick,Arachide (en coque),Principale,1960,6,1960,11,None,0,54100.0,42845.0,0.7919593345656192
SN2008A22601,Fatick,Fatick,Arachide (en coque),Principale,1961,6,1961,11,None,0,50000.0,35300.0,0.706
SN2008A22601,Fatick,Fatick,Arachide (en coque),Principale,1962,6,1962,11,None,0,50500.0,39035.0,0.772970297029703
SN2008A22601,Fatick,Fatick,Arachide (en coque),Principale,1963,6,1963,11,None,0,51000.0,39400.0,0.7725490196078432
SN2008A22601,Fatick,Fatick,Arachide (en coque),Principale,1964,6,1964,11,None,0,48721.0,42049.0,0.8630569980090721
SN2008A22601,Fatick,Fatick,Arachide (en coque),Principale,1965,6,1965,11,None,0,50000.0,45000.0,0.9
SN2008A22601,Fatick,Fatick,Arachide (en coque),Principale,1966,6,1966,11,None,0,50680.0,28982.0,0.5718626677190213
SN2008A22601,Fatick,Fatick,Arachide (en coque),Principale,1967,6,1967,11,None,0,51300.0,32964.0,0.6425730994152047
SN2008A22601,Fatick,Fatick,Arachide (en coque),Principale,1968,6,1968,11,None,0,48150.0,23750.0,0.4932502596053998
SN2008A22601,Fatick,Fatick,Arachide (en coque),Principale,1969,6,1969,11,None,0,30200.0,19000.0,0.6291390728476821
SN2008A22601,Fatick,Fatick,Arachide (en coque),Principale,1970,6,1970,11,None,0,46100.0,20705.0,0.4491323210412147
SN2008A22601,Fatick,Fatick,Arachide (en coque),Principale,1971,6,1971,11,None,0,53908.0,39726.0,0.7369221636862804
SN2008A22601,Fatick,Fatick,Arachide (en coque),Principale,1972,6,1972,11,None,0,32159.0,16944.0,0.5268820547902608
SN2008A22601,Fatick,Fatick,Arachide (en coque),Principale,1973,6,1973,11,None,0,55000.0,18307.0,0.3328545454545454
SN2008A22601,Fatick,Fatick,Arachide (en coque),Principale,1974,6,1974,11,None,0,40400.0,29805.0,0.7377475247524753
SN2008A22601,Fatick,Fatick,Arachide (en coque),Principale,1975,6,1975,11,None,0,60354.0,44538.0,0.7379461179043643
SN2008A22601,Fatick,Fatick,Arachide (en coque),Principale,1976,6,1976,11,None,0,72642.0,52064.0,0.716720354615787
SN2008A22601,Fatick,Fatick,Arachide (en coque),Principale,1977,6,1977,11,None,0,64557.0,25866.0,0.4006691760769552
SN2008A22601,Fatick,Fatick,Arachide (en coque),Principale,1978,6,1978,11,None,0,63929.0,35157.0,0.5499382127047193
SN2008A22601,Fatick,Fatick,Arachide (en coque),Principale,1979,6,1979,11,None,0,29668.0,20255.0,0.6827221248483214
SN2008A22601,Fatick,Fatick,Arachide (en coque),Principale,1980,6,1980,11,None,0,54623.0,15192.0,0.2781245995276715
SN2008A22601,Fatick,Fatick,Arachide (en coque),Principale,1981,6,1981,11,None,0,55882.0,28655.0,0.5127769228016177
SN2008A22601,Fatick,Fatick,Arachide (en coque),Principale,1986,6,1986,11,None,0,37160.0,38046.0,1.0238428417653391
SN2008A22601,Fatick,Fatick,Arachide (en coque),Principale,1987,6,1987,11,None,0,31974.0,37040.0,1.1584412335022205
SN2008A22601,Fatick,Fatick,Arachide (en coque),Principale,1988,6,1988,11,None,0,30949.0,18467.0,0.5966913308992213
SN2008A22601,Fatick,Fatick,Arachide (en coque),Principale,1989,6,1989,11,None,0,24428.0,28867.0,1.1817177009988538
SN2008A22601,Fatick,Fatick,Maïs,Principale,1962,6,1962,11,None,0,40.0,32.0,0.8
SN2008A22601,Fatick,Fatick,Maïs,Principale,1963,6,1963,11,None,0,70.0,56.0,0.8
SN2008A22601,Fatick,Fatick,Maïs,Principale,1965,6,1965,11,None,0,70.0,50.0,0.7142857142857143
SN2008A22601,Fatick,Fatick,Maïs,Principale,1966,6,1966,11,None,0,19.0,8.0,0.4210526315789473
SN2008A22601,Fatick,Fatick,Maïs,Principale,1967,6,1967,11,None,0,55.0,39.0,0.7090909090909091
SN2008A22601,Fatick,Fatick,Maïs,Principale,1968,6,1968,11,None,0,7.0,3.0,0.4285714285714285
SN2008A22601,Fatick,Fatick,Maïs,Principale,1969,6,1969,11,None,0,8.0,6.0,0.75
SN2008A22601,Fatick,Fatick,Maïs,Principale,1970,6,1970,11,None,0,5.0,2.0,0.4
SN2008A22601,Fatick,Fatick,Maïs,Principale,1971,6,1971,11,None,0,8.0,4.0,0.5
SN2008A22601,Fatick,Fatick,Maïs,Principale,1974,6,1974,11,None,0,21.0,17.0,0.8095238095238095
SN2008A22601,Fatick,Fatick,Maïs,Principale,1976,6,1976,11,None,0,78.0,58.0,0.7435897435897436
SN2008A22601,Fatick,Fatick,Maïs,Principale,1977,6,1977,11,None,0,14.0,11.0,0.7857142857142857
SN2008A22601,Fatick,Fatick,Maïs,Principale,1978,6,1978,11,None,0,13.0,14.0,1.0769230769230769
SN2008A22601,Fatick,Fatick,Maïs,Principale,1980,6,1980,11,None,0,197.0,,
SN2008A22601,Fatick,Fatick,Mil,Principale,1960,6,1960,11,None,0,59300.0,20220.0,0.3409780775716695
SN2008A22601,Fatick,Fatick,Mil,Principale,1961,6,1961,11,None,0,56700.0,28350.0,0.5
SN2008A22601,Fatick,Fatick,Mil,Principale,1962,6,1962,11,None,2,66300.0,33150.0,0.5
SN2008A22601,Fatick,Fatick,Mil,Principale,1963,6,1963,11,None,2,65600.0,32800.0,0.5
SN2008A22601,Fatick,Fatick,Mil,Principale,1964,6,1964,11,None,2,65600.0,32800.0,0.5
SN2008A22601,Fatick,Fatick,Mil,Principale,1965,6,1965,11,None,2,66000.0,33000.0,0.5
SN2008A22601,Fatick,Fatick,Mil,Principale,1966,6,1966,11,None,0,57000.0,22900.0,0.4017543859649123
SN2008A22601,Fatick,Fatick,Mil,Principale,1967,6,1967,11,None,0,67300.0,34100.0,0.5066864784546805
SN2008A22601,Fatick,Fatick,Mil,Principale,1968,6,1968,11,None,0,66950.0,25299.0,0.3778790141896938
SN2008A22601,Fatick,Fatick,Mil,Principale,1969,6,1969,11,None,0,68600.0,34832.0,0.5077551020408163
SN2008A22601,Fatick,Fatick,Mil,Principale,1970,6,1970,11,None,0,62000.0,26180.0,0.422258064516129
SN2008A22601,Fatick,Fatick,Mil,Principale,1971,6,1971,11,None,0,62500.0,25000.0,0.4
SN2008A22601,Fatick,Fatick,Mil,Principale,1972,6,1972,11,None,0,18800.0,6290.0,0.3345744680851064
SN2008A22601,Fatick,Fatick,Mil,Principale,1973,6,1973,11,None,0,55000.0,33700.0,0.6127272727272727
SN2008A22601,Fatick,Fatick,Mil,Principale,1974,6,1974,11,None,0,76300.0,56936.0,0.7462123197903014
SN2008A22601,Fatick,Fatick,Mil,Principale,1975,6,1975,11,None,0,62050.0,43310.0,0.6979854955680902
SN2008A22601,Fatick,Fatick,Mil,Principale,1976,6,1976,11,None,0,61621.0,39241.0,0.6368121257363561
SN2008A22601,Fatick,Fatick,Mil,Principale,1977,6,1977,11,None,0,78715.0,23231.0,0.2951279933938893
SN2008A22601,Fatick,Fatick,Mil,Principale,1978,6,1978,11,None,0,76291.0,49359.0,0.646983261459412
SN2008A22601,Fatick,Fatick,Mil,Principale,1979,6,1979,11,None,0,53600.0,21122.0,0.3940671641791045
SN2008A22601,Fatick,Fatick,Mil,Principale,1980,6,1980,11,None,0,64349.0,20991.0,0.3262055354395561
SN2008A22601,Fatick,Fatick,Mil,Principale,1981,6,1981,11,None,0,66390.0,46419.0,0.6991866244916403
SN2008A22601,Fatick,Fatick,Mil,Principale,1986,6,1986,11,None,0,41540.0,28230.0,0.6795859412614348
SN2008A22601,Fatick,Fatick,Mil,Principale,1987,6,1987,11,None,0,56017.0,32025.0,0.5717014477747826
SN2008A22601,Fatick,Fatick,Mil,Principale,1988,6,1988,11,None,0,48094.0,21595.0,0.4490165093358839
SN2008A22601,Fatick,Fatick,Mil,Principale,1989,6,1989,11,None,0,63277.0,48725.0,0.7700270240371699
SN2008A22601,Fatick,Fatick,Riz,Principale,1960,6,1960,11,None,0,4700.0,1130.0,0.2404255319148936
SN2008A22601,Fatick,Fatick,Riz,Principale,1961,6,1961,11,None,0,4500.0,1250.0,0.2777777777777778
SN2008A22601,Fatick,Fatick,Riz,Principale,1962,6,1962,11,None,0,4550.0,1715.0,0.3769230769230769
SN2008A22601,Fatick,Fatick,Riz,Principale,1963,6,1963,11,None,0,5150.0,2360.0,0.458252427184466
SN2008A22601,Fatick,Fatick,Riz,Principale,1964,6,1964,11,None,0,5350.0,2920.0,0.5457943925233645
SN2008A22601,Fatick,Fatick,Riz,Principale,1965,6,1965,11,None,0,4700.0,2820.0,0.6
SN2008A22601,Fatick,Fatick,Riz,Principale,1966,6,1966,11,None,0,4547.0,2961.0,0.6511985924785573
SN2008A22601,Fatick,Fatick,Riz,Principale,1967,6,1967,11,None,0,2405.0,1785.0,0.7422037422037422
SN2008A22601,Fatick,Fatick,Riz,Principale,1968,6,1968,11,None,0,2195.0,,
SN2008A22601,Fatick,Fatick,Riz,Principale,1969,6,1969,11,None,0,650.0,520.0,0.8
SN2008A22601,Fatick,Fatick,Riz,Principale,1970,6,1970,11,None,0,761.0,240.0,0.3153745072273324
SN2008A22601,Fatick,Fatick,Riz,Principale,1971,6,1971,11,None,0,1990.0,1592.0,0.8
SN2008A22601,Fatick,Fatick,Riz,Principale,1973,6,1973,11,None,0,1780.0,,
SN2008A22601,Fatick,Fatick,Riz,Principale,1974,6,1974,11,None,0,2350.0,2350.0,1.0
SN2008A22601,Fatick,Fatick,Riz,Principale,1977,6,1977,11,None,0,805.0,,
SN2008A22601,Fatick,Fatick,Riz,Principale,1978,6,1978,11,None,0,741.0,194.0,0.2618083670715249
SN2008A22601,Fatick,Fatick,Riz,Principale,1979,6,1979,11,None,0,434.0,210.0,0.4838709677419355
SN2008A22601,Fatick,Fatick,Riz,Principale,1980,6,1980,11,None,0,694.0,206.0,0.2968299711815562
SN2008A22601,Fatick,Fatick,Riz,Principale,1986,6,1986,11,None,0,200.0,440.0,2.2
SN2008A22601,Fatick,Fatick,Riz,Principale,1987,6,1987,11,None,0,244.0,584.0,2.39344262295082
SN2008A22601,Fatick,Fatick,Riz,Principale,1988,6,1988,11,None,0,101.0,140.0,1.386138613861386
SN2008A22601,Fatick,Fatick,Riz,Principale,1989,6,1989,11,None,0,112.0,281.0,2.508928571428572
SN2008A22601,Fatick,Fatick,Sorgho,Principale,1986,6,1986,11,None,0,1190.0,1154.0,0.969747899159664
SN2008A22601,Fatick,Fatick,Sorgho,Principale,1987,6,1987,11,None,0,662.0,569.0,0.8595166163141994
SN2008A22601,Fatick,Fatick,Sorgho,Principale,1988,6,1988,11,None,0,2245.0,1446.0,0.644097995545657
SN2008A22601,Fatick,Fatick,Sorgho,Principale,1989,6,1989,11,None,0,535.0,441.0,0.8242990654205608
SN2008A22602,Fatick,Foundiougne,Niébé,Principale,1962,6,1962,11,None,0,1200.0,300.0,0.25
SN2008A22602,Fatick,Foundiougne,Niébé,Principale,1963,6,1963,11,None,0,1200.0,300.0,0.25
SN2008A22602,Fatick,Foundiougne,Niébé,Principale,1964,6,1964,11,None,0,500.0,150.0,0.3
SN2008A22602,Fatick,Foundiougne,Niébé,Principale,1965,6,1965,11,None,0,440.0,132.0,0.3
SN2008A22602,Fatick,Foundiougne,Niébé,Principale,1966,6,1966,11,None,0,550.0,82.0,0.149090909090909
SN2008A22602,Fatick,Foundiougne,Niébé,Principale,1967,6,1967,11,None,0,1700.0,340.0,0.2
SN2008A22602,Fatick,Foundiougne,Niébé,Principale,1968,6,1968,11,None,1,200.0,378.0,1.89
SN2008A22602,Fatick,Foundiougne,Niébé,Principale,1969,6,1969,11,None,0,1900.0,380.0,0.2
SN2008A22602,Fatick,Foundiougne,Niébé,Principale,1970,6,1970,11,None,0,350.0,70.0,0.2
SN2008A22602,Fatick,Foundiougne,Niébé,Principale,1971,6,1971,11,None,0,700.0,280.0,0.4
SN2008A22602,Fatick,Foundiougne,Niébé,Principale,1972,6,1972,11,None,0,850.0,210.0,0.2470588235294117
SN2008A22602,Fatick,Foundiougne,Niébé,Principale,1973,6,1973,11,None,0,750.0,210.0,0.28
SN2008A22602,Fatick,Foundiougne,Niébé,Principale,1974,6,1974,11,None,0,925.0,298.0,0.3221621621621621
SN2008A22602,Fatick,Foundiougne,Niébé,Principale,1975,6,1975,11,None,0,1900.0,760.0,0.4
SN2008A22602,Fatick,Foundiougne,Niébé,Principale,1976,6,1976,11,None,0,2100.0,840.0,0.4
SN2008A22602,Fatick,Foundiougne,Niébé,Principale,1977,6,1977,11,None,0,1200.0,460.0,0.3833333333333333
SN2008A22602,Fatick,Foundiougne,Niébé,Principale,1978,6,1978,11,None,0,725.0,384.0,0.5296551724137931
SN2008A22602,Fatick,Foundiougne,Niébé,Principale,1979,6,1979,11,None,0,960.0,432.0,0.45
SN2008A22602,Fatick,Foundiougne,Niébé,Principale,1980,6,1980,11,None,0,1126.0,225.0,0.1998223801065719
SN2008A22602,Fatick,Foundiougne,Niébé,Principale,1981,6,1981,11,None,0,2699.0,793.0,0.2938125231567247
SN2008A22602,Fatick,Foundiougne,Niébé,Principale,1984,6,1984,11,None,0,3443.0,1291.0,0.3749636944525123
SN2008A22602,Fatick,Foundiougne,Niébé,Principale,1986,6,1986,11,None,0,6400.0,5521.0,0.86265625
SN2008A22602,Fatick,Foundiougne,Niébé,Principale,1987,6,1987,11,None,0,3665.0,2084.0,0.5686221009549796
SN2008A22602,Fatick,Foundiougne,Niébé,Principale,1988,6,1988,11,None,0,3650.0,846.0,0.2317808219178082
SN2008A22602,Fatick,Foundiougne,Niébé,Principale,1989,6,1989,11,None,0,3236.0,1637.0,0.5058714462299134
SN2008A22602,Fatick,Foundiougne,Arachide (en coque),Principale,1960,6,1960,11,None,0,23528.0,22351.0,0.9499744984699082
SN2008A22602,Fatick,Foundiougne,Arachide (en coque),Principale,1961,6,1961,11,None,0,33000.0,30400.0,0.9212121212121211
SN2008A22602,Fatick,Foundiougne,Arachide (en coque),Principale,1962,6,1962,11,None,0,33470.0,28432.0,0.8494771437107858
SN2008A22602,Fatick,Foundiougne,Arachide (en coque),Principale,1963,6,1963,11,None,0,34730.0,30685.0,0.8835300892600058
SN2008A22602,Fatick,Foundiougne,Arachide (en coque),Principale,1964,6,1964,11,None,0,46651.0,44338.0,0.9504190692589656
SN2008A22602,Fatick,Foundiougne,Arachide (en coque),Principale,1965,6,1965,11,None,0,46000.0,46000.0,1.0
SN2008A22602,Fatick,Foundiougne,Arachide (en coque),Principale,1966,6,1966,11,None,0,45280.0,45215.0,0.9985644876325088
SN2008A22602,Fatick,Foundiougne,Arachide (en coque),Principale,1967,6,1967,11,None,0,46780.0,70867.0,1.5148995297135528
SN2008A22602,Fatick,Foundiougne,Arachide (en coque),Principale,1968,6,1968,11,None,0,47000.0,41037.0,0.8731276595744681
SN2008A22602,Fatick,Foundiougne,Arachide (en coque),Principale,1969,6,1969,11,None,0,44000.0,46000.0,1.0454545454545454
SN2008A22602,Fatick,Foundiougne,Arachide (en coque),Principale,1970,6,1970,11,None,0,37000.0,40301.0,1.0892162162162162
SN2008A22602,Fatick,Foundiougne,Arachide (en coque),Principale,1971,6,1971,11,None,0,40029.0,45880.0,1.146169027455095
SN2008A22602,Fatick,Foundiougne,Arachide (en coque),Principale,1972,6,1972,11,None,0,23173.0,27866.0,1.2025201743408276
SN2008A22602,Fatick,Foundiougne,Arachide (en coque),Principale,1973,6,1973,11,None,0,35900.0,38196.0,1.0639554317548747
SN2008A22602,Fatick,Foundiougne,Arachide (en coque),Principale,1974,6,1974,11,None,0,42200.0,45380.0,1.0753554502369669
SN2008A22602,Fatick,Foundiougne,Arachide (en coque),Principale,1975,6,1975,11,None,0,44600.0,45733.0,1.0254035874439462
SN2008A22602,Fatick,Foundiougne,Arachide (en coque),Principale,1976,6,1976,11,None,0,51534.0,49664.0,0.963713276671712
SN2008A22602,Fatick,Foundiougne,Arachide (en coque),Principale,1977,6,1977,11,None,0,47852.0,26193.0,0.5473752403243334
SN2008A22602,Fatick,Foundiougne,Arachide (en coque),Principale,1978,6,1978,11,None,0,36080.0,32472.0,0.9
SN2008A22602,Fatick,Foundiougne,Arachide (en coque),Principale,1979,6,1979,11,None,0,35550.0,24271.0,0.6827285513361463
SN2008A22602,Fatick,Foundiougne,Arachide (en coque),Principale,1980,6,1980,11,None,0,49000.0,29400.0,0.6
SN2008A22602,Fatick,Foundiougne,Arachide (en coque),Principale,1981,6,1981,11,None,0,45554.0,50551.0,1.1096939895508626
SN2008A22602,Fatick,Foundiougne,Arachide (en coque),Principale,1986,6,1986,11,None,0,33290.0,42894.0,1.2884950435566236
SN2008A22602,Fatick,Foundiougne,Arachide (en coque),Principale,1987,6,1987,11,None,0,30341.0,40160.0,1.3236215022576712
SN2008A22602,Fatick,Foundiougne,Arachide (en coque),Principale,1988,6,1988,11,None,0,34357.0,37174.0,1.0819920249148645
SN2008A22602,Fatick,Foundiougne,Arachide (en coque),Principale,1989,6,1989,11,None,0,30930.0,35646.0,1.1524733268671192
SN2008A22602,Fatick,Foundiougne,Maïs,Principale,1960,6,1960,11,None,0,250.0,200.0,0.8
SN2008A22602,Fatick,Foundiougne,Maïs,Principale,1962,6,1962,11,None,0,5.0,5.0,1.0
SN2008A22602,Fatick,Foundiougne,Maïs,Principale,1963,6,1963,11,None,0,70.0,70.0,1.0
SN2008A22602,Fatick,Foundiougne,Maïs,Principale,1964,6,1964,11,None,0,85.0,85.0,1.0
SN2008A22602,Fatick,Foundiougne,Maïs,Principale,1965,6,1965,11,None,0,90.0,72.0,0.8
SN2008A22602,Fatick,Foundiougne,Maïs,Principale,1966,6,1966,11,None,0,54.0,27.0,0.5
SN2008A22602,Fatick,Foundiougne,Maïs,Principale,1967,6,1967,11,None,0,57.0,46.0,0.8070175438596491
SN2008A22602,Fatick,Foundiougne,Maïs,Principale,1968,6,1968,11,None,0,55.0,38.0,0.6909090909090909
SN2008A22602,Fatick,Foundiougne,Maïs,Principale,1969,6,1969,11,None,0,48.0,38.0,0.7916666666666666
SN2008A22602,Fatick,Foundiougne,Maïs,Principale,1970,6,1970,11,None,0,32.0,24.0,0.75
SN2008A22602,Fatick,Foundiougne,Maïs,Principale,1971,6,1971,11,None,0,45.0,35.0,0.7777777777777778
SN2008A22602,Fatick,Foundiougne,Maïs,Principale,1972,6,1972,11,None,0,97.0,32.0,0.3298969072164948
SN2008A22602,Fatick,Foundiougne,Maïs,Principale,1974,6,1974,11,None,0,200.0,555.0,2.775
SN2008A22602,Fatick,Foundiougne,Maïs,Principale,1975,6,1975,11,None,0,370.0,740.0,2.0
SN2008A22602,Fatick,Foundiougne,Maïs,Principale,1976,6,1976,11,None,0,1551.0,2028.0,1.3075435203094778
SN2008A22602,Fatick,Foundiougne,Maïs,Principale,1977,6,1977,11,None,0,1590.0,1469.0,0.9238993710691824
SN2008A22602,Fatick,Foundiougne,Maïs,Principale,1978,6,1978,11,None,0,1650.0,2280.0,1.3818181818181818
SN2008A22602,Fatick,Foundiougne,Maïs,Principale,1979,6,1979,11,None,0,1510.0,292.0,0.1933774834437086
SN2008A22602,Fatick,Foundiougne,Maïs,Principale,1980,6,1980,11,None,0,2770.0,2770.0,1.0
SN2008A22602,Fatick,Foundiougne,Maïs,Principale,1981,6,1981,11,None,0,2034.0,4068.0,2.0
SN2008A22602,Fatick,Foundiougne,Maïs,Principale,1986,6,1986,11,None,0,4300.0,5581.0,1.297906976744186
SN2008A22602,Fatick,Foundiougne,Maïs,Principale,1987,6,1987,11,None,0,2445.0,3875.0,1.5848670756646217
SN2008A22602,Fatick,Foundiougne,Maïs,Principale,1988,6,1988,11,None,0,2362.0,2939.0,1.2442845046570703
SN2008A22602,Fatick,Foundiougne,Maïs,Principale,1989,6,1989,11,None,0,2306.0,3684.0,1.5975715524718126
SN2008A22602,Fatick,Foundiougne,Mil,Principale,1960,6,1960,11,None,0,15100.0,6860.0,0.4543046357615894
SN2008A22602,Fatick,Foundiougne,Mil,Principale,1961,6,1961,11,None,0,19000.0,8900.0,0.4684210526315789
SN2008A22602,Fatick,Foundiougne,Mil,Principale,1962,6,1962,11,None,0,18715.0,9076.0,0.484958589366818
SN2008A22602,Fatick,Foundiougne,Mil,Principale,1963,6,1963,11,None,0,19000.0,11440.0,0.6021052631578947
SN2008A22602,Fatick,Foundiougne,Mil,Principale,1964,6,1964,11,None,0,20020.0,12012.0,0.6
SN2008A22602,Fatick,Foundiougne,Mil,Principale,1965,6,1965,11,None,0,21500.0,12900.0,0.6
SN2008A22602,Fatick,Foundiougne,Mil,Principale,1966,6,1966,11,None,0,22520.0,11258.0,0.499911190053286
SN2008A22602,Fatick,Foundiougne,Mil,Principale,1967,6,1967,11,None,0,24540.0,14720.0,0.5998370008149959
SN2008A22602,Fatick,Foundiougne,Mil,Principale,1968,6,1968,11,None,0,25340.0,15166.0,0.5985003946329913
SN2008A22602,Fatick,Foundiougne,Mil,Principale,1969,6,1969,11,None,0,26140.0,17180.0,0.6572302983932671
SN2008A22602,Fatick,Foundiougne,Mil,Principale,1970,6,1970,11,None,0,25340.0,12160.0,0.4798737174427782
SN2008A22602,Fatick,Foundiougne,Mil,Principale,1971,6,1971,11,None,0,28700.0,18655.0,0.65
SN2008A22602,Fatick,Foundiougne,Mil,Principale,1972,6,1972,11,None,0,28700.0,16789.0,0.5849825783972126
SN2008A22602,Fatick,Foundiougne,Mil,Principale,1973,6,1973,11,None,0,29150.0,17047.0,0.5848027444253859
SN2008A22602,Fatick,Foundiougne,Mil,Principale,1974,6,1974,11,None,0,62160.0,63671.0,1.0243082368082368
SN2008A22602,Fatick,Foundiougne,Mil,Principale,1975,6,1975,11,None,0,22530.0,17162.0,0.761739902352419
SN2008A22602,Fatick,Foundiougne,Mil,Principale,1976,6,1976,11,None,0,28040.0,24751.0,0.8827032810271042
SN2008A22602,Fatick,Foundiougne,Mil,Principale,1977,6,1977,11,None,0,28931.0,15085.0,0.5214130171788047
SN2008A22602,Fatick,Foundiougne,Mil,Principale,1978,6,1978,11,None,0,29259.0,20497.0,0.7005365870330497
SN2008A22602,Fatick,Foundiougne,Mil,Principale,1979,6,1979,11,None,0,36340.0,21260.0,0.5850302696752889
SN2008A22602,Fatick,Foundiougne,Mil,Principale,1980,6,1980,11,None,0,38625.0,24603.0,0.6369708737864078
SN2008A22602,Fatick,Foundiougne,Mil,Principale,1981,6,1981,11,None,0,44529.0,38131.0,0.8563183543308855
SN2008A22602,Fatick,Foundiougne,Mil,Principale,1986,6,1986,11,None,0,36890.0,29825.0,0.8084846841962592
SN2008A22602,Fatick,Foundiougne,Mil,Principale,1987,6,1987,11,None,0,41159.0,33641.0,0.817342501032581
SN2008A22602,Fatick,Foundiougne,Mil,Principale,1988,6,1988,11,None,0,38892.0,17104.0,0.4397819603003188
SN2008A22602,Fatick,Foundiougne,Mil,Principale,1989,6,1989,11,None,0,40099.0,33268.0,0.8296466246041049
SN2008A22602,Fatick,Foundiougne,Riz,Principale,1960,6,1960,11,None,0,1600.0,230.0,0.14375
SN2008A22602,Fatick,Foundiougne,Riz,Principale,1961,6,1961,11,None,0,600.0,206.0,0.3433333333333333
SN2008A22602,Fatick,Foundiougne,Riz,Principale,1962,6,1962,11,None,0,960.0,468.0,0.4875
SN2008A22602,Fatick,Foundiougne,Riz,Principale,1963,6,1963,11,None,0,1230.0,875.0,0.7113821138211383
SN2008A22602,Fatick,Foundiougne,Riz,Principale,1964,6,1964,11,None,0,1450.0,1235.0,0.8517241379310345
SN2008A22602,Fatick,Foundiougne,Riz,Principale,1965,6,1965,11,None,0,1200.0,1080.0,0.9
SN2008A22602,Fatick,Foundiougne,Riz,Principale,1966,6,1966,11,None,0,1300.0,1040.0,0.8
SN2008A22602,Fatick,Foundiougne,Riz,Principale,1967,6,1967,11,None,0,1080.0,957.0,0.8861111111111111
SN2008A22602,Fatick,Foundiougne,Riz,Principale,1968,6,1968,11,None,0,1200.0,,
SN2008A22602,Fatick,Foundiougne,Riz,Principale,1969,6,1969,11,None,0,572.0,528.0,0.9230769230769232
SN2008A22602,Fatick,Foundiougne,Riz,Principale,1970,6,1970,11,None,0,310.0,184.0,0.5935483870967742
SN2008A22602,Fatick,Foundiougne,Riz,Principale,1971,6,1971,11,None,0,683.0,723.0,1.0585651537335286
SN2008A22602,Fatick,Foundiougne,Riz,Principale,1972,6,1972,11,None,0,801.0,152.0,0.1897627965043695
SN2008A22602,Fatick,Foundiougne,Riz,Principale,1973,6,1973,11,None,0,240.0,180.0,0.75
SN2008A22602,Fatick,Foundiougne,Riz,Principale,1974,6,1974,11,None,0,187.0,185.6,0.9925133689839571
SN2008A22602,Fatick,Foundiougne,Riz,Principale,1977,6,1977,11,None,0,242.0,158.0,0.6528925619834711
SN2008A22602,Fatick,Foundiougne,Riz,Principale,1978,6,1978,11,None,0,376.0,525.0,1.3962765957446808
SN2008A22602,Fatick,Foundiougne,Riz,Principale,1979,6,1979,11,None,0,539.0,261.0,0.4842300556586271
SN2008A22602,Fatick,Foundiougne,Riz,Principale,1980,6,1980,11,None,0,975.0,485.0,0.4974358974358974
SN2008A22602,Fatick,Foundiougne,Riz,Principale,1986,6,1986,11,None,0,100.0,300.0,3.0
SN2008A22602,Fatick,Foundiougne,Riz,Principale,1987,6,1987,11,None,0,197.0,591.0,3.0
SN2008A22602,Fatick,Foundiougne,Riz,Principale,1988,6,1988,11,None,0,192.0,531.0,2.765625
SN2008A22602,Fatick,Foundiougne,Riz,Principale,1989,6,1989,11,None,0,96.0,288.0,3.0
SN2008A22602,Fatick,Foundiougne,Sorgho,Principale,1986,6,1986,11,None,0,3180.0,3180.0,1.0
SN2008A22602,Fatick,Foundiougne,Sorgho,Principale,1987,6,1987,11,None,0,651.0,507.0,0.7788018433179723
SN2008A22602,Fatick,Foundiougne,Sorgho,Principale,1988,6,1988,11,None,0,238.0,162.0,0.680672268907563
SN2008A22602,Fatick,Foundiougne,Sorgho,Principale,1989,6,1989,11,None,0,601.0,519.0,0.8635607321131448
SN2008A22603,Fatick,Gossas,Arachide (en coque),Principale,1960,6,1960,11,None,0,57332.33227833733,54465.18783959743,0.9499907935923404
SN2008A22603,Fatick,Gossas,Arachide (en coque),Principale,1961,6,1961,11,None,0,57708.84731877077,51586.079371535336,0.8939024390243903
SN2008A22603,Fatick,Gossas,Arachide (en coque),Principale,1962,6,1962,11,None,0,58771.534629153015,48307.93533725687,0.8219614417435038
SN2008A22603,Fatick,Gossas,Arachide (en coque),Principale,1963,6,1963,11,None,0,58764.49696484585,46202.26617655245,0.7862275449101797
SN2008A22603,Fatick,Gossas,Arachide (en coque),Principale,1964,6,1964,11,None,0,58630.07757657895,53605.88902769231,0.9143069776374702
SN2008A22603,Fatick,Gossas,Arachide (en coque),Principale,1965,6,1965,11,None,0,58412.61374948749,58412.61374948749,1.0
SN2008A22603,Fatick,Gossas,Arachide (en coque),Principale,1966,6,1966,11,None,0,64267.95045305057,51932.33245544796,0.808059570740254
SN2008A22603,Fatick,Gossas,Arachide (en coque),Principale,1967,6,1967,11,None,0,64711.3233044021,45152.24666192311,0.6977487765089723
SN2008A22603,Fatick,Gossas,Arachide (en coque),Principale,1968,6,1968,11,None,0,63092.66051375365,38677.59549932932,0.6130284439486894
SN2008A22603,Fatick,Gossas,Arachide (en coque),Principale,1969,6,1969,11,None,0,41451.84276921461,34132.671889760764,0.8234295415959254
SN2008A22603,Fatick,Gossas,Arachide (en coque),Principale,1970,6,1970,11,None,0,45730.742667972256,24507.258416848228,0.5359033548784241
SN2008A22603,Fatick,Gossas,Arachide (en coque),Principale,1971,6,1971,11,None,0,58138.848607938686,49001.14527151284,0.8428296473835204
SN2008A22603,Fatick,Gossas,Arachide (en coque),Principale,1972,6,1972,11,None,0,58254.26630257623,44998.82558002687,0.7724554515252189
SN2008A22603,Fatick,Gossas,Arachide (en coque),Principale,1973,6,1973,11,None,0,54260.39180825886,19387.357633384112,0.3573022049286641
SN2008A22603,Fatick,Gossas,Arachide (en coque),Principale,1974,6,1974,11,None,0,52360.22244532373,41712.2363485798,0.7966397849462364
SN2008A22603,Fatick,Gossas,Arachide (en coque),Principale,1975,6,1975,11,None,0,59840.55583741171,67299.77623657818,1.1246515894577145
SN2008A22603,Fatick,Gossas,Arachide (en coque),Principale,1976,6,1976,11,None,0,77455.1258318204,64341.14216184511,0.8306892729288194
SN2008A22603,Fatick,Gossas,Arachide (en coque),Principale,1977,6,1977,11,None,0,68497.58670165805,25250.43576768508,0.3686324874139525
SN2008A22603,Fatick,Gossas,Arachide (en coque),Principale,1978,6,1978,11,None,0,62379.041353006905,43665.18819381869,0.6999977435804865
SN2008A22603,Fatick,Gossas,Arachide (en coque),Principale,1979,6,1979,11,None,0,47637.94969521456,32526.676894865213,0.6827891859949771
SN2008A22603,Fatick,Gossas,Arachide (en coque),Principale,1980,6,1980,11,None,0,54703.7646596104,23358.007835487828,0.4269908658175736
SN2008A22603,Fatick,Gossas,Arachide (en coque),Principale,1981,6,1981,11,None,0,46098.8125112371,33471.83521131777,0.7260888814252783
SN2008A22603,Fatick,Gossas,Arachide (en coque),Principale,1986,6,1986,11,None,0,26391.24115187688,22951.230838533567,0.8696533333333334
SN2008A22603,Fatick,Gossas,Arachide (en coque),Principale,1987,6,1987,11,None,0,25408.079448165623,29967.07838634852,1.1794310722100658
SN2008A22603,Fatick,Gossas,Arachide (en coque),Principale,1988,6,1988,11,None,0,25864.823861700777,13581.988346401917,0.5251142794949935
SN2008A22603,Fatick,Gossas,Arachide (en coque),Principale,1989,6,1989,11,None,0,23366.45303265643,16983.995272486525,0.7268538039877115
SN2008A22603,Fatick,Gossas,Maïs,Principale,1965,6,1965,11,None,0,36.65263052780914,29.32210442224732,0.8000000000000002
SN2008A22603,Fatick,Gossas,Maïs,Principale,1966,6,1966,11,None,0,24.740525606271177,10.079473395147517,0.4074074074074074
SN2008A22603,Fatick,Gossas,Maïs,Principale,1967,6,1967,11,None,0,24.740525606271177,13.74473644792843,0.5555555555555555
SN2008A22603,Fatick,Gossas,Maïs,Principale,1976,6,1976,11,None,0,91.63157631952286,48.56473544934712,0.53
SN2008A22603,Fatick,Gossas,Maïs,Principale,1977,6,1977,11,None,0,76.05420834520397,22.90789407988072,0.3012048192771084
SN2008A22603,Fatick,Gossas,Maïs,Principale,1978,6,1978,11,None,0,68.72368223964214,48.56473544934712,0.7066666666666667
SN2008A22603,Fatick,Gossas,Maïs,Principale,1980,6,1980,11,None,0,954.8010252494282,,
SN2008A22603,Fatick,Gossas,Maïs,Principale,1986,6,1986,11,None,0,274.8947289585686,219.91578316685488,0.8
SN2008A22603,Fatick,Gossas,Maïs,Principale,1987,6,1987,11,None,0,496.64314365181394,397.6810412267292,0.8007380073800736
SN2008A22603,Fatick,Gossas,Maïs,Principale,1988,6,1988,11,None,0,333.5389378030632,210.7526255349026,0.6318681318681318
SN2008A22603,Fatick,Gossas,Maïs,Principale,1989,6,1989,11,None,0,334.4552535662585,267.56420285300675,0.7999999999999999
SN2008A22603,Fatick,Gossas,Mil,Principale,1960,6,1960,11,None,1,25221.54950044496,27729.16753435087,1.0994236311239194
SN2008A22603,Fatick,Gossas,Mil,Principale,1961,6,1961,11,None,0,29073.83227716998,11629.532910867993,0.4
SN2008A22603,Fatick,Gossas,Mil,Principale,1962,6,1962,11,None,0,28128.932728161955,11542.31141403648,0.4103359173126614
SN2008A22603,Fatick,Gossas,Mil,Principale,1963,6,1963,11,None,0,33798.3300222101,16899.16501110505,0.5
SN2008A22603,Fatick,Gossas,Mil,Principale,1964,6,1964,11,None,0,34161.75292567473,17080.876462837365,0.5
SN2008A22603,Fatick,Gossas,Mil,Principale,1965,6,1965,11,None,0,35252.0216360686,17626.0108180343,0.5
SN2008A22603,Fatick,Gossas,Mil,Principale,1966,6,1966,11,None,0,27474.771501925632,11607.727536660115,0.4224867724867725
SN2008A22603,Fatick,Gossas,Mil,Principale,1967,6,1967,11,None,0,39667.60991316379,15140.198158336269,0.3816765918460834
SN2008A22603,Fatick,Gossas,Mil,Principale,1968,6,1968,11,None,0,38304.77402517145,13940.175731096077,0.3639278937381404
SN2008A22603,Fatick,Gossas,Mil,Principale,1969,6,1969,11,None,0,42251.54675679728,20384.3906553308,0.4824531223120591
SN2008A22603,Fatick,Gossas,Mil,Principale,1970,6,1970,11,None,0,39467.72731625825,14529.647680515698,0.3681399631675874
SN2008A22603,Fatick,Gossas,Mil,Principale,1971,6,1971,11,None,0,42593.16428605402,19624.83678708973,0.4607508532423207
SN2008A22603,Fatick,Gossas,Mil,Principale,1972,6,1972,11,None,0,41866.31847912477,18406.643214676315,0.4396527777777778
SN2008A22603,Fatick,Gossas,Mil,Principale,1973,6,1973,11,None,0,46983.31295990669,17593.302756722485,0.3744585396039604
SN2008A22603,Fatick,Gossas,Mil,Principale,1974,6,1974,11,None,0,89601.1900033963,67200.52907964376,0.7499959439946785
SN2008A22603,Fatick,Gossas,Mil,Principale,1975,6,1975,11,None,0,29400.912890288146,14700.456445144073,0.5
SN2008A22603,Fatick,Gossas,Mil,Principale,1976,6,1976,11,None,0,36579.24207952141,20563.921569642327,0.5621746214680284
SN2008A22603,Fatick,Gossas,Mil,Principale,1977,6,1977,11,None,0,49852.17335985643,34525.90267494628,0.6925656465510958
SN2008A22603,Fatick,Gossas,Mil,Principale,1978,6,1978,11,None,0,63881.02427939787,47842.44470369706,0.7489304569452031
SN2008A22603,Fatick,Gossas,Mil,Principale,1979,6,1979,11,None,0,32439.128363252406,18977.944018922703,0.5850324893569347
SN2008A22603,Fatick,Gossas,Mil,Principale,1980,6,1980,11,None,0,48830.22815531391,20577.004794167053,0.4213989074291838
SN2008A22603,Fatick,Gossas,Mil,Principale,1981,6,1981,11,None,0,56757.20852568431,39720.66965706963,0.6998347996465482
SN2008A22603,Fatick,Gossas,Mil,Principale,1986,6,1986,11,None,0,32708.061311816225,18349.222395928904,0.561
SN2008A22603,Fatick,Gossas,Mil,Principale,1987,6,1987,11,None,0,31292.16567991805,25571.889179384856,0.8171978073027967
SN2008A22603,Fatick,Gossas,Mil,Principale,1988,6,1988,11,None,0,30012.19021391564,12620.22374571256,0.4205032573684338
SN2008A22603,Fatick,Gossas,Mil,Principale,1989,6,1989,11,None,0,34155.211313412365,18126.080733201623,0.5306973675810261
SN2008A22603,Fatick,Gossas,Sorgho,Principale,1986,6,1986,11,None,0,516.0299116214934,464.4269204593441,0.9000000000000001
SN2008A22603,Fatick,Gossas,Sorgho,Principale,1987,6,1987,11,None,0,1930.811919317088,1351.13831859561,0.6997772828507792
SN2008A22603,Fatick,Gossas,Sorgho,Principale,1988,6,1988,11,None,0,991.6374801659698,313.058146383706,0.3156981786643538
SN2008A22603,Fatick,Gossas,Sorgho,Principale,1989,6,1989,11,None,0,2031.437752083279,1091.4032630794586,0.5372565622353938
